Timestamp,Src Port,Dst Port,Protocol,Flow Duration,Tot Fwd Pkts,Tot Bwd Pkts,TotLen Fwd Pkts,TotLen Bwd Pkts,Fwd Pkt Len Mean,Bwd Pkt Len Mean,Flow Byts/s,Flow Pkts/s,SYN Flag Cnt,ACK Flag Cnt,RST Flag Cnt,Label,Original_Label,Attack,Attack_Stage
2026-08-31 10:00:00.000,10459,53,6,423857.89825193625,5,9,6810,3663,1362.0,407.0,0.024708752728085,3.30299377631233e-05,1,0,0,BENIGN,BENIGN,0,0
2026-08-31 10:00:00.500,38790,80,1,102184.45033475796,8,10,11136,7480,1392.0,748.0,0.1821803604872548,0.0001761520460233,1,1,0,BENIGN,BENIGN,0,0
2026-08-31 10:00:01.000,1186,445,6,30718.12101437328,11,11,5665,13772,515.0,1252.0,0.632753545849296,0.0007161896387654,0,1,0,BENIGN,BENIGN,0,0
2026-08-31 10:00:01.500,35766,80,6,463624.42632842105,10,7,6230,2009,623.0,287.0,0.0177708497049419,3.666761075179181e-05,0,1,0,BENIGN,BENIGN,0,0
2026-08-31 10:00:02.000,20699,8080,6,721310.1899608106,11,13,1716,2457,156.0,189.0,0.0057853057644574,3.3272786567691794e-05,0,1,0,BENIGN,BENIGN,0,0
2026-08-31 10:00:02.500,9485,80,6,370540.2953920459,13,16,3939,12048,303.0,753.0,0.0431451051299392,7.826409262327122e-05,0,0,0,BENIGN,BENIGN,0,0
2026-08-31 10:00:03.000,18039,53,6,128591.063938457,8,9,480,11484,60.0,1276.0,0.0930391244355479,0.0001322020323808,1,1,0,BENIGN,BENIGN,0,0
2026-08-31 10:00:03.500,51081,445,17,549089.1564641547,12,7,6192,1792,516.0,256.0,0.0145404437619335,3.460275945349928e-05,0,1,0,BENIGN,BENIGN,0,0
2026-08-31 10:00:04.000,33615,8080,6,41748.26788535746,11,12,6468,12828,588.0,1069.0,0.4621988162087504,0.0005509210599503,1,0,0,BENIGN,BENIGN,0,0
2026-08-31 10:00:04.500,29071,445,6,291549.170465902,11,10,13596,7090,1236.0,709.0,0.0709520111692782,7.202901646305921e-05,0,0,0,BENIGN,BENIGN,0,0
2026-08-31 10:00:05.000,61621,22,6,89184.74329972349,9,11,8883,9900,987.0,900.0,0.210607771048573,0.0002242536027775,0,0,0,BENIGN,BENIGN,0,0
2026-08-31 10:00:05.500,35806,80,1,101951.82244455602,6,6,6360,8748,1060.0,1458.0,0.1481876403605657,0.0001177026531855,0,1,0,BENIGN,BENIGN,0,0
2026-08-31 10:00:06.000,10857,445,17,113007.55336683302,13,5,14625,1715,1125.0,343.0,0.1445921047906675,0.0001592813883862,0,0,0,BENIGN,BENIGN,0,0
2026-08-31 10:00:06.500,8920,443,6,244456.286545864,11,6,2695,8844,245.0,1474.0,0.0472027132644963,6.954208557903091e-05,0,1,0,BENIGN,BENIGN,0,0
2026-08-31 10:00:07.000,33996,80,6,26252.38534351172,10,9,6700,3978,670.0,442.0,0.4067439913063606,0.0007237437567728,0,0,0,BENIGN,BENIGN,0,0
2026-08-31 10:00:07.500,50757,22,6,253577.38557287963,9,13,1962,11687,218.0,899.0,0.0538257777546923,8.675852521087487e-05,1,0,0,BENIGN,BENIGN,0,0
2026-08-31 10:00:08.000,55851,445,6,358420.27956804336,4,7,3708,2933,927.0,419.0,0.0185285274812525,3.069022772079176e-05,1,1,0,BENIGN,BENIGN,0,0
2026-08-31 10:00:08.500,42824,8080,6,330140.8915541284,15,17,5715,8347,381.0,491.0,0.0425939359810219,9.692831399464537e-05,1,0,0,BENIGN,BENIGN,0,0
2026-08-31 10:00:09.000,31532,22,6,241268.19898719317,8,6,3832,7752,479.0,1292.0,0.0480129583929739,5.802671076498927e-05,1,1,0,BENIGN,BENIGN,0,0
2026-08-31 10:00:09.500,6371,443,6,913630.968994574,10,8,11380,5864,1138.0,733.0,0.0188741412944745,1.9701608866883632e-05,1,0,0,BENIGN,BENIGN,0,0
2026-08-31 10:00:10.000,60087,445,6,78517.98973052822,14,11,4606,2024,329.0,184.0,0.0844392478960503,0.0003183983706487,1,0,0,BENIGN,BENIGN,0,0
2026-08-31 10:00:10.500,31338,53,6,352303.0355778842,5,8,2980,712,596.0,89.0,0.0104796144996003,3.690005105493072e-05,1,1,0,BENIGN,BENIGN,0,0
2026-08-31 10:00:11.000,3667,80,6,32024.742744328523,10,11,12070,16357,1207.0,1487.0,0.8876574034668164,0.0006557429722729,0,1,0,BENIGN,BENIGN,0,0
2026-08-31 10:00:11.500,41809,8080,6,36907.06552196081,9,7,6192,8141,688.0,1163.0,0.388353823134161,0.0004335213263201,1,0,0,BENIGN,BENIGN,0,0
2026-08-31 10:00:12.000,19705,53,6,426500.5377121245,15,9,3705,3438,247.0,382.0,0.0167479273019201,5.627191029624582e-05,0,1,0,BENIGN,BENIGN,0,0
2026-08-31 10:00:12.500,51050,445,6,417376.599720744,14,11,4354,10131,311.0,921.0,0.0347048684793169,5.989794352660854e-05,1,0,0,BENIGN,BENIGN,0,0
2026-08-31 10:00:13.000,39352,445,6,1052004.483715477,11,6,4994,5574,454.0,929.0,0.0100455845611754,1.6159626943601688e-05,1,1,0,BENIGN,BENIGN,0,0
2026-08-31 10:00:13.500,16916,22,6,408079.8180319574,7,7,10220,7532,1460.0,1076.0,0.043501293656661,3.430701392481156e-05,0,0,0,BENIGN,BENIGN,0,0
2026-08-31 10:00:14.000,48323,445,6,1606832.467643761,9,11,3807,8811,423.0,801.0,0.0078527166048768,1.2446848319665385e-05,0,1,0,BENIGN,BENIGN,0,0
2026-08-31 10:00:14.500,18097,8080,6,24960.19672895963,13,4,17212,3548,1324.0,887.0,0.8317242134392449,0.000681084375167,0,0,0,BENIGN,BENIGN,0,0
2026-08-31 10:00:15.000,37792,53,6,51574.6393341898,12,2,11160,1926,930.0,963.0,0.2537293554816534,0.0002714512438287,0,0,0,BENIGN,BENIGN,0,0
2026-08-31 10:00:15.500,31706,8080,6,22533.13058000253,20,6,24600,7410,1230.0,1235.0,1.42057491177911,0.0011538565356531,0,0,0,BENIGN,BENIGN,0,0
2026-08-31 10:00:16.000,33286,443,6,102453.45855551024,5,15,5405,21330,1081.0,1422.0,0.2609477549545606,0.0001952105890813,1,0,0,BENIGN,BENIGN,0,0
2026-08-31 10:00:16.500,61509,443,17,389646.8595696304,10,9,6990,10521,699.0,1169.0,0.0449406932700335,4.876210222892109e-05,0,1,0,BENIGN,BENIGN,0,0
2026-08-31 10:00:17.000,32382,80,1,518625.2842440849,16,8,4576,1824,286.0,228.0,0.0123403162057646,4.627618577161757e-05,0,1,0,BENIGN,BENIGN,0,0
2026-08-31 10:00:17.500,59790,80,17,23328.428566982187,12,8,16308,8904,1359.0,1113.0,1.0807414617235,0.0008573230697473,0,1,0,BENIGN,BENIGN,0,0
2026-08-31 10:00:18.000,15313,443,6,1459116.1503671445,9,12,4077,15744,453.0,1312.0,0.0135842509829507,1.4392274387869697e-05,1,0,0,BENIGN,BENIGN,0,0
2026-08-31 10:00:18.500,50847,445,6,923103.7408879373,18,9,24894,4041,1383.0,449.0,0.0313453393351584,2.9249150234984532e-05,0,0,0,BENIGN,BENIGN,0,0
2026-08-31 10:00:19.000,8951,8080,6,175923.65228022987,14,3,10556,4362,754.0,1454.0,0.0847981485479226,9.66328278130235e-05,0,0,0,BENIGN,BENIGN,0,0
2026-08-31 10:00:19.500,49354,443,6,40164.619899309466,11,15,2420,21630,220.0,1442.0,0.5987856988141352,0.0006473358906098,0,1,0,BENIGN,BENIGN,0,0
2026-08-31 10:00:20.000,2195,80,6,93096.76554186964,12,10,16308,2660,1359.0,266.0,0.2037449946575407,0.0002363132582489,1,1,0,BENIGN,BENIGN,0,0
2026-08-31 10:00:20.500,55767,443,6,67878.02624741863,11,6,10813,1512,983.0,252.0,0.1815756980507805,0.0002504492386907,0,1,0,BENIGN,BENIGN,0,0
2026-08-31 10:00:21.000,12942,445,6,65785.95928071695,11,12,10252,12528,932.0,1044.0,0.3462744975615865,0.0003496186762035,1,1,0,BENIGN,BENIGN,0,0
2026-08-31 10:00:21.500,42927,443,17,365488.5868187864,12,8,1200,11272,100.0,1409.0,0.0341241845832043,5.472127098012237e-05,1,0,0,BENIGN,BENIGN,0,0
2026-08-31 10:00:22.000,40134,8080,6,141080.3002648547,12,7,15264,3206,1272.0,458.0,0.1309183490821643,0.0001346750748544,0,0,0,BENIGN,BENIGN,0,0
2026-08-31 10:00:22.500,51625,53,6,221692.31298440145,8,10,1640,11470,205.0,1147.0,0.0591360152407768,8.119361360289731e-05,1,0,0,BENIGN,BENIGN,0,0
2026-08-31 10:00:23.000,12953,445,6,2278444.0461143088,18,10,18864,9580,1048.0,958.0,0.0124839580978009,1.2289088269527054e-05,1,0,0,BENIGN,BENIGN,0,0
2026-08-31 10:00:23.500,3563,80,6,576504.0094108895,10,8,13630,10080,1363.0,1260.0,0.0411272074652476,3.122267964464182e-05,1,1,0,BENIGN,BENIGN,0,0
2026-08-31 10:00:24.000,37751,8080,6,1487775.3202898805,12,6,8328,4896,694.0,816.0,0.0088884388788856,1.209860101481712e-05,1,0,0,BENIGN,BENIGN,0,0
2026-08-31 10:00:24.500,46975,443,6,76900.02775422554,10,7,3900,1820,390.0,260.0,0.0743822878391857,0.0002210662400814,1,1,0,BENIGN,BENIGN,0,0
2026-08-31 10:00:25.000,23693,443,1,240746.26721351445,20,8,22480,1720,1124.0,215.0,0.1005207693522913,0.000116305022391,1,1,0,BENIGN,BENIGN,0,0
2026-08-31 10:00:25.500,6456,53,6,404539.2445534944,10,14,3020,8722,302.0,623.0,0.0290256140975144,5.932675339297788e-05,0,0,0,BENIGN,BENIGN,0,0
2026-08-31 10:00:26.000,21668,80,17,39931.97868156231,8,8,1304,11080,163.0,1385.0,0.310127381757237,0.0004006813717793,1,1,0,BENIGN,BENIGN,0,0
2026-08-31 10:00:26.500,19769,80,17,2098.1177611591675,8,9,10408,5166,1301.0,574.0,7.422843566782087,0.0081025003618399,1,1,0,BENIGN,BENIGN,0,0
2026-08-31 10:00:27.000,56340,22,6,554989.8272229315,11,3,10681,2292,971.0,764.0,0.0233752032261218,2.522568759467395e-05,0,0,0,BENIGN,BENIGN,0,0
2026-08-31 10:00:27.500,63569,80,17,513359.13830304,6,9,6918,13113,1153.0,1457.0,0.0390194670846306,2.9219310382380272e-05,1,1,0,BENIGN,BENIGN,0,0
2026-08-31 10:00:28.000,29252,53,6,264485.3013599927,11,5,1958,1815,178.0,363.0,0.0142654430339094,6.0494855166326784e-05,0,0,0,BENIGN,BENIGN,0,0
2026-08-31 10:00:28.500,53846,22,6,336323.453271286,8,11,11400,1364,1425.0,124.0,0.0379515608426057,5.6493235350165256e-05,0,1,0,BENIGN,BENIGN,0,0
2026-08-31 10:00:29.000,35545,22,6,268450.49229518644,14,12,20664,12708,1476.0,1059.0,0.1243134244732962,9.685212262692386e-05,1,1,0,BENIGN,BENIGN,0,0
2026-08-31 10:00:29.500,58276,443,6,12148.930740427531,10,8,8990,7408,899.0,926.0,1.349748412996999,0.001481611869371,1,1,0,BENIGN,BENIGN,0,0
2026-08-31 10:00:30.000,32727,443,6,204263.60042939257,11,12,12716,17880,1156.0,1490.0,0.1497868437361565,0.0001125996014489,1,1,0,BENIGN,BENIGN,0,0
2026-08-31 10:00:30.500,27952,80,6,97449.5145523542,17,11,2941,14641,173.0,1331.0,0.1804216273314522,0.0002873282655716,0,1,0,BENIGN,BENIGN,0,0
2026-08-31 10:00:31.000,19346,22,17,51805.57284981379,5,12,6335,1812,1267.0,151.0,0.1572610734765125,0.0003281500244385,1,0,0,BENIGN,BENIGN,0,0
2026-08-31 10:00:31.500,58738,443,6,1570037.3348319917,11,13,9438,8671,858.0,667.0,0.0115341206212924,1.52862606941862e-05,0,1,0,BENIGN,BENIGN,0,0
2026-08-31 10:00:32.000,23384,53,6,457345.662107091,8,8,8808,7904,1101.0,988.0,0.0365412889730685,3.498447962955344e-05,1,1,0,BENIGN,BENIGN,0,0
2026-08-31 10:00:32.500,63316,443,6,652184.4689477539,20,8,21140,6312,1057.0,789.0,0.0420923853704621,4.2932638437015184e-05,1,1,0,BENIGN,BENIGN,0,0
2026-08-31 10:00:33.000,30079,445,6,189433.7969120374,11,9,5456,13149,496.0,1461.0,0.0982137311414235,0.0001055777813936,1,1,0,BENIGN,BENIGN,0,0
2026-08-31 10:00:33.500,43915,445,17,249734.45263356515,12,11,5724,1001,477.0,91.0,0.0269286032776514,9.209782533620572e-05,0,0,0,BENIGN,BENIGN,0,0
2026-08-31 10:00:34.000,17400,443,6,135198.8189223256,7,12,5033,1476,719.0,123.0,0.0481439116953981,0.0001405337720406,0,1,0,BENIGN,BENIGN,0,0
2026-08-31 10:00:34.500,7612,22,1,50997.35481909057,9,11,6174,8261,686.0,751.0,0.2830538965869226,0.0003921772034456,1,1,0,BENIGN,BENIGN,0,0
2026-08-31 10:00:35.000,26024,22,6,98635.35276191765,12,10,7932,7700,661.0,770.0,0.1584827301844513,0.000223043760495,0,1,0,BENIGN,BENIGN,0,0
2026-08-31 10:00:35.500,7328,8080,6,798542.3771649214,10,4,12870,3120,1287.0,780.0,0.0200239842706523,1.753194370163437e-05,1,0,0,BENIGN,BENIGN,0,0
2026-08-31 10:00:36.000,8369,445,6,565897.0922056745,8,8,9848,6944,1231.0,868.0,0.0296732395889396,2.82736918427248e-05,0,1,0,BENIGN,BENIGN,0,0
2026-08-31 10:00:36.500,30324,53,17,395853.07958439074,8,4,9360,1856,1170.0,464.0,0.0283337444576468,3.0314277237139975e-05,0,1,0,BENIGN,BENIGN,0,0
2026-08-31 10:00:37.000,25283,22,6,322264.10872873565,7,11,10101,11924,1443.0,1084.0,0.0683445639857338,5.5854808251678033e-05,1,1,0,BENIGN,BENIGN,0,0
2026-08-31 10:00:37.500,26494,80,6,1278314.8745537638,13,8,819,760,63.0,95.0,0.0012352199222737,1.6427877370328208e-05,1,0,0,BENIGN,BENIGN,0,0
2026-08-31 10:00:38.000,24041,445,6,37757.91477930543,10,7,8480,9478,848.0,1354.0,0.4756088915452087,0.0004502367277129,0,1,0,BENIGN,BENIGN,0,0
2026-08-31 10:00:38.500,16376,53,6,164669.4390801953,12,12,16440,10212,1370.0,851.0,0.1618515259859587,0.000145746533981,0,1,0,BENIGN,BENIGN,0,0
2026-08-31 10:00:39.000,64838,53,6,215343.6553857897,16,8,15584,6768,974.0,846.0,0.103796882053099,0.000111449765984,0,1,0,BENIGN,BENIGN,0,0
2026-08-31 10:00:39.500,34389,22,6,762607.6966689728,10,13,14210,13624,1421.0,1048.0,0.0364984514596592,3.0159674627152465e-05,1,0,0,BENIGN,BENIGN,0,0
2026-08-31 10:00:40.000,20470,53,17,2447401.7579172463,13,5,5317,3470,409.0,694.0,0.0035903381909155,7.354738526969336e-06,1,1,0,BENIGN,BENIGN,0,0
2026-08-31 10:00:40.500,3360,22,6,137659.74568914325,13,9,13468,9414,1036.0,1046.0,0.16622143157237,0.0001598143298047,0,1,0,BENIGN,BENIGN,0,0
2026-08-31 10:00:41.000,63056,443,6,1036957.7557225976,11,9,2310,8523,210.0,947.0,0.0104469058070226,1.9287188788004435e-05,1,1,0,BENIGN,BENIGN,0,0
2026-08-31 10:00:41.500,10903,445,6,887813.4324463295,8,5,2088,7180,261.0,1436.0,0.0104391301834193,1.4642716053566193e-05,0,1,0,BENIGN,BENIGN,0,0
2026-08-31 10:00:42.000,33340,8080,6,127225.13987642768,10,12,4820,564,482.0,47.0,0.0423186801351229,0.0001729217984718,1,0,0,BENIGN,BENIGN,0,0
2026-08-31 10:00:42.500,34364,443,6,254856.93782618825,10,8,12160,1304,1216.0,163.0,0.0528296389115925,7.062785950747661e-05,1,0,0,BENIGN,BENIGN,0,0
2026-08-31 10:00:43.000,8545,445,6,263539.21845581685,13,9,11713,10476,901.0,1164.0,0.0841961971700925,8.347903635774641e-05,0,0,0,BENIGN,BENIGN,0,0
2026-08-31 10:00:43.500,7195,22,6,1913396.9282322004,6,12,2490,12348,415.0,1029.0,0.0077547945128308,9.40735282591691e-06,1,1,0,BENIGN,BENIGN,0,0
2026-08-31 10:00:44.000,24505,445,17,99769.607645218,16,4,5120,3496,320.0,874.0,0.0863589644431099,0.0002004618487537,0,0,0,BENIGN,BENIGN,0,0
2026-08-31 10:00:44.500,19498,22,6,802618.3029095837,11,11,8272,12716,752.0,1156.0,0.0261494161342378,2.7410289448886683e-05,1,1,0,BENIGN,BENIGN,0,0
2026-08-31 10:00:45.000,47784,443,6,203377.5054674476,10,12,12820,17376,1282.0,1448.0,0.1484726638234257,0.000108173221755,0,1,0,BENIGN,BENIGN,0,0
2026-08-31 10:00:45.500,56742,80,6,656281.0147679964,11,4,10967,3220,997.0,805.0,0.0216172640691108,2.285606266558561e-05,1,1,0,BENIGN,BENIGN,0,0
2026-08-31 10:00:46.000,45653,80,6,272373.07427260844,7,11,5950,12573,850.0,1143.0,0.0680059879222163,6.608582749014165e-05,1,0,0,BENIGN,BENIGN,0,0
2026-08-31 10:00:46.500,46256,445,6,431801.4238904101,17,10,14722,13610,866.0,1361.0,0.0656134936843896,6.252874239300153e-05,1,0,0,BENIGN,BENIGN,0,0
2026-08-31 10:00:47.000,22032,80,6,893719.7269513216,8,9,4200,630,525.0,70.0,0.0054043788609457,1.9021623320099016e-05,0,1,0,BENIGN,BENIGN,0,0
2026-08-31 10:00:47.500,2657,22,6,815242.8480167739,8,10,2992,4170,374.0,417.0,0.0087851123347294,2.207931053129441e-05,0,1,0,BENIGN,BENIGN,0,0
2026-08-31 10:00:48.000,63429,53,6,1006539.2812131746,11,8,8591,2952,781.0,369.0,0.0114680074740576,1.8876560860010023e-05,1,0,0,BENIGN,BENIGN,0,0
2026-08-31 10:00:48.500,51693,22,6,30734.192931961086,6,7,2694,9534,449.0,1362.0,0.3978630583562594,0.0004229816616479,1,0,0,BENIGN,BENIGN,0,0
2026-08-31 10:00:49.000,13509,53,6,588909.8213629114,11,11,1023,3531,93.0,321.0,0.0077329326744515,3.735716267850981e-05,0,1,0,BENIGN,BENIGN,0,0
2026-08-31 10:00:49.500,44641,443,6,75404.10580589976,14,13,10360,13975,740.0,1075.0,0.3227277843386176,0.0003580706873697,0,0,0,BENIGN,BENIGN,0,0
2026-08-31 10:00:50.000,4672,8080,6,268771.83660043194,14,9,15932,6102,1138.0,678.0,0.0819803156382672,8.55744422111349e-05,1,1,0,BENIGN,BENIGN,0,0
2026-08-31 10:00:50.500,48969,53,6,397687.8752250783,11,10,4268,9110,388.0,911.0,0.0336394464932884,5.280523070407071e-05,1,0,0,BENIGN,BENIGN,0,0
2026-08-31 10:00:51.000,14164,80,6,257700.9434072769,10,12,10140,8856,1014.0,738.0,0.0737133506307779,8.537027341951541e-05,0,0,0,BENIGN,BENIGN,0,0
2026-08-31 10:00:51.500,61956,22,6,366580.2467038247,13,10,5616,1080,432.0,108.0,0.0182661233386841,6.274206045246957e-05,0,0,0,BENIGN,BENIGN,0,0
2026-08-31 10:00:52.000,18945,443,17,2831268.751802723,12,7,7116,6160,593.0,880.0,0.004689063866332,6.71077233054447e-06,0,1,0,BENIGN,BENIGN,0,0
2026-08-31 10:00:52.500,15381,80,6,72638.51666978774,16,9,19520,558,1220.0,62.0,0.2764098293541677,0.0003441700236006,1,1,0,BENIGN,BENIGN,0,0
2026-08-31 10:00:53.000,47160,443,6,562667.1492511432,6,7,5316,2632,886.0,376.0,0.0141255803016699,2.310424558652612e-05,1,1,0,BENIGN,BENIGN,0,0
2026-08-31 10:00:53.500,4161,8080,6,252091.34051239316,11,10,1320,4660,120.0,466.0,0.0237215605566142,8.330313907841107e-05,0,1,0,BENIGN,BENIGN,0,0
2026-08-31 10:00:54.000,57161,22,6,71363.80217502092,9,8,11439,7072,1271.0,884.0,0.259389206197388,0.000238216006988,0,0,0,BENIGN,BENIGN,0,0
2026-08-31 10:00:54.500,1121,445,6,86425.33183682656,9,8,7785,1984,865.0,248.0,0.1130339888924442,0.0001967015877952,1,1,0,BENIGN,BENIGN,0,0
2026-08-31 10:00:55.000,12431,22,6,1490649.530109417,8,7,9192,1778,1149.0,254.0,0.0073592080353865,1.00627274868549e-05,1,0,0,BENIGN,BENIGN,0,0
2026-08-31 10:00:55.500,31599,8080,6,1058474.088672749,8,10,6264,6740,783.0,674.0,0.0122856101429778,1.7005612317256304e-05,1,1,0,BENIGN,BENIGN,0,0
2026-08-31 10:00:56.000,13746,22,17,1187803.5374513888,7,14,1512,6468,216.0,462.0,0.0067182827364322,1.76796914116638e-05,1,1,0,BENIGN,BENIGN,0,0
2026-08-31 10:00:56.500,13948,445,17,2385776.274317256,12,6,6600,672,550.0,112.0,0.0030480645139496,7.544714143439816e-06,0,1,0,BENIGN,BENIGN,0,0
2026-08-31 10:00:57.000,4774,53,6,116796.09309297986,9,3,1602,2586,178.0,862.0,0.0358573637930458,0.0001027431627307,1,0,0,BENIGN,BENIGN,0,0
2026-08-31 10:00:57.500,28757,443,17,219593.16873494192,9,6,10485,4950,1165.0,825.0,0.0702890717785843,6.830813583924618e-05,1,0,0,BENIGN,BENIGN,0,0
2026-08-31 10:00:58.000,63051,445,17,553149.4222334932,7,7,3584,6839,512.0,977.0,0.0188430098285664,2.530961696248013e-05,1,0,0,BENIGN,BENIGN,0,0
2026-08-31 10:00:58.500,9559,80,6,330632.95600659534,9,10,5229,13370,581.0,1337.0,0.056252710631382,5.746553588882513e-05,0,1,0,BENIGN,BENIGN,0,0
2026-08-31 10:00:59.000,58350,8080,17,270977.1783350867,8,12,1864,15552,233.0,1296.0,0.0642710951024108,7.380695349381121e-05,0,1,0,BENIGN,BENIGN,0,0
2026-08-31 10:00:59.500,25511,53,6,221436.5071763801,7,10,3675,11040,525.0,1104.0,0.0664524571262975,7.677144214387075e-05,0,0,0,BENIGN,BENIGN,0,0
2026-08-31 10:01:00.000,55589,80,17,450430.9749440004,12,6,16524,1968,1377.0,328.0,0.0410540149950577,3.996172776936183e-05,1,0,0,BENIGN,BENIGN,0,0
2026-08-31 10:01:00.500,31675,80,17,428531.6942396236,11,11,9284,6534,844.0,594.0,0.0369120889125784,5.133809306339148e-05,1,0,0,BENIGN,BENIGN,0,0
2026-08-31 10:01:01.000,5690,8080,6,88045.20582092211,12,6,3432,7998,286.0,1333.0,0.129819674928691,0.0002044404329585,1,0,0,BENIGN,BENIGN,0,0
2026-08-31 10:01:01.500,49801,53,6,319083.1923278797,15,15,10035,7170,669.0,478.0,0.0539201073987673,9.401936773978606e-05,1,1,0,BENIGN,BENIGN,0,0
2026-08-31 10:01:02.000,18018,80,6,403126.3347435887,13,6,6201,8262,477.0,1377.0,0.0358770905126813,4.7131626892134855e-05,0,1,0,BENIGN,BENIGN,0,0
2026-08-31 10:01:02.500,2751,80,6,422318.7962065901,10,9,1120,13113,112.0,1457.0,0.0337020282485851,4.498970959903872e-05,1,1,0,BENIGN,BENIGN,0,0
2026-08-31 10:01:03.000,60658,53,17,117929.01497912002,11,7,12452,469,1132.0,67.0,0.109565911333967,0.0001526341927104,0,1,0,BENIGN,BENIGN,0,0
2026-08-31 10:01:03.500,35646,22,17,677924.0778292903,14,14,11102,4326,793.0,309.0,0.0227577106409508,4.130256014691622e-05,1,1,0,BENIGN,BENIGN,0,0
2026-08-31 10:01:04.000,11824,80,6,12761.01432619636,12,9,14580,1017,1215.0,113.0,1.222238263282835,0.0016456372077283,1,0,0,BENIGN,BENIGN,0,0
2026-08-31 10:01:04.500,38847,443,6,219122.1535397453,13,7,11310,4991,870.0,713.0,0.0743922955115505,9.12732906098405e-05,1,0,0,BENIGN,BENIGN,0,0
2026-08-31 10:01:05.000,44063,53,6,757547.3921632272,14,8,1862,2280,133.0,285.0,0.0054676447213653,2.9041087366015635e-05,1,1,0,BENIGN,BENIGN,0,0
2026-08-31 10:01:05.500,64902,80,6,414933.7359383612,12,6,5688,2694,474.0,449.0,0.0202008158744728,4.338042063236842e-05,1,0,0,BENIGN,BENIGN,0,0
2026-08-31 10:01:06.000,19732,8080,6,151338.59130711894,10,12,14940,6444,1494.0,537.0,0.1412990554087516,0.0001453693985686,1,1,0,BENIGN,BENIGN,0,0
2026-08-31 10:01:06.500,13843,445,6,593644.9035572362,11,12,5456,17772,496.0,1481.0,0.0391277678969734,3.874369991520533e-05,0,1,0,BENIGN,BENIGN,0,0
2026-08-31 10:01:07.000,10393,443,17,418960.4160774717,17,10,25381,10510,1493.0,1051.0,0.0856668043610749,6.44452291033692e-05,0,0,0,BENIGN,BENIGN,0,0
2026-08-31 10:01:07.500,64894,445,6,795415.081360898,6,6,1608,1500,268.0,250.0,0.0039073938535881,1.5086462755166772e-05,0,0,0,BENIGN,BENIGN,0,0
2026-08-31 10:01:08.000,10307,445,6,664060.2498692309,15,12,1035,9972,69.0,831.0,0.0165753032228653,4.065896129893386e-05,0,1,0,BENIGN,BENIGN,0,0
2026-08-31 10:01:08.500,31597,80,6,470942.6506615993,6,7,2244,9002,374.0,1286.0,0.0238797653683784,2.760421036714562e-05,0,1,0,BENIGN,BENIGN,0,0
2026-08-31 10:01:09.000,14195,443,6,334888.8681300812,8,11,5592,4389,699.0,399.0,0.029803916909609,5.673523908251396e-05,1,0,0,BENIGN,BENIGN,0,0
2026-08-31 10:01:09.500,31957,443,1,71463.1942376169,14,5,8512,3105,608.0,621.0,0.1625592043891516,0.000265871127089,1,0,0,BENIGN,BENIGN,0,0
2026-08-31 10:01:10.000,6798,22,1,151454.04636634514,14,8,3024,8664,216.0,1083.0,0.077171922967028,0.0001452585819023,1,0,0,Reconnaissance-PortScan,Reconnaissance-PortScan,1,1
2026-08-31 10:01:10.500,7543,445,6,271587.8733141908,12,12,10356,5544,863.0,462.0,0.0585445874493092,8.836918860273088e-05,1,0,0,Reconnaissance-PortScan,Reconnaissance-PortScan,1,1
2026-08-31 10:01:11.000,12007,443,6,457270.2409857454,9,11,5463,1760,607.0,160.0,0.0157959109350114,4.3737812363315565e-05,1,0,0,Reconnaissance-PortScan,Reconnaissance-PortScan,1,1
2026-08-31 10:01:11.500,31956,22,6,360472.85736315534,11,8,4928,1696,448.0,212.0,0.0183758634374597,5.2708545487882665e-05,1,0,0,Reconnaissance-PortScan,Reconnaissance-PortScan,1,1
2026-08-31 10:01:12.000,31822,53,6,169968.28341644225,17,11,13872,803,816.0,73.0,0.0863396376321641,0.0001647366169472,1,0,0,Reconnaissance-PortScan,Reconnaissance-PortScan,1,1
2026-08-31 10:01:12.500,19157,22,6,3242.671116690151,7,9,9100,8613,1300.0,957.0,5.46247192760493,0.004934203739721,1,0,0,Reconnaissance-PortScan,Reconnaissance-PortScan,1,1
2026-08-31 10:01:13.000,61043,8080,6,342826.8851098677,17,4,22797,440,1341.0,110.0,0.0677805650857146,6.125540589576997e-05,1,0,0,Reconnaissance-PortScan,Reconnaissance-PortScan,1,1
2026-08-31 10:01:13.500,15963,80,6,168174.31412409147,7,8,812,4672,116.0,584.0,0.0326090225385275,8.919316886905784e-05,1,0,0,Reconnaissance-PortScan,Reconnaissance-PortScan,1,1
2026-08-31 10:01:14.000,1805,53,6,663274.216899862,13,7,12636,5691,972.0,813.0,0.0276311057067526,3.0153441050638595e-05,1,0,0,Reconnaissance-PortScan,Reconnaissance-PortScan,1,1
2026-08-31 10:01:14.500,50074,53,6,12118.819004625182,9,9,6075,7407,675.0,823.0,1.112484639281246,0.0014852932433661,1,0,0,Reconnaissance-PortScan,Reconnaissance-PortScan,1,1
2026-08-31 10:01:15.000,57724,8080,17,439530.9661438341,9,10,5211,10070,579.0,1007.0,0.0347666061704778,4.322789851705255e-05,1,0,0,Reconnaissance-PortScan,Reconnaissance-PortScan,1,1
2026-08-31 10:01:15.500,28648,22,6,1419144.1185867116,15,11,18315,6314,1221.0,574.0,0.0173548265304822,1.8320901774028078e-05,1,0,0,Reconnaissance-PortScan,Reconnaissance-PortScan,1,1
2026-08-31 10:01:16.000,7847,80,6,95828.05450842118,9,13,11070,689,1230.0,53.0,0.1227093679308656,0.0002295778632944,1,0,0,Reconnaissance-PortScan,Reconnaissance-PortScan,1,1
2026-08-31 10:01:16.500,19513,22,6,318997.6861234839,7,11,8736,15059,1248.0,1369.0,0.0745930175494847,5.642674157977416e-05,1,0,0,Reconnaissance-PortScan,Reconnaissance-PortScan,1,1
2026-08-31 10:01:17.000,54043,443,1,47937.2650094033,21,8,30492,2480,1452.0,310.0,0.6878156270837333,0.0006049573330531,1,0,0,Reconnaissance-PortScan,Reconnaissance-PortScan,1,1
2026-08-31 10:01:17.500,40985,22,6,491324.67053223815,15,8,765,8928,51.0,1116.0,0.0197282989867017,4.681222291283812e-05,1,0,0,Reconnaissance-PortScan,Reconnaissance-PortScan,1,1
2026-08-31 10:01:18.000,55152,53,6,399844.9535949602,12,14,2496,7028,208.0,502.0,0.0238192327154128,6.502520480898089e-05,1,0,0,Reconnaissance-PortScan,Reconnaissance-PortScan,1,1
2026-08-31 10:01:18.500,30142,80,6,261588.73418563345,10,9,8700,5058,870.0,562.0,0.0525940080802977,7.263309736339997e-05,1,0,0,Reconnaissance-PortScan,Reconnaissance-PortScan,1,1
2026-08-31 10:01:19.000,35905,22,6,368421.04634789954,13,14,19357,11326,1489.0,809.0,0.0832824299896082,7.328571553366437e-05,1,0,0,Reconnaissance-PortScan,Reconnaissance-PortScan,1,1
2026-08-31 10:01:19.500,17304,80,6,1134452.6322154412,10,6,4880,5364,488.0,894.0,0.0090299054442709,1.4103717991832769e-05,1,0,0,Reconnaissance-PortScan,Reconnaissance-PortScan,1,1
2026-08-31 10:01:20.000,23287,22,6,109261.06223277315,11,8,5368,6648,488.0,831.0,0.1099751343557413,0.0001738954354826,0,1,0,SSH-Bruteforce,SSH-Bruteforce,1,2
2026-08-31 10:01:20.500,14589,22,6,11411.492965000414,17,10,19873,13870,1169.0,1387.0,2.9569312336187785,0.0023660357202295,0,0,0,SSH-Bruteforce,SSH-Bruteforce,1,2
2026-08-31 10:01:21.000,21378,22,6,989038.0829046352,15,4,6990,1928,466.0,482.0,0.0090168418729834,1.9210584838157243e-05,0,0,0,SSH-Bruteforce,SSH-Bruteforce,1,2
2026-08-31 10:01:21.500,43975,22,6,430329.96438228455,14,12,13930,3480,995.0,290.0,0.0404573267970928,6.041875340174698e-05,1,1,0,SSH-Bruteforce,SSH-Bruteforce,1,2
2026-08-31 10:01:22.000,26667,22,6,1106639.4298015025,10,6,9550,1194,955.0,199.0,0.0097086726810647,1.4458187164653382e-05,0,1,0,SSH-Bruteforce,SSH-Bruteforce,1,2
2026-08-31 10:01:22.500,24672,22,17,454341.4021101691,11,7,12771,525,1161.0,75.0,0.0292643372097604,3.961778503126415e-05,1,1,0,SSH-Bruteforce,SSH-Bruteforce,1,2
2026-08-31 10:01:23.000,51753,22,6,830789.704168021,19,9,12730,8271,670.0,919.0,0.0252783585236871,3.370287313286225e-05,1,1,0,SSH-Bruteforce,SSH-Bruteforce,1,2
2026-08-31 10:01:23.500,42995,22,6,280773.0177683868,6,5,1590,6305,265.0,1261.0,0.0281187988164571,3.917755376580474e-05,1,0,0,SSH-Bruteforce,SSH-Bruteforce,1,2
2026-08-31 10:01:24.000,19682,22,6,692867.1215841587,4,6,1944,8646,486.0,1441.0,0.0152843159531576,1.4432781825455731e-05,0,1,0,SSH-Bruteforce,SSH-Bruteforce,1,2
2026-08-31 10:01:24.500,22277,22,6,1221161.95243503,8,16,1936,20944,242.0,1309.0,0.018736253577332,1.9653412843355303e-05,0,0,0,SSH-Bruteforce,SSH-Bruteforce,1,2
2026-08-31 10:01:25.000,65190,22,6,424459.7115474032,10,5,10070,2160,1007.0,432.0,0.0288130997288915,3.5339043003546465e-05,1,1,0,SSH-Bruteforce,SSH-Bruteforce,1,2
2026-08-31 10:01:25.500,49587,22,6,99704.44905313678,13,6,9282,7602,714.0,1267.0,0.1693404873969905,0.0001905632113564,0,1,0,SSH-Bruteforce,SSH-Bruteforce,1,2
2026-08-31 10:01:26.000,27414,22,6,156532.49856366386,9,15,12240,1245,1360.0,83.0,0.0861482447598828,0.0001533227937884,0,1,0,SSH-Bruteforce,SSH-Bruteforce,1,2
2026-08-31 10:01:26.500,24152,22,6,110725.35305364734,14,6,9422,2124,673.0,354.0,0.1042760278521135,0.0001806271052349,1,0,0,SSH-Bruteforce,SSH-Bruteforce,1,2
2026-08-31 10:01:27.000,52602,22,6,141750.0994072759,11,13,605,5811,55.0,447.0,0.0452627548507951,0.000169312050564,1,1,0,SSH-Bruteforce,SSH-Bruteforce,1,2
2026-08-31 10:01:27.500,14513,22,6,182941.06395736863,11,14,15851,13076,1441.0,934.0,0.1581219621919315,0.0001366560325923,1,0,0,SSH-Bruteforce,SSH-Bruteforce,1,2
2026-08-31 10:01:28.000,39338,22,6,404990.8432038345,8,6,11192,1470,1399.0,245.0,0.0312649044099856,3.45686828099667e-05,1,0,0,SSH-Bruteforce,SSH-Bruteforce,1,2
2026-08-31 10:01:28.500,33682,22,6,443355.8065018187,8,7,5256,9128,657.0,1304.0,0.0324434681777796,3.3832871431221776e-05,1,0,0,SSH-Bruteforce,SSH-Bruteforce,1,2
2026-08-31 10:01:29.000,7876,22,17,277998.4508418544,13,9,14079,720,1083.0,80.0,0.0532341095954034,7.913713163719684e-05,1,0,0,SSH-Bruteforce,SSH-Bruteforce,1,2
2026-08-31 10:01:29.500,62770,22,6,477802.7384912371,17,9,8143,5643,479.0,627.0,0.028852911231199,5.441576178813107e-05,1,0,0,SSH-Bruteforce,SSH-Bruteforce,1,2
2026-08-31 10:01:30.000,30474,80,6,42547.47576855111,160,7,209120,5271,1307.0,753.0,5.0388653163786055,0.0039250272065302,0,0,0,DoS-DoS attack-HOIC,DoS-DoS attack-HOIC,1,3
2026-08-31 10:01:30.500,3575,22,6,45941.55982650752,100,4,130700,5704,1307.0,1426.0,2.969076376279378,0.0022637455143035,0,0,0,DoS-DoS attack-HOIC,DoS-DoS attack-HOIC,1,3
2026-08-31 10:01:31.000,7435,443,17,94268.09002664524,160,11,161600,10307,1010.0,937.0,1.823596934372743,0.001813975438916,0,0,0,DoS-DoS attack-HOIC,DoS-DoS attack-HOIC,1,3
2026-08-31 10:01:31.500,62025,445,17,364985.9810873943,70,7,30170,938,431.0,134.0,0.0852306707958161,0.0002109670069203,1,0,0,DoS-DoS attack-HOIC,DoS-DoS attack-HOIC,1,3
2026-08-31 10:01:32.000,50183,443,6,120395.8582359604,160,8,122080,4632,763.0,579.0,1.0524614537913437,0.0013953968387914,0,1,0,DoS-DoS attack-HOIC,DoS-DoS attack-HOIC,1,3
2026-08-31 10:01:32.500,58263,443,6,166538.0873313557,100,5,77500,6035,775.0,1207.0,0.5015969699998837,0.0006304864050995,1,1,0,DoS-DoS attack-HOIC,DoS-DoS attack-HOIC,1,3
2026-08-31 10:01:33.000,52731,445,17,255673.57668028373,120,8,159000,784,1325.0,98.0,0.6249531221349407,0.0005006383594932,1,1,0,DoS-DoS attack-HOIC,DoS-DoS attack-HOIC,1,3
2026-08-31 10:01:33.500,34267,22,6,835300.7316259138,120,11,31080,9823,259.0,893.0,0.0489679925455022,0.0001568297441131,1,0,0,DoS-DoS attack-HOIC,DoS-DoS attack-HOIC,1,3
2026-08-31 10:01:34.000,22824,53,6,6979.556282118813,160,5,171360,2740,1071.0,548.0,24.944279079257598,0.0236404712698305,0,0,0,DoS-DoS attack-HOIC,DoS-DoS attack-HOIC,1,3
2026-08-31 10:01:34.500,11427,22,6,524024.4491350256,190,11,92150,6072,485.0,552.0,0.1874378192854446,0.0003835698893972,1,1,0,DoS-DoS attack-HOIC,DoS-DoS attack-HOIC,1,3
2026-08-31 10:01:35.000,58852,8080,6,552631.977577511,11,8,583,6704,53.0,838.0,0.0131859904883011,3.438092758031052e-05,1,1,0,BENIGN,BENIGN,0,0
2026-08-31 10:01:35.500,8263,445,17,801369.6500504556,10,12,4260,13020,426.0,1085.0,0.0215630826531755,2.745299874825596e-05,1,0,0,BENIGN,BENIGN,0,0
2026-08-31 10:01:36.000,7734,22,17,1349690.9824771476,11,10,7491,7770,681.0,777.0,0.0113070326452635,1.5559117066413364e-05,0,1,0,BENIGN,BENIGN,0,0
2026-08-31 10:01:36.500,22408,443,6,10171.689702263217,12,8,13020,10136,1085.0,1267.0,2.276514586566931,0.0019662416536249,0,0,0,BENIGN,BENIGN,0,0
2026-08-31 10:01:37.000,22062,445,6,83490.14240557615,15,10,3960,7380,264.0,738.0,0.1358244179720596,0.0002994365475574,1,1,0,BENIGN,BENIGN,0,0
2026-08-31 10:01:37.500,41870,80,6,1086530.2700153757,8,7,2192,6482,274.0,926.0,0.0079832106286347,1.3805413814793835e-05,1,0,0,BENIGN,BENIGN,0,0
2026-08-31 10:01:38.000,23471,22,6,306723.24616451736,14,9,19656,4590,1404.0,510.0,0.0790484591644047,7.4986165172866e-05,1,0,0,BENIGN,BENIGN,0,0
2026-08-31 10:01:38.500,3309,445,17,415734.3152448335,14,7,14546,2261,1039.0,323.0,0.0404272617950668,5.051303014793856e-05,0,0,0,BENIGN,BENIGN,0,0
2026-08-31 10:01:39.000,39015,22,17,543876.5375510782,9,9,6750,3699,750.0,411.0,0.0192120808278598,3.309574647348815e-05,1,0,0,BENIGN,BENIGN,0,0
2026-08-31 10:01:39.500,14545,445,6,568260.8340109487,17,11,20349,15345,1197.0,1395.0,0.0628127047705071,4.927314768796436e-05,1,1,0,BENIGN,BENIGN,0,0
2026-08-31 10:01:40.000,48681,443,6,1342218.62202735,8,10,9928,10900,1241.0,1090.0,0.0155175912910411,1.3410631997250828e-05,0,0,0,BENIGN,BENIGN,0,0
2026-08-31 10:01:40.500,7995,80,6,2896211.3470180333,7,8,5817,7152,831.0,894.0,0.0044779190625394,5.179180039948518e-06,0,0,0,BENIGN,BENIGN,0,0
2026-08-31 10:01:41.000,30163,80,6,636764.097232243,11,14,5236,2352,476.0,168.0,0.0119165009975637,3.9261007503834335e-05,0,1,0,BENIGN,BENIGN,0,0
2026-08-31 10:01:41.500,20933,8080,17,169292.07902268364,17,10,18938,14430,1114.0,1443.0,0.1971031379061625,0.0001594876745224,0,1,0,BENIGN,BENIGN,0,0
2026-08-31 10:01:42.000,12555,445,6,1059101.1738477792,11,11,6820,6006,620.0,546.0,0.0121102688927076,2.077233086227724e-05,0,1,0,BENIGN,BENIGN,0,0
2026-08-31 10:01:42.500,15745,22,6,25236.770260244764,14,8,18816,9264,1344.0,1158.0,1.112662186932356,0.0008717438786507,0,0,0,BENIGN,BENIGN,0,0
2026-08-31 10:01:43.000,20230,80,6,131384.7276415242,9,10,9963,6170,1107.0,617.0,0.1227920496421019,0.0001446134595673,1,0,0,BENIGN,BENIGN,0,0
2026-08-31 10:01:43.500,38735,80,6,1138389.0749635238,8,8,5808,9920,726.0,1240.0,0.0138160145294488,1.4054948656611204e-05,0,1,0,BENIGN,BENIGN,0,0
2026-08-31 10:01:44.000,7554,53,6,147985.84458301167,9,10,3636,5120,404.0,512.0,0.0591678212472322,0.0001283906582568,0,1,0,BENIGN,BENIGN,0,0
2026-08-31 10:01:44.500,12140,53,6,124648.19983522058,8,11,2464,11517,308.0,1047.0,0.1121636735818136,0.000152428996356,1,1,0,BENIGN,BENIGN,0,0
2026-08-31 10:01:45.000,1282,80,6,74322.68527692113,15,7,20340,9366,1356.0,1338.0,0.3996895414276358,0.0002960065276849,1,0,0,BENIGN,BENIGN,0,0
2026-08-31 10:01:45.500,1306,445,6,979894.1551541256,8,7,10056,4949,1257.0,707.0,0.0153128783562207,1.5307775764299364e-05,1,1,0,BENIGN,BENIGN,0,0
2026-08-31 10:01:46.000,14961,8080,6,346631.8528654564,9,2,12906,2972,1434.0,1486.0,0.0458065231694241,3.1733956094197326e-05,0,1,0,BENIGN,BENIGN,0,0
2026-08-31 10:01:46.500,2922,80,6,561800.772322153,10,11,1170,3949,117.0,359.0,0.0091117710264974,3.737979909287876e-05,0,0,0,BENIGN,BENIGN,0,0
2026-08-31 10:01:47.000,5159,443,6,136604.57880636796,12,6,2736,582,228.0,97.0,0.0242890833436868,0.0001317671790796,0,0,0,BENIGN,BENIGN,0,0
2026-08-31 10:01:47.500,7653,22,6,709492.2978741559,17,14,24701,4368,1453.0,312.0,0.0409715511876442,4.369321568739792e-05,0,0,0,BENIGN,BENIGN,0,0
2026-08-31 10:01:48.000,44960,8080,6,713569.7299578956,8,14,8704,17654,1088.0,1261.0,0.0369382260668286,3.083090422149747e-05,0,1,0,BENIGN,BENIGN,0,0
2026-08-31 10:01:48.500,60635,443,6,187418.0206459728,12,12,16380,13704,1365.0,1142.0,0.1605181822681962,0.0001280559890452,1,0,0,BENIGN,BENIGN,0,0
2026-08-31 10:01:49.000,20608,8080,6,264395.20851583855,10,10,7100,10210,710.0,1021.0,0.0654701728390374,7.564433603586073e-05,1,0,0,BENIGN,BENIGN,0,0
2026-08-31 10:01:49.500,55286,443,17,117665.17823414586,13,8,5161,640,397.0,80.0,0.0493009069171117,0.0001784725125425,0,1,0,BENIGN,BENIGN,0,0
2026-08-31 10:01:50.000,24575,22,6,1876677.4861734076,9,7,8982,5439,998.0,777.0,0.0076843251470597,8.525705731430256e-06,0,0,0,BENIGN,BENIGN,0,0
2026-08-31 10:01:50.500,34404,22,6,518668.1659435816,10,10,11570,13080,1157.0,1308.0,0.0475255695608009,3.856029984649165e-05,1,1,0,BENIGN,BENIGN,0,0
2026-08-31 10:01:51.000,65439,53,6,1363187.647717703,18,9,6750,9774,375.0,1086.0,0.0121215887097743,1.980651749963132e-05,0,1,0,BENIGN,BENIGN,0,0
2026-08-31 10:01:51.500,47995,445,6,180761.58425404137,9,7,11043,5236,1227.0,748.0,0.0900578519837544,8.851438243995771e-05,1,0,0,BENIGN,BENIGN,0,0
2026-08-31 10:01:52.000,18095,443,6,761379.9711270446,11,11,10362,3025,942.0,275.0,0.0175825481461087,2.8894902458683288e-05,1,1,0,BENIGN,BENIGN,0,0
2026-08-31 10:01:52.500,21098,53,6,725915.130024136,13,10,4940,1650,380.0,165.0,0.0090781962344414,3.168414467255756e-05,1,1,0,BENIGN,BENIGN,0,0
2026-08-31 10:01:53.000,26212,443,1,588269.0535499076,12,8,10476,6536,873.0,817.0,0.0289187403230748,3.399804881621783e-05,1,1,0,BENIGN,BENIGN,0,0
2026-08-31 10:01:53.500,3331,53,6,1685416.1794382893,7,11,4242,9625,606.0,875.0,0.008227641439006,1.067985475604737e-05,1,0,0,BENIGN,BENIGN,0,0
2026-08-31 10:01:54.000,40925,22,17,250070.8965940357,15,9,1665,1611,111.0,179.0,0.0131002849371442,9.597278342230204e-05,1,1,0,BENIGN,BENIGN,0,0
2026-08-31 10:01:54.500,12229,8080,6,70043.45865100579,14,7,15470,6426,1105.0,918.0,0.3126059223598822,0.0002998138641558,1,1,0,BENIGN,BENIGN,0,0
2026-08-31 10:01:55.000,56685,53,6,556927.2200237665,10,8,4500,3464,450.0,433.0,0.0142998936189851,3.232020154969021e-05,1,0,0,BENIGN,BENIGN,0,0
2026-08-31 10:01:55.500,60149,443,6,653390.1436091264,14,11,13118,9537,937.0,867.0,0.034673005433651,3.82619790704602e-05,0,0,0,BENIGN,BENIGN,0,0
2026-08-31 10:01:56.000,6930,443,6,427904.3230004657,11,6,9647,996,877.0,166.0,0.0248723825109373,3.97285072522724e-05,1,1,0,BENIGN,BENIGN,0,0
2026-08-31 10:01:56.500,3615,445,6,115851.22037602506,11,10,7513,11770,683.0,1177.0,0.1664462397180416,0.0001812669726743,1,1,0,BENIGN,BENIGN,0,0
2026-08-31 10:01:57.000,61064,22,6,351049.506125729,18,6,1080,5256,60.0,876.0,0.0180487364011566,6.836642576195704e-05,1,0,0,BENIGN,BENIGN,0,0
2026-08-31 10:01:57.500,64011,443,6,187121.12949002624,9,9,9576,5076,1064.0,564.0,0.0783022208082489,9.61943744573083e-05,1,1,0,BENIGN,BENIGN,0,0
2026-08-31 10:01:58.000,64394,80,6,278842.03958921565,15,5,10755,6455,717.0,1291.0,0.0617195313329949,7.172519620336422e-05,1,0,0,BENIGN,BENIGN,0,0
2026-08-31 10:01:58.500,16173,8080,6,518126.6928682797,13,8,14807,1480,1139.0,185.0,0.0314343966907456,4.053062752536743e-05,0,0,0,BENIGN,BENIGN,0,0
2026-08-31 10:01:59.000,45942,53,6,683667.1084061067,8,6,5136,7356,642.0,1226.0,0.0182720506021431,2.0477802467979853e-05,1,0,0,BENIGN,BENIGN,0,0
2026-08-31 10:01:59.500,40975,445,6,132129.07745905904,5,17,7305,13158,1461.0,774.0,0.1548712848978444,0.0001665038492768,0,1,0,BENIGN,BENIGN,0,0
2026-08-31 10:02:00.000,55424,8080,17,259870.42380817095,11,3,1397,2301,127.0,767.0,0.0142301688113128,5.387300253065996e-05,1,0,0,BENIGN,BENIGN,0,0
2026-08-31 10:02:00.500,26174,22,1,156781.43550541636,14,9,784,1872,56.0,208.0,0.0169407812300508,0.0001467010422783,1,0,0,BENIGN,BENIGN,0,0
2026-08-31 10:02:01.000,32876,445,17,110717.2649255106,8,10,11136,11880,1392.0,1188.0,0.2078808577271676,0.0001625762703809,0,0,0,BENIGN,BENIGN,0,0
2026-08-31 10:02:01.500,43894,53,6,764821.9716832732,15,12,14730,4068,982.0,339.0,0.0245782687942166,3.530233309095907e-05,0,1,0,BENIGN,BENIGN,0,0
2026-08-31 10:02:02.000,55284,53,6,1199838.2485218565,10,9,12730,11817,1273.0,1313.0,0.0204585910059427,1.5835467841810126e-05,1,1,0,BENIGN,BENIGN,0,0
2026-08-31 10:02:02.500,53780,80,17,231202.03811650063,7,7,6041,6839,863.0,977.0,0.0557088514632937,6.055309941662363e-05,1,0,0,BENIGN,BENIGN,0,0
2026-08-31 10:02:03.000,50845,22,6,695711.5942969321,18,12,7596,6732,422.0,561.0,0.0205947408628047,4.312131671441526e-05,0,0,0,BENIGN,BENIGN,0,0
2026-08-31 10:02:03.500,54540,445,1,1136490.278736089,8,8,5432,1152,679.0,144.0,0.0057932743668201,1.4078431025079336e-05,0,1,0,BENIGN,BENIGN,0,0
2026-08-31 10:02:04.000,57505,445,1,935804.781949586,17,11,20553,7227,1209.0,657.0,0.0296856786111184,2.992077037837708e-05,1,1,0,BENIGN,BENIGN,0,0
2026-08-31 10:02:04.500,2307,443,17,100943.89980158064,9,11,4428,11088,492.0,1008.0,0.1537091397198025,0.0001981298526937,0,1,0,BENIGN,BENIGN,0,0
2026-08-31 10:02:05.000,34715,80,6,1565110.708204426,3,9,2565,4905,855.0,545.0,0.0047728253092857,7.667189251864703e-06,0,0,0,BENIGN,BENIGN,0,0
2026-08-31 10:02:05.500,2149,80,6,236344.76887895327,9,8,13104,2728,1456.0,341.0,0.0669868856180975,7.192881856415219e-05,0,1,0,BENIGN,BENIGN,0,0
2026-08-31 10:02:06.000,2553,445,17,207182.79596100067,11,4,3839,2768,349.0,692.0,0.0318897134727575,7.239983382645124e-05,0,0,0,BENIGN,BENIGN,0,0
2026-08-31 10:02:06.500,64222,445,6,32232.63645829332,8,14,7760,18102,970.0,1293.0,0.8023544715443925,0.0006825380238951,0,0,0,BENIGN,BENIGN,0,0
2026-08-31 10:02:07.000,27194,8080,6,332934.9595318489,9,8,4779,824,531.0,103.0,0.0168291128324591,5.106102412132888e-05,1,1,0,BENIGN,BENIGN,0,0
2026-08-31 10:02:07.500,9462,8080,6,57713.066465519165,11,8,8789,5032,799.0,629.0,0.2394778313479949,0.0003292148755959,1,0,0,BENIGN,BENIGN,0,0
2026-08-31 10:02:08.000,21119,8080,17,142868.52989288443,8,13,11944,3523,1493.0,271.0,0.1082603706394527,0.0001469882836638,1,0,0,BENIGN,BENIGN,0,0
2026-08-31 10:02:08.500,17178,80,6,190588.2069072064,10,6,400,7476,40.0,1246.0,0.0413246975109085,8.39506297834607e-05,1,1,0,BENIGN,BENIGN,0,0
2026-08-31 10:02:09.000,9028,443,6,827286.4815043216,11,8,880,2864,80.0,358.0,0.0045256390424109,2.296665112334618e-05,1,0,0,BENIGN,BENIGN,0,0
2026-08-31 10:02:09.500,10776,53,6,1041679.2028767936,12,8,8532,6944,711.0,868.0,0.0148567812020356,1.9199768935171436e-05,1,0,0,BENIGN,BENIGN,0,0
2026-08-31 10:02:10.000,56450,8080,6,180102.23803736895,10,7,2510,917,251.0,131.0,0.019028081145214,9.439083147611308e-05,0,1,0,BENIGN,BENIGN,0,0
2026-08-31 10:02:10.500,44384,443,1,978428.346581652,13,10,18148,10000,1396.0,1000.0,0.0287685859654959,2.350708672752617e-05,0,0,0,BENIGN,BENIGN,0,0
2026-08-31 10:02:11.000,27843,22,6,973263.4503980556,12,7,4116,721,343.0,103.0,0.0049698773728449,1.952194957288693e-05,0,1,0,BENIGN,BENIGN,0,0
2026-08-31 10:02:11.500,37656,8080,6,723342.7746598924,10,8,7300,7064,730.0,883.0,0.0198578053213501,2.488446782124084e-05,1,1,0,BENIGN,BENIGN,0,0
2026-08-31 10:02:12.000,27539,53,17,79319.18373443041,9,12,10953,3096,1217.0,258.0,0.1771198257065584,0.0002647531027003,0,0,0,BENIGN,BENIGN,0,0
2026-08-31 10:02:12.500,63393,22,6,586112.4828976647,11,11,7205,8173,655.0,743.0,0.0262372845630428,3.753545717173516e-05,0,0,0,BENIGN,BENIGN,0,0
2026-08-31 10:02:13.000,25241,22,6,1450429.8636628971,14,5,7868,3290,562.0,658.0,0.0076928917967427,1.3099564808936464e-05,0,1,0,BENIGN,BENIGN,0,0
2026-08-31 10:02:13.500,61437,53,6,573702.480478616,12,12,768,3432,64.0,286.0,0.0073208677717811,4.183353012446359e-05,0,1,0,BENIGN,BENIGN,0,0
2026-08-31 10:02:14.000,24196,8080,6,201446.84534963284,17,10,14399,10030,847.0,1003.0,0.1212677217972222,0.0001340303937338,0,0,0,BENIGN,BENIGN,0,0
2026-08-31 10:02:14.500,34018,80,6,347153.243578947,13,12,832,12636,64.0,1053.0,0.0387955470637832,7.201430625145389e-05,1,0,0,BENIGN,BENIGN,0,0
2026-08-31 10:02:15.000,16060,53,17,518840.9768183779,8,5,5080,480,635.0,96.0,0.0107161929151928,2.5055846744155935e-05,1,0,0,BENIGN,BENIGN,0,0
2026-08-31 10:02:15.500,12763,53,17,357257.33270672214,15,8,17535,8864,1169.0,1108.0,0.0738935147929696,6.437936437888945e-05,0,1,0,BENIGN,BENIGN,0,0
2026-08-31 10:02:16.000,33244,53,17,63889.94881696099,17,8,20094,9192,1182.0,1149.0,0.4583819605070894,0.0003912978560635,0,0,0,BENIGN,BENIGN,0,0
2026-08-31 10:02:16.500,50440,22,17,187029.76676938572,11,13,1617,14313,147.0,1101.0,0.0851736077861365,0.0001283218196401,1,0,0,BENIGN,BENIGN,0,0
2026-08-31 10:02:17.000,10611,443,6,810745.2027894015,14,8,19502,1768,1393.0,221.0,0.0262351228555622,2.7135529046655792e-05,1,0,0,BENIGN,BENIGN,0,0
2026-08-31 10:02:17.500,45541,80,6,988146.701706402,17,15,3723,3045,219.0,203.0,0.0068491854379962,3.238385549880022e-05,0,0,0,BENIGN,BENIGN,0,0
2026-08-31 10:02:18.000,31153,8080,6,73844.15541095352,7,8,6440,6368,920.0,796.0,0.1734463604734476,0.0002031304971191,0,1,0,BENIGN,BENIGN,0,0
2026-08-31 10:02:18.500,1669,8080,6,1522322.122757454,7,4,1190,660,170.0,165.0,0.0012152487126948,7.225803156563817e-06,1,1,0,BENIGN,BENIGN,0,0
2026-08-31 10:02:19.000,31954,443,6,199360.9110129775,10,10,6420,12700,642.0,1270.0,0.0959064638192604,0.0001003205688485,1,0,0,BENIGN,BENIGN,0,0
2026-08-31 10:02:19.500,17323,53,6,542819.0178299472,12,14,9504,4284,792.0,306.0,0.025400731269267,4.7898100739842223e-05,0,0,0,BENIGN,BENIGN,0,0
2026-08-31 10:02:20.000,57720,80,17,696810.8623132625,11,7,8778,2751,798.0,393.0,0.0165453792748877,2.583197388741264e-05,0,1,0,BENIGN,BENIGN,0,0
2026-08-31 10:02:20.500,31114,8080,6,835513.6855348373,12,6,2484,8844,207.0,1474.0,0.0135581262114372,2.1543632751224447e-05,1,0,0,BENIGN,BENIGN,0,0
2026-08-31 10:02:21.000,22977,445,6,1457073.398826843,11,7,2882,8295,262.0,1185.0,0.0076708558463303,1.2353530037930208e-05,0,1,0,BENIGN,BENIGN,0,0
2026-08-31 10:02:21.500,53166,8080,6,187651.94369952116,9,6,4572,3894,508.0,649.0,0.0451154399610434,7.993522317690189e-05,1,1,0,BENIGN,BENIGN,0,0
2026-08-31 10:02:22.000,47467,53,6,977750.5890722908,10,6,3170,3048,317.0,508.0,0.0063594950178819,1.6364091393713684e-05,0,1,0,BENIGN,BENIGN,0,0
2026-08-31 10:02:22.500,27499,445,6,70601.45951758322,12,7,2748,5880,229.0,840.0,0.1222071053166986,0.0002691162495383,0,1,0,BENIGN,BENIGN,0,0
2026-08-31 10:02:23.000,19912,443,6,610459.2989313401,12,16,6840,2752,570.0,172.0,0.0157127592562427,4.58671037505001e-05,1,0,0,BENIGN,BENIGN,0,0
2026-08-31 10:02:23.500,44756,80,6,677354.6890363094,9,8,5940,11536,660.0,1442.0,0.0258003676398927,2.5097633890946237e-05,0,1,0,BENIGN,BENIGN,0,0
2026-08-31 10:02:24.000,17111,443,6,566172.3016105115,13,10,16289,10510,1253.0,1051.0,0.0473336472365307,4.062367575059548e-05,0,0,0,BENIGN,BENIGN,0,0
2026-08-31 10:02:24.500,47329,443,6,145386.57989522823,10,11,2570,9768,257.0,888.0,0.0848634035413905,0.0001444424926543,1,0,0,BENIGN,BENIGN,0,0
2026-08-31 10:02:25.000,47061,80,6,1031953.99526277,15,11,20430,11649,1362.0,1059.0,0.0310856880703492,2.5194921594472418e-05,1,1,0,BENIGN,BENIGN,0,0
2026-08-31 10:02:25.500,10370,80,6,92477.5888878609,9,8,12366,2856,1374.0,357.0,0.1646020423046745,0.0001838283221113,1,1,0,BENIGN,BENIGN,0,0
2026-08-31 10:02:26.000,1611,8080,17,27563.364477845607,15,10,4125,7500,275.0,750.0,0.421755479274897,0.0009070010306987,0,1,0,BENIGN,BENIGN,0,0
2026-08-31 10:02:26.500,13787,8080,6,631976.4045182416,10,7,2070,8316,207.0,1188.0,0.0164341578666262,2.689973846838503e-05,1,0,0,BENIGN,BENIGN,0,0
2026-08-31 10:02:27.000,60189,80,6,322631.77571104164,14,8,11466,3920,819.0,490.0,0.0476890410611732,6.818919169022566e-05,1,1,0,BENIGN,BENIGN,0,0
2026-08-31 10:02:27.500,42969,445,6,945562.3958741024,13,10,3016,12710,232.0,1271.0,0.0166313720474217,2.4324148358813447e-05,1,1,0,BENIGN,BENIGN,0,0
2026-08-31 10:02:28.000,5103,22,6,241765.06345891868,16,8,4496,10904,281.0,1363.0,0.0636982026229766,9.926992616567796e-05,1,1,0,BENIGN,BENIGN,0,0
2026-08-31 10:02:28.500,37140,8080,6,92128.86809469956,11,6,13475,4032,1225.0,672.0,0.1900272993705319,0.0001845241383046,0,0,0,BENIGN,BENIGN,0,0
2026-08-31 10:02:29.000,56475,22,6,905294.3941290196,10,10,14020,1810,1402.0,181.0,0.0174860245490143,2.20922609589569e-05,1,1,0,BENIGN,BENIGN,0,0
2026-08-31 10:02:29.500,21239,445,6,398043.7931239488,5,6,4150,6258,830.0,1043.0,0.0261478766395373,2.763515017629808e-05,0,1,0,BENIGN,BENIGN,0,0
2026-08-31 10:02:30.000,26841,80,6,104864.33748166778,9,9,4446,8082,494.0,898.0,0.119468642053791,0.0001716503477784,1,0,0,Reconnaissance-PortScan,Reconnaissance-PortScan,1,1
2026-08-31 10:02:30.500,25789,445,6,637169.0202989127,13,6,15574,3648,1198.0,608.0,0.0301678195067939,2.9819403320626625e-05,1,0,0,Reconnaissance-PortScan,Reconnaissance-PortScan,1,1
2026-08-31 10:02:31.000,31136,8080,6,357812.60303149064,11,13,2552,4459,232.0,343.0,0.0195940554927491,6.707421649208105e-05,1,0,0,Reconnaissance-PortScan,Reconnaissance-PortScan,1,1
2026-08-31 10:02:31.500,26580,443,6,463565.8697094391,15,7,21975,4872,1465.0,696.0,0.0579140997076606,4.7458196206970354e-05,1,0,0,Reconnaissance-PortScan,Reconnaissance-PortScan,1,1
2026-08-31 10:02:32.000,60066,80,6,308925.5569982458,13,10,5603,6830,431.0,683.0,0.0402459418392118,7.445159352544628e-05,1,0,0,Reconnaissance-PortScan,Reconnaissance-PortScan,1,1
2026-08-31 10:02:32.500,19123,53,1,882195.659983044,18,2,11520,1264,640.0,632.0,0.0144911164039288,2.2670707765846068e-05,1,0,0,Reconnaissance-PortScan,Reconnaissance-PortScan,1,1
2026-08-31 10:02:33.000,44577,22,6,884693.9419221182,14,10,15470,690,1105.0,69.0,0.0182662039763802,2.7128025707495464e-05,1,0,0,Reconnaissance-PortScan,Reconnaissance-PortScan,1,1
2026-08-31 10:02:33.500,46120,445,6,617884.5313685549,17,9,2244,12960,132.0,1440.0,0.0246065392931565,4.207905956472434e-05,1,0,0,Reconnaissance-PortScan,Reconnaissance-PortScan,1,1
2026-08-31 10:02:34.000,7474,80,6,55690.063831579886,14,11,17892,15444,1278.0,1404.0,0.5985987032593475,0.0004489131143953,1,0,0,Reconnaissance-PortScan,Reconnaissance-PortScan,1,1
2026-08-31 10:02:34.500,14254,445,6,912721.8178311615,10,11,3880,13992,388.0,1272.0,0.0195809935192216,2.300810563471659e-05,1,0,0,Reconnaissance-PortScan,Reconnaissance-PortScan,1,1
2026-08-31 10:02:35.000,30033,80,6,555868.4917512196,14,6,7728,7836,552.0,1306.0,0.0279994283372436,3.597973314988909e-05,1,0,0,Reconnaissance-PortScan,Reconnaissance-PortScan,1,1
2026-08-31 10:02:35.500,6457,8080,6,597051.1162215987,9,13,12582,9542,1398.0,734.0,0.03705545370996,3.684776629990607e-05,1,0,0,Reconnaissance-PortScan,Reconnaissance-PortScan,1,1
2026-08-31 10:02:36.000,34890,8080,6,225479.34281565508,11,4,16082,788,1462.0,197.0,0.0748183837534252,6.652494109670297e-05,1,0,0,Reconnaissance-PortScan,Reconnaissance-PortScan,1,1
2026-08-31 10:02:36.500,40888,8080,1,1057138.8939487413,9,7,8667,1295,963.0,185.0,0.0094235488420018,1.5135191876333004e-05,1,0,0,Reconnaissance-PortScan,Reconnaissance-PortScan,1,1
2026-08-31 10:02:37.000,19734,445,17,646168.1843451471,13,7,15951,2653,1227.0,379.0,0.0287912658816003,3.095169413201501e-05,1,0,0,Reconnaissance-PortScan,Reconnaissance-PortScan,1,1
2026-08-31 10:02:37.500,12463,53,6,59724.348472801816,12,9,1740,8145,145.0,905.0,0.165510386485781,0.0003516153885889,1,0,0,Reconnaissance-PortScan,Reconnaissance-PortScan,1,1
2026-08-31 10:02:38.000,42879,8080,6,261936.8862448958,13,5,16835,655,1295.0,131.0,0.0667718099961688,6.871884390686334e-05,1,0,0,Reconnaissance-PortScan,Reconnaissance-PortScan,1,1
2026-08-31 10:02:38.500,17045,80,6,1087449.45878311,15,9,15465,3312,1031.0,368.0,0.0172670093751661,2.206999121286616e-05,1,0,0,Reconnaissance-PortScan,Reconnaissance-PortScan,1,1
2026-08-31 10:02:39.000,7440,8080,6,24173.399626215964,9,8,6804,1688,756.0,211.0,0.3512952306169424,0.0007032523457946,1,0,0,Reconnaissance-PortScan,Reconnaissance-PortScan,1,1
2026-08-31 10:02:39.500,8004,443,6,1627466.8279520357,11,7,13640,5187,1240.0,741.0,0.0115682849422963,1.1060133264000322e-05,1,0,0,Reconnaissance-PortScan,Reconnaissance-PortScan,1,1
2026-08-31 10:02:40.000,56939,8080,6,568410.3637505,10,6,13570,6564,1357.0,1094.0,0.0354215920110905,2.8148677469824616e-05,1,0,0,Reconnaissance-PortScan,Reconnaissance-PortScan,1,1
2026-08-31 10:02:40.500,19082,445,6,498989.0319927591,6,13,7968,8580,1328.0,660.0,0.0331630535717035,3.807698923509594e-05,1,0,0,Reconnaissance-PortScan,Reconnaissance-PortScan,1,1
2026-08-31 10:02:41.000,12125,53,6,157738.57161300108,8,15,6616,4665,827.0,311.0,0.0715170670301355,0.0001458108803911,1,0,0,Reconnaissance-PortScan,Reconnaissance-PortScan,1,1
2026-08-31 10:02:41.500,41742,443,6,143036.2101447174,8,11,10664,12738,1333.0,1158.0,0.1636089209486664,0.0001328334970525,1,0,0,Reconnaissance-PortScan,Reconnaissance-PortScan,1,1
2026-08-31 10:02:42.000,33626,445,1,1424158.2784253394,12,8,15300,8224,1275.0,1028.0,0.0165178269551926,1.4043382889978442e-05,1,0,0,Reconnaissance-PortScan,Reconnaissance-PortScan,1,1
2026-08-31 10:02:42.500,10146,445,6,177105.03086784238,11,4,13486,464,1226.0,116.0,0.0787668195017112,8.469550484054968e-05,1,0,0,Reconnaissance-PortScan,Reconnaissance-PortScan,1,1
2026-08-31 10:02:43.000,13600,445,6,746951.582740636,12,5,10344,950,862.0,190.0,0.0151201232594086,2.2759172605803718e-05,1,0,0,Reconnaissance-PortScan,Reconnaissance-PortScan,1,1
2026-08-31 10:02:43.500,59091,80,6,249713.5820407972,11,15,10516,2715,956.0,181.0,0.0529847030799811,0.00010411928653,1,0,0,Reconnaissance-PortScan,Reconnaissance-PortScan,1,1
2026-08-31 10:02:44.000,28540,445,6,74977.95306042176,14,7,15624,1890,1116.0,270.0,0.2335886655047821,0.0002800823327395,1,0,0,Reconnaissance-PortScan,Reconnaissance-PortScan,1,1
2026-08-31 10:02:44.500,64783,80,6,5386.559961795687,7,11,9072,10923,1296.0,993.0,3.712016594021951,0.0033416503472065,1,0,0,Reconnaissance-PortScan,Reconnaissance-PortScan,1,1
2026-08-31 10:02:45.000,23457,445,6,392913.4821623789,10,11,8930,1837,893.0,167.0,0.027402979252507,5.34468806819586e-05,1,0,0,Reconnaissance-PortScan,Reconnaissance-PortScan,1,1
2026-08-31 10:02:45.500,2113,22,6,1860263.881034444,11,11,7942,9889,722.0,899.0,0.0095851992729057,1.1826279176934894e-05,1,0,0,Reconnaissance-PortScan,Reconnaissance-PortScan,1,1
2026-08-31 10:02:46.000,38370,443,6,230332.63889338015,17,10,18054,7350,1062.0,735.0,0.1102926624769686,0.0001172217716453,1,0,0,Reconnaissance-PortScan,Reconnaissance-PortScan,1,1
2026-08-31 10:02:46.500,10151,22,6,220954.85961504997,8,10,7920,5360,990.0,536.0,0.0601027740350926,8.14646033608184e-05,1,0,0,Reconnaissance-PortScan,Reconnaissance-PortScan,1,1
2026-08-31 10:02:47.000,11511,445,6,210867.08057373008,10,6,830,8058,83.0,1343.0,0.0421497749928339,7.587718270537159e-05,1,0,0,Reconnaissance-PortScan,Reconnaissance-PortScan,1,1
2026-08-31 10:02:47.500,1179,443,6,367551.4058943361,11,9,7062,7641,642.0,849.0,0.0400025677056634,5.44141572545242e-05,1,0,0,Reconnaissance-PortScan,Reconnaissance-PortScan,1,1
2026-08-31 10:02:48.000,59438,443,17,290503.246235686,9,7,6048,1190,672.0,170.0,0.0249153842290582,5.5076837201565695e-05,1,0,0,Reconnaissance-PortScan,Reconnaissance-PortScan,1,1
2026-08-31 10:02:48.500,2982,53,6,1059776.1726074084,7,11,917,3388,131.0,308.0,0.0040621785158347,1.6984718533106904e-05,1,0,0,Reconnaissance-PortScan,Reconnaissance-PortScan,1,1
2026-08-31 10:02:49.000,11717,22,6,352125.0873778918,12,12,9576,7884,798.0,657.0,0.0495846522311729,6.815759756862261e-05,1,0,0,Reconnaissance-PortScan,Reconnaissance-PortScan,1,1
2026-08-31 10:02:49.500,40136,53,6,354392.2423881031,18,10,13860,10010,770.0,1001.0,0.0673547474924292,7.900850145739496e-05,1,0,0,Reconnaissance-PortScan,Reconnaissance-PortScan,1,1
2026-08-31 10:02:50.000,39571,443,6,74465.59281230722,7,9,6951,11907,993.0,1323.0,0.2532444755391891,0.0002148643338968,1,0,0,Reconnaissance-PortScan,Reconnaissance-PortScan,1,1
2026-08-31 10:02:50.500,29819,80,6,2029668.4976046612,15,10,5640,11140,376.0,1114.0,0.0082673599258797,1.2317282368712372e-05,1,0,0,Reconnaissance-PortScan,Reconnaissance-PortScan,1,1
2026-08-31 10:02:51.000,56320,443,6,143822.9637983935,18,6,24426,7176,1357.0,1196.0,0.2197284714706714,0.0001668718218877,1,0,0,Reconnaissance-PortScan,Reconnaissance-PortScan,1,1
2026-08-31 10:02:51.500,22471,53,6,38097.263919445446,9,13,6651,11024,739.0,848.0,0.4639440783131661,0.0005774692912525,1,0,0,Reconnaissance-PortScan,Reconnaissance-PortScan,1,1
2026-08-31 10:02:52.000,37622,22,6,544053.208021805,13,6,12532,6408,964.0,1068.0,0.0348127714723313,3.492305480328915e-05,1,0,0,Reconnaissance-PortScan,Reconnaissance-PortScan,1,1
2026-08-31 10:02:52.500,42838,445,6,452386.61948019057,7,11,5033,7557,719.0,687.0,0.0278301776789686,3.978897523601559e-05,1,0,0,Reconnaissance-PortScan,Reconnaissance-PortScan,1,1
2026-08-31 10:02:53.000,26239,445,6,268196.2219677111,9,10,9054,7770,1006.0,777.0,0.0627301901418961,7.084365268045806e-05,1,0,0,Reconnaissance-PortScan,Reconnaissance-PortScan,1,1
2026-08-31 10:02:53.500,60606,22,6,274257.0250984601,9,15,2727,8115,303.0,541.0,0.0395322599146268,8.750915310376734e-05,1,0,0,Reconnaissance-PortScan,Reconnaissance-PortScan,1,1
2026-08-31 10:02:54.000,10818,445,6,768707.3011258612,9,12,1296,14964,144.0,1247.0,0.0211523943846686,2.7318590533704925e-05,1,0,0,Reconnaissance-PortScan,Reconnaissance-PortScan,1,1
2026-08-31 10:02:54.500,56835,445,6,108899.33042426636,4,11,1052,4928,263.0,448.0,0.0549131016338951,0.0001377418937305,1,0,0,Reconnaissance-PortScan,Reconnaissance-PortScan,1,1
2026-08-31 10:02:55.000,34233,53,6,858103.3733894641,13,15,19266,17310,1482.0,1154.0,0.0426242351840436,3.263010130012092e-05,1,0,0,Reconnaissance-PortScan,Reconnaissance-PortScan,1,1
2026-08-31 10:02:55.500,23448,22,17,523124.4208494754,8,11,8136,16489,1017.0,1499.0,0.0470729314443817,3.632023136825395e-05,1,0,0,Reconnaissance-PortScan,Reconnaissance-PortScan,1,1
2026-08-31 10:02:56.000,64302,8080,6,271476.2495037951,13,9,2002,7731,154.0,859.0,0.035852123408333,8.10383966899545e-05,1,0,0,Reconnaissance-PortScan,Reconnaissance-PortScan,1,1
2026-08-31 10:02:56.500,56101,80,6,306271.0385307899,14,8,13020,7536,930.0,942.0,0.0671170218964804,7.183180004488079e-05,1,0,0,Reconnaissance-PortScan,Reconnaissance-PortScan,1,1
2026-08-31 10:02:57.000,48270,80,6,148292.262432662,8,11,10384,2508,1298.0,228.0,0.0869364307189308,0.0001281253632996,1,0,0,Reconnaissance-PortScan,Reconnaissance-PortScan,1,1
2026-08-31 10:02:57.500,57534,445,6,697393.8290292367,11,7,14707,7140,1337.0,1020.0,0.0313266322274423,2.581038037689216e-05,1,0,0,Reconnaissance-PortScan,Reconnaissance-PortScan,1,1
2026-08-31 10:02:58.000,38420,80,6,359616.9931559464,12,9,15516,7686,1293.0,854.0,0.0645186418910225,5.839546072370802e-05,1,0,0,Reconnaissance-PortScan,Reconnaissance-PortScan,1,1
2026-08-31 10:02:58.500,7394,22,6,193459.97580578917,10,8,7680,3376,768.0,422.0,0.0571487717466036,9.304250103462971e-05,1,0,0,Reconnaissance-PortScan,Reconnaissance-PortScan,1,1
2026-08-31 10:02:59.000,10552,22,17,453232.2288144665,9,13,657,11557,73.0,889.0,0.0269486572737315,4.854023743426339e-05,1,0,0,Reconnaissance-PortScan,Reconnaissance-PortScan,1,1
2026-08-31 10:02:59.500,29300,443,6,2728592.315316911,14,5,20314,6925,1451.0,1385.0,0.0099828031644721,6.9632974824689495e-06,1,0,0,Reconnaissance-PortScan,Reconnaissance-PortScan,1,1
2026-08-31 10:03:00.000,51124,443,6,285696.93369842635,12,12,11208,6348,934.0,529.0,0.0614497319663819,8.400510179956524e-05,1,0,0,Reconnaissance-PortScan,Reconnaissance-PortScan,1,1
2026-08-31 10:03:00.500,45357,80,6,1267204.3585554834,7,11,3507,13156,501.0,1196.0,0.013149418156092,1.420449659783098e-05,1,0,0,Reconnaissance-PortScan,Reconnaissance-PortScan,1,1
2026-08-31 10:03:01.000,9203,8080,6,211572.8767429429,8,9,3904,4185,488.0,465.0,0.0382326890107263,8.035056412193695e-05,1,0,0,Reconnaissance-PortScan,Reconnaissance-PortScan,1,1
2026-08-31 10:03:01.500,49805,443,6,28143.77083401599,11,9,9548,2601,868.0,289.0,0.4316763402933674,0.0007106368265591,1,0,0,Reconnaissance-PortScan,Reconnaissance-PortScan,1,1
2026-08-31 10:03:02.000,56291,443,17,114230.14656553137,13,14,16601,15736,1277.0,1124.0,0.2830863915474196,0.0002363649247543,1,0,0,Reconnaissance-PortScan,Reconnaissance-PortScan,1,1
2026-08-31 10:03:02.500,17867,22,6,271239.97473157785,6,12,6654,12708,1109.0,1059.0,0.0713832834501884,6.636189970578409e-05,1,0,0,Reconnaissance-PortScan,Reconnaissance-PortScan,1,1
2026-08-31 10:03:03.000,24976,8080,1,123996.71426590304,7,10,3108,14850,444.0,1485.0,0.1448264182230018,0.0001371004070492,1,0,0,Reconnaissance-PortScan,Reconnaissance-PortScan,1,1
2026-08-31 10:03:03.500,54822,445,17,113.53199766673676,10,7,3720,9002,372.0,1286.0,112.0565051341672,0.1497375088257225,1,0,0,Reconnaissance-PortScan,Reconnaissance-PortScan,1,1
2026-08-31 10:03:04.000,34184,80,6,1232561.0569014233,7,3,1953,2169,279.0,723.0,0.0033442562353292,8.113188343836048e-06,1,0,0,Reconnaissance-PortScan,Reconnaissance-PortScan,1,1
2026-08-31 10:03:04.500,45922,443,6,928563.2827085458,9,12,11853,17364,1317.0,1447.0,0.0314647375615172,2.261558300961298e-05,1,0,0,Reconnaissance-PortScan,Reconnaissance-PortScan,1,1
2026-08-31 10:03:05.000,51963,8080,6,677964.5081047453,15,8,4005,2864,267.0,358.0,0.0101317988151046,3.392507974194316e-05,1,0,0,Reconnaissance-PortScan,Reconnaissance-PortScan,1,1
2026-08-31 10:03:05.500,30540,8080,6,91850.0106074339,14,16,10808,16944,772.0,1059.0,0.3021447663799446,0.0003266194505404,1,0,0,Reconnaissance-PortScan,Reconnaissance-PortScan,1,1
2026-08-31 10:03:06.000,57550,80,6,64123.30583295656,9,7,8370,1848,930.0,264.0,0.1593492391834063,0.0002495192627651,1,0,0,Reconnaissance-PortScan,Reconnaissance-PortScan,1,1
2026-08-31 10:03:06.500,11473,8080,6,34999.23282386662,8,9,1640,4158,205.0,462.0,0.1656607739810122,0.0004857249323348,1,0,0,Reconnaissance-PortScan,Reconnaissance-PortScan,1,1
2026-08-31 10:03:07.000,51314,8080,6,643730.0876406098,11,6,6864,5682,624.0,947.0,0.0194895348853251,2.6408583855454183e-05,1,0,0,Reconnaissance-PortScan,Reconnaissance-PortScan,1,1
2026-08-31 10:03:07.500,62176,8080,6,1321187.1371146208,5,11,3880,13794,776.0,1254.0,0.0133773630573371,1.2110320748975624e-05,1,0,0,Reconnaissance-PortScan,Reconnaissance-PortScan,1,1
2026-08-31 10:03:08.000,22149,443,17,281529.6984773289,8,6,5096,708,637.0,118.0,0.0206159422298433,4.9728323779773855e-05,1,0,0,Reconnaissance-PortScan,Reconnaissance-PortScan,1,1
2026-08-31 10:03:08.500,8442,80,6,63428.66944466449,8,5,5056,4470,632.0,894.0,0.1501844525811579,0.0002049546382064,1,0,0,Reconnaissance-PortScan,Reconnaissance-PortScan,1,1
2026-08-31 10:03:09.000,23770,8080,17,359122.5789001423,17,6,13022,6258,766.0,1043.0,0.053686404398494,6.40449845002782e-05,1,0,0,Reconnaissance-PortScan,Reconnaissance-PortScan,1,1
2026-08-31 10:03:09.500,3478,8080,6,214493.73171720083,9,10,13077,4040,1453.0,404.0,0.0798018658268759,8.85806771461496e-05,1,0,0,Reconnaissance-PortScan,Reconnaissance-PortScan,1,1
2026-08-31 10:03:10.000,59834,443,6,234861.77371615256,4,11,5944,671,1486.0,61.0,0.0281655030320645,6.386735381420526e-05,1,0,0,Reconnaissance-PortScan,Reconnaissance-PortScan,1,1
2026-08-31 10:03:10.500,53850,80,6,485545.9069381824,12,11,11568,6457,964.0,587.0,0.0371231633138318,4.736936234219881e-05,1,0,0,Reconnaissance-PortScan,Reconnaissance-PortScan,1,1
2026-08-31 10:03:11.000,18785,22,6,634198.9784111247,17,5,25058,1845,1474.0,369.0,0.0424204404538408,3.468942831596841e-05,1,0,0,Reconnaissance-PortScan,Reconnaissance-PortScan,1,1
2026-08-31 10:03:11.500,16247,443,17,58606.123659675206,13,12,8944,14628,688.0,1219.0,0.4022105289348278,0.0004265765833773,1,0,0,Reconnaissance-PortScan,Reconnaissance-PortScan,1,1
2026-08-31 10:03:12.000,7725,80,6,18119.501455745994,11,10,5346,950,486.0,95.0,0.3474709285960362,0.0011589722840719,1,0,0,Reconnaissance-PortScan,Reconnaissance-PortScan,1,1
2026-08-31 10:03:12.500,3621,8080,17,2586309.7731957007,10,7,14660,9177,1466.0,1311.0,0.0092166067061852,6.573071863286005e-06,1,0,0,Reconnaissance-PortScan,Reconnaissance-PortScan,1,1
2026-08-31 10:03:13.000,1165,80,6,132457.1834032721,9,13,1224,12532,136.0,964.0,0.1038524272185427,0.0001660914072992,1,0,0,Reconnaissance-PortScan,Reconnaissance-PortScan,1,1
2026-08-31 10:03:13.500,3683,80,6,27666.78841507926,11,9,4598,2700,418.0,300.0,0.2637819716503323,0.0007228883849008,1,0,0,Reconnaissance-PortScan,Reconnaissance-PortScan,1,1
2026-08-31 10:03:14.000,22004,445,6,105283.56423145455,8,8,5672,3792,709.0,474.0,0.0898905737869541,0.0001519705389466,1,0,0,Reconnaissance-PortScan,Reconnaissance-PortScan,1,1
2026-08-31 10:03:14.500,10055,80,17,19868.503306108905,13,6,16237,3462,1249.0,577.0,0.9914687425916237,0.0009562874313031,1,0,0,Reconnaissance-PortScan,Reconnaissance-PortScan,1,1
2026-08-31 10:03:15.000,16061,22,1,248634.70839257832,11,11,14377,6314,1307.0,574.0,0.0832184699108784,8.848322159583035e-05,1,0,0,Reconnaissance-PortScan,Reconnaissance-PortScan,1,1
2026-08-31 10:03:15.500,61986,80,6,810759.7621666283,11,10,7370,4200,670.0,420.0,0.0142705651411933,2.590163076621092e-05,1,0,0,Reconnaissance-PortScan,Reconnaissance-PortScan,1,1
2026-08-31 10:03:16.000,47762,22,6,208701.37687341688,11,9,8217,1278,747.0,142.0,0.0454956270140183,9.583070461088642e-05,1,0,0,Reconnaissance-PortScan,Reconnaissance-PortScan,1,1
2026-08-31 10:03:16.500,39453,8080,6,293658.4538182011,8,10,4336,680,542.0,68.0,0.0170810679366122,6.129569833712512e-05,1,0,0,Reconnaissance-PortScan,Reconnaissance-PortScan,1,1
2026-08-31 10:03:17.000,7166,22,6,562868.5927925503,13,8,4251,8960,327.0,1120.0,0.0234708423403441,3.730888571245372e-05,1,0,0,Reconnaissance-PortScan,Reconnaissance-PortScan,1,1
2026-08-31 10:03:17.500,13133,8080,17,355547.7156091545,6,3,2448,3375,408.0,1125.0,0.0163775486220176,2.531305814840437e-05,1,0,0,Reconnaissance-PortScan,Reconnaissance-PortScan,1,1
2026-08-31 10:03:18.000,23034,8080,17,988246.435769033,7,5,728,4970,104.0,994.0,0.0057657683283302,1.2142720242183744e-05,1,0,0,Reconnaissance-PortScan,Reconnaissance-PortScan,1,1
2026-08-31 10:03:18.500,9811,22,6,1005090.8730809612,11,8,2211,8888,201.0,1111.0,0.0110427825952365,1.8903763339895032e-05,1,0,0,Reconnaissance-PortScan,Reconnaissance-PortScan,1,1
2026-08-31 10:03:19.000,43888,443,6,4980.066673638775,12,5,7632,7150,636.0,1430.0,2.9682333468674096,0.0034136089092643,1,0,0,Reconnaissance-PortScan,Reconnaissance-PortScan,1,1
2026-08-31 10:03:19.500,9496,53,6,752643.2533147344,10,7,9660,4102,966.0,586.0,0.0182848912007217,2.258706223021865e-05,1,0,0,Reconnaissance-PortScan,Reconnaissance-PortScan,1,1
2026-08-31 10:03:20.000,50599,80,6,308772.7910066859,13,10,7930,3660,610.0,366.0,0.0375356907641958,7.448842860884428e-05,1,0,0,BENIGN,BENIGN,0,0
2026-08-31 10:03:20.500,24407,445,17,2247733.913558893,9,5,9117,1525,1013.0,305.0,0.0047345461737074,6.228495248252569e-06,0,1,0,BENIGN,BENIGN,0,0
2026-08-31 10:03:21.000,62733,53,6,330080.6973811877,12,11,8412,8448,701.0,768.0,0.0510784184996396,6.967993033758671e-05,1,1,0,BENIGN,BENIGN,0,0
2026-08-31 10:03:21.500,5273,80,17,2167416.7921601967,14,8,20734,9912,1481.0,1239.0,0.0141394124612805,1.0150331989433277e-05,1,1,0,BENIGN,BENIGN,0,0
2026-08-31 10:03:22.000,48741,80,6,702370.4510181925,9,12,4680,13284,520.0,1107.0,0.0255762467992534,2.9898752103335683e-05,0,0,0,BENIGN,BENIGN,0,0
2026-08-31 10:03:22.500,35542,8080,17,142911.82327326565,13,5,4004,1290,308.0,258.0,0.0370438209965788,0.000125951790317,1,0,0,BENIGN,BENIGN,0,0
2026-08-31 10:03:23.000,54933,80,6,386522.84354302095,12,17,9300,2805,775.0,165.0,0.0313176832932501,7.502790710485381e-05,0,0,0,BENIGN,BENIGN,0,0
2026-08-31 10:03:23.500,19375,445,6,2422707.02632693,10,9,6060,8289,606.0,921.0,0.0059227136603864,7.842467039329764e-06,1,0,0,BENIGN,BENIGN,0,0
2026-08-31 10:03:24.000,5112,80,17,974314.046792972,7,6,8771,8652,1253.0,1442.0,0.0178823245514834,1.3342720494133338e-05,1,0,0,BENIGN,BENIGN,0,0
2026-08-31 10:03:24.500,54354,22,6,51219.55677309854,10,9,4450,3222,445.0,358.0,0.1497865362734183,0.0003709520580285,1,0,0,BENIGN,BENIGN,0,0
2026-08-31 10:03:25.000,57965,53,6,612720.8040387447,11,5,8844,6840,804.0,1368.0,0.0255973028765516,2.6113035324204745e-05,1,0,0,BENIGN,BENIGN,0,0
2026-08-31 10:03:25.500,16306,22,1,212002.64949748572,9,9,12375,11367,1375.0,1263.0,0.1119891664333264,8.490459926711636e-05,1,1,0,BENIGN,BENIGN,0,0
2026-08-31 10:03:26.000,20354,445,1,3503.3759673622308,6,10,5430,1240,905.0,124.0,1.9038778718297855,0.0045670233807011,0,0,0,BENIGN,BENIGN,0,0
2026-08-31 10:03:26.500,43433,80,6,258322.0667778912,8,10,9256,11040,1157.0,1104.0,0.0785685878576726,6.968045828922483e-05,1,0,0,BENIGN,BENIGN,0,0
2026-08-31 10:03:27.000,22802,445,6,133779.23965883424,10,11,4290,8382,429.0,762.0,0.0947232173793862,0.000156975028801,1,1,0,BENIGN,BENIGN,0,0
2026-08-31 10:03:27.500,25288,8080,6,854268.1230521889,11,7,6446,9982,586.0,1426.0,0.0192304963236982,2.107066799528658e-05,0,0,0,BENIGN,BENIGN,0,0
2026-08-31 10:03:28.000,60699,22,6,205739.5345212145,6,8,8844,10656,1474.0,1332.0,0.0947800336208182,6.804720362520283e-05,1,0,0,BENIGN,BENIGN,0,0
2026-08-31 10:03:28.500,6099,22,6,878747.7040994845,13,10,16575,4010,1275.0,401.0,0.0234253812598698,2.617361034622333e-05,0,1,0,BENIGN,BENIGN,0,0
2026-08-31 10:03:29.000,11436,443,6,299.0588357564428,9,8,12888,3248,1432.0,406.0,53.95593619438148,0.0568449997090037,1,0,0,BENIGN,BENIGN,0,0
2026-08-31 10:03:29.500,49478,80,6,183954.0068079712,8,12,6248,14928,781.0,1244.0,0.115115731189016,0.0001087228288524,1,1,0,BENIGN,BENIGN,0,0
2026-08-31 10:03:30.000,29389,8080,6,137985.59947031105,8,3,9848,3882,1231.0,1294.0,0.0995031369339313,7.971846367612856e-05,0,0,0,BENIGN,BENIGN,0,0
2026-08-31 10:03:30.500,8254,22,6,133004.2329500564,9,18,9693,18486,1077.0,1027.0,0.2118654374591421,0.0002030010579295,0,1,0,BENIGN,BENIGN,0,0
2026-08-31 10:03:31.000,49224,22,6,35311.360073131415,12,13,7500,14729,625.0,1133.0,0.6295141265492917,0.0007079874561938,1,0,0,BENIGN,BENIGN,0,0
2026-08-31 10:03:31.500,12026,8080,6,103588.51762558428,7,9,6391,5643,913.0,627.0,0.1161711768319207,0.0001544572735009,0,1,0,BENIGN,BENIGN,0,0
2026-08-31 10:03:32.000,14971,445,6,405458.3742748314,9,4,11430,4008,1270.0,1002.0,0.0380754251955711,3.20624774933557e-05,1,0,0,BENIGN,BENIGN,0,0
2026-08-31 10:03:32.500,14710,445,6,172204.5763737056,11,10,902,5280,82.0,528.0,0.0358991620886154,0.0001219479786251,0,1,0,BENIGN,BENIGN,0,0
2026-08-31 10:03:33.000,30328,80,6,270122.7393297678,12,10,11028,12970,919.0,1297.0,0.0888410951949315,8.144445763349006e-05,0,0,0,BENIGN,BENIGN,0,0
2026-08-31 10:03:33.500,51707,443,17,236497.55390741213,11,7,10450,10444,950.0,1492.0,0.0883476368102159,7.611072377638976e-05,0,0,0,BENIGN,BENIGN,0,0
2026-08-31 10:03:34.000,14098,22,6,1043353.6366477672,9,7,5814,6090,646.0,870.0,0.0114093626377081,1.5335164835629167e-05,0,0,0,BENIGN,BENIGN,0,0
2026-08-31 10:03:34.500,53166,443,6,1178515.3543676273,12,11,17496,7755,1458.0,705.0,0.0214261103227925,1.951608005323467e-05,0,1,0,BENIGN,BENIGN,0,0
2026-08-31 10:03:35.000,57331,445,6,339579.70523160405,8,4,2216,5428,277.0,1357.0,0.0225101791479601,3.533780086021997e-05,1,1,0,BENIGN,BENIGN,0,0
2026-08-31 10:03:35.500,5517,445,6,200355.1776777036,11,5,8338,7055,758.0,1411.0,0.0768285610466892,7.985818078003168e-05,1,0,0,BENIGN,BENIGN,0,0
2026-08-31 10:03:36.000,59511,53,6,56472.7735982155,16,11,12496,12782,781.0,1162.0,0.4476139276488914,0.0004781064976074,0,0,0,BENIGN,BENIGN,0,0
2026-08-31 10:03:36.500,51109,80,6,1533108.2645374597,10,7,4430,6405,443.0,915.0,0.007067341720448,1.1088584148372609e-05,1,1,0,BENIGN,BENIGN,0,0
2026-08-31 10:03:37.000,35252,53,6,31058.43180608941,12,13,3036,5200,253.0,400.0,0.2651775868391864,0.0008049343942423,0,1,0,BENIGN,BENIGN,0,0
2026-08-31 10:03:37.500,15164,53,6,176661.90945233524,14,10,12390,3970,885.0,397.0,0.0926062672468056,0.0001358527147874,1,1,0,BENIGN,BENIGN,0,0
2026-08-31 10:03:38.000,52899,53,6,176958.09153208518,15,10,21555,11930,1437.0,1193.0,0.1892255940838761,0.0001412763879975,0,1,0,BENIGN,BENIGN,0,0
2026-08-31 10:03:38.500,32679,80,17,193126.3908410264,10,11,1710,15906,171.0,1446.0,0.0912148770676743,0.000108737080973,0,1,0,BENIGN,BENIGN,0,0
2026-08-31 10:03:39.000,44496,80,6,89734.91936835555,13,7,624,5425,48.0,775.0,0.067409655482,0.0002228786757546,1,1,0,BENIGN,BENIGN,0,0
2026-08-31 10:03:39.500,50461,8080,6,764301.0617979016,15,10,2880,1030,192.0,103.0,0.0051157851210505,3.270962353612884e-05,0,0,0,BENIGN,BENIGN,0,0
2026-08-31 10:03:40.000,50440,443,6,65337.94356954463,9,8,4230,11672,470.0,1459.0,0.2433807850202748,0.000260185721629,1,0,0,BENIGN,BENIGN,0,0
2026-08-31 10:03:40.500,60735,443,1,503801.1148725333,10,13,5220,2860,522.0,220.0,0.01603807486985,4.565293589189992e-05,0,0,0,BENIGN,BENIGN,0,0
2026-08-31 10:03:41.000,7840,8080,6,66106.71744528563,10,9,3440,5634,344.0,626.0,0.1372629038211982,0.0002874140591362,0,1,0,BENIGN,BENIGN,0,0
2026-08-31 10:03:41.500,12663,8080,6,36573.40658065671,12,11,3876,2508,323.0,228.0,0.1745530590423835,0.0006288722365248,0,1,0,BENIGN,BENIGN,0,0
2026-08-31 10:03:42.000,65331,445,17,1200813.383357463,6,7,3066,8722,511.0,1246.0,0.009816679396879,1.0825995262930749e-05,1,0,0,BENIGN,BENIGN,0,0
2026-08-31 10:03:42.500,48216,53,17,105440.007358339,9,12,9288,7428,1032.0,619.0,0.1585356490122875,0.0001991653882063,0,0,0,BENIGN,BENIGN,0,0
2026-08-31 10:03:43.000,47757,8080,1,860883.9810390341,15,8,3435,1672,229.0,209.0,0.0059322743975057,2.671672432790914e-05,1,1,0,BENIGN,BENIGN,0,0
2026-08-31 10:03:43.500,63690,22,6,393323.4583213343,8,7,4408,2527,551.0,361.0,0.0176317985950331,3.81365506741885e-05,1,0,0,BENIGN,BENIGN,0,0
2026-08-31 10:03:44.000,30516,443,6,40527.22444364124,11,9,4202,11115,382.0,1235.0,0.377943473960843,0.0004934954285576,1,0,0,BENIGN,BENIGN,0,0
2026-08-31 10:03:44.500,51938,8080,6,1555551.2648309409,7,9,10451,2907,1493.0,323.0,0.0085873094008032,1.0285742657048362e-05,1,1,0,BENIGN,BENIGN,0,0
2026-08-31 10:03:45.000,12264,22,6,141819.2407260406,10,9,7540,3645,754.0,405.0,0.0788680008576406,0.0001339733586316,0,0,0,BENIGN,BENIGN,0,0
2026-08-31 10:03:45.500,33722,22,6,981791.4060771102,12,10,8628,1500,719.0,150.0,0.0103158368847052,2.2408018509430743e-05,0,0,0,BENIGN,BENIGN,0,0
2026-08-31 10:03:46.000,27981,22,6,92448.43851385584,9,7,9873,819,1097.0,117.0,0.1156536570083981,0.0001730694455793,0,1,0,BENIGN,BENIGN,0,0
2026-08-31 10:03:46.500,60637,445,17,961878.7577866014,14,13,7140,3796,510.0,292.0,0.011369416271393,2.8070065776116677e-05,0,1,0,BENIGN,BENIGN,0,0
2026-08-31 10:03:47.000,33832,445,6,6658.546538187224,10,6,14570,1650,1457.0,275.0,2.435967051160116,0.0024029268075562,1,1,0,BENIGN,BENIGN,0,0
2026-08-31 10:03:47.500,6851,22,6,358495.04510877887,12,7,9360,924,780.0,132.0,0.0286865889501837,5.299933781150252e-05,1,1,0,BENIGN,BENIGN,0,0
2026-08-31 10:03:48.000,33786,445,6,733627.6672151887,10,10,5520,10970,552.0,1097.0,0.0224773420315108,2.7261785362657207e-05,1,0,0,BENIGN,BENIGN,0,0
2026-08-31 10:03:48.500,9283,53,6,1365113.5311510123,12,12,16620,17604,1385.0,1467.0,0.0250704422883369,1.7580955321414394e-05,0,0,0,BENIGN,BENIGN,0,0
2026-08-31 10:03:49.000,51163,22,6,1199559.7600774018,12,14,14136,3654,1178.0,261.0,0.0148304407932988,2.1674618360077036e-05,1,1,0,BENIGN,BENIGN,0,0
2026-08-31 10:03:49.500,64263,53,6,856358.2693298919,6,7,7662,6545,1277.0,935.0,0.016590019047695,1.518056223129697e-05,1,1,0,BENIGN,BENIGN,0,0
2026-08-31 10:03:50.000,15873,53,6,1095483.1739603523,8,12,1472,16836,184.0,1403.0,0.0167122603386471,1.825678428954242e-05,0,1,0,BENIGN,BENIGN,0,0
2026-08-31 10:03:50.500,17256,22,6,111084.31699845903,14,6,8372,6000,598.0,1000.0,0.1293791993959469,0.0001800434169161,0,0,0,BENIGN,BENIGN,0,0
2026-08-31 10:03:51.000,41596,443,6,167166.27069951087,10,8,8310,8192,831.0,1024.0,0.0987160862652487,0.0001076772241409,0,0,0,BENIGN,BENIGN,0,0
2026-08-31 10:03:51.500,25197,22,6,170519.29070598754,8,7,9928,6174,1241.0,882.0,0.0944291987867758,8.796658687129779e-05,0,0,0,BENIGN,BENIGN,0,0
2026-08-31 10:03:52.000,55893,22,1,236647.6652788393,7,11,2793,3201,399.0,291.0,0.0253287941492431,7.606244489262203e-05,0,1,0,BENIGN,BENIGN,0,0
2026-08-31 10:03:52.500,62376,445,6,249877.45740289817,14,6,4536,8562,324.0,1427.0,0.0524176935991341,8.003923285865659e-05,0,1,0,BENIGN,BENIGN,0,0
2026-08-31 10:03:53.000,64119,22,6,393240.5144174518,18,7,23544,1267,1308.0,181.0,0.0630937024282052,6.357432432006494e-05,0,0,0,BENIGN,BENIGN,0,0
2026-08-31 10:03:53.500,53374,443,17,87105.12926934543,13,9,10452,3150,804.0,350.0,0.1561561312466284,0.0002525683640218,1,0,0,BENIGN,BENIGN,0,0
2026-08-31 10:03:54.000,6398,445,6,587606.292773439,12,7,15228,10136,1269.0,1448.0,0.043164956385768,3.233457543485228e-05,1,1,0,BENIGN,BENIGN,0,0
2026-08-31 10:03:54.500,22198,80,1,91700.99370718937,8,4,4984,2484,623.0,621.0,0.0814385940356513,0.0001308600868275,1,1,0,BENIGN,BENIGN,0,0
2026-08-31 10:03:55.000,24591,80,6,185755.4284363616,11,7,15455,9625,1405.0,1375.0,0.1350162426464003,9.690160955483274e-05,0,1,0,BENIGN,BENIGN,0,0
2026-08-31 10:03:55.500,36316,53,1,349929.9609455716,13,8,9958,10736,766.0,1342.0,0.0591375483925121,6.001200909648956e-05,0,1,0,BENIGN,BENIGN,0,0
2026-08-31 10:03:56.000,10301,53,6,795898.6178905575,11,12,15653,4620,1423.0,385.0,0.0254718371712676,2.8898152959066583e-05,1,1,0,BENIGN,BENIGN,0,0
2026-08-31 10:03:56.500,32624,443,17,672517.159096781,16,8,19264,11600,1204.0,1450.0,0.0458932528070997,3.568682177846012e-05,0,1,0,BENIGN,BENIGN,0,0
2026-08-31 10:03:57.000,52655,8080,6,518571.9264139446,14,10,13986,3410,999.0,341.0,0.0335459733039585,4.62809473036908e-05,1,1,0,BENIGN,BENIGN,0,0
2026-08-31 10:03:57.500,10909,80,1,84667.08593202988,10,5,12850,2730,1285.0,546.0,0.184014836776919,0.0001771644769996,0,1,0,BENIGN,BENIGN,0,0
2026-08-31 10:03:58.000,60683,53,6,395981.6296030759,7,8,10164,2288,1452.0,286.0,0.0314459032156799,3.788054515220036e-05,1,0,0,BENIGN,BENIGN,0,0
2026-08-31 10:03:58.500,55330,80,6,45754.28353977253,12,10,16716,5270,1393.0,527.0,0.4805233148516715,0.0004808292971316,1,0,0,BENIGN,BENIGN,0,0
2026-08-31 10:03:59.000,1802,443,1,236895.9392421717,16,10,12512,13020,782.0,1302.0,0.1077772801028118,0.0001097528310619,0,0,0,BENIGN,BENIGN,0,0
2026-08-31 10:03:59.500,30189,443,6,266805.3979617064,13,7,18928,6769,1456.0,967.0,0.0963136435595094,7.496100210881385e-05,0,1,0,BENIGN,BENIGN,0,0
2026-08-31 10:04:00.000,59953,8080,6,20312.798281795014,11,7,7623,9884,693.0,1412.0,0.8618704202400135,0.0008861408330565,0,0,0,BENIGN,BENIGN,0,0
2026-08-31 10:04:00.500,2516,8080,6,160094.43618852377,10,8,3970,6640,397.0,830.0,0.0662733837098695,0.000112433638716,0,0,0,BENIGN,BENIGN,0,0
2026-08-31 10:04:01.000,31486,445,6,1557815.2791345702,11,8,16027,7608,1457.0,951.0,0.0151718886805234,1.219656801057524e-05,1,0,0,BENIGN,BENIGN,0,0
2026-08-31 10:04:01.500,50836,443,6,1535579.410874071,8,7,5008,9905,626.0,1415.0,0.0097116436273485,9.768299765991344e-06,1,1,0,BENIGN,BENIGN,0,0
2026-08-31 10:04:02.000,51524,53,6,217184.7116966015,8,14,632,2702,79.0,193.0,0.0153509884457427,0.000101296264489,1,1,0,BENIGN,BENIGN,0,0
2026-08-31 10:04:02.500,14639,80,17,22028.25002621114,13,7,12233,8743,941.0,1249.0,0.9522317917001396,0.0009079250492945,1,1,0,BENIGN,BENIGN,0,0
2026-08-31 10:04:03.000,59667,22,6,98673.90743107394,9,8,2808,7864,312.0,983.0,0.1081542251316347,0.0001722846539765,1,0,0,BENIGN,BENIGN,0,0
2026-08-31 10:04:03.500,45924,8080,6,248969.33703682147,8,7,11864,4438,1483.0,634.0,0.0654779427594098,6.024838310582432e-05,1,0,0,BENIGN,BENIGN,0,0
2026-08-31 10:04:04.000,43970,22,1,1476141.96595691,9,11,10197,16368,1133.0,1488.0,0.017996236549375,1.3548832335309633e-05,0,1,0,BENIGN,BENIGN,0,0
2026-08-31 10:04:04.500,8875,53,17,76109.0612731614,9,3,7812,303,868.0,101.0,0.1066233095400874,0.0001576684799114,1,0,0,BENIGN,BENIGN,0,0
2026-08-31 10:04:05.000,17312,8080,6,720937.0327744139,16,6,10592,8784,662.0,1464.0,0.0268761335857109,3.0515841189391077e-05,0,0,0,BENIGN,BENIGN,0,0
2026-08-31 10:04:05.500,8180,22,6,57527.30898596464,8,9,3976,8181,497.0,909.0,0.2113257201176014,0.0002955118238051,1,1,0,BENIGN,BENIGN,0,0
2026-08-31 10:04:06.000,3068,53,6,1988482.8678910104,9,6,2457,6732,273.0,1122.0,0.0046211109727586,7.543439393990655e-06,0,1,0,BENIGN,BENIGN,0,0
2026-08-31 10:04:06.500,8392,80,6,240323.2311918166,20,6,4720,7230,236.0,1205.0,0.049724697609299,0.0001081876265976,0,1,0,BENIGN,BENIGN,0,0
2026-08-31 10:04:07.000,20924,53,6,746348.9077781293,15,9,8625,4545,575.0,505.0,0.0176459024225418,3.215654200007623e-05,1,1,0,BENIGN,BENIGN,0,0
2026-08-31 10:04:07.500,31624,445,6,209724.52675827945,7,9,6839,10908,977.0,1212.0,0.0846205270955662,7.629055240486056e-05,0,1,0,BENIGN,BENIGN,0,0
2026-08-31 10:04:08.000,47427,8080,6,493985.8527310384,11,7,2046,8659,186.0,1237.0,0.0216706610940371,3.643829048974024e-05,1,1,0,BENIGN,BENIGN,0,0
2026-08-31 10:04:08.500,26658,443,6,106606.56375783344,16,4,9808,1400,613.0,350.0,0.105134239430216,0.0001876057091902,0,1,0,BENIGN,BENIGN,0,0
2026-08-31 10:04:09.000,10192,80,1,78924.34912818772,11,8,12430,9000,1130.0,1125.0,0.271525837514079,0.0002407368601384,1,1,0,BENIGN,BENIGN,0,0
2026-08-31 10:04:09.500,21985,22,1,1390827.969287196,13,9,897,11070,69.0,1230.0,0.008604227312201,1.581791600805734e-05,0,1,0,BENIGN,BENIGN,0,0
2026-08-31 10:04:10.000,50903,8080,6,1248371.883853331,9,8,1314,6840,146.0,855.0,0.0065317075027081,1.3617737005891364e-05,1,1,0,BENIGN,BENIGN,0,0
2026-08-31 10:04:10.500,60895,443,6,1092263.0042230312,4,11,1716,1562,429.0,142.0,0.0030011086957044,1.3732956203650556e-05,1,1,0,BENIGN,BENIGN,0,0
2026-08-31 10:04:11.000,45120,53,6,490992.89432611753,10,14,9180,938,918.0,67.0,0.0206072228676155,4.88805444576768e-05,1,1,0,BENIGN,BENIGN,0,0
2026-08-31 10:04:11.500,47111,443,17,825828.9084967904,10,10,4450,5470,445.0,547.0,0.0120121733422201,2.421809141576636e-05,0,0,0,BENIGN,BENIGN,0,0
2026-08-31 10:04:12.000,24876,8080,6,35767.83847021496,7,6,8288,1038,1184.0,173.0,0.2607370307031187,0.0003634550074137,1,1,0,BENIGN,BENIGN,0,0
2026-08-31 10:04:12.500,34134,8080,6,203825.5291967881,11,6,11814,588,1074.0,98.0,0.0608461562605228,8.34046650886058e-05,1,0,0,BENIGN,BENIGN,0,0
2026-08-31 10:04:13.000,33198,445,17,188222.49106318524,9,7,5607,8071,623.0,1153.0,0.0726693176889348,8.500578176801853e-05,1,0,0,BENIGN,BENIGN,0,0
2026-08-31 10:04:13.500,35239,445,17,504813.7477576721,5,15,1930,1635,386.0,109.0,0.0070620105251981,3.9618572371377846e-05,1,0,0,BENIGN,BENIGN,0,0
2026-08-31 10:04:14.000,27979,443,17,219995.49294118883,13,11,17108,2464,1316.0,224.0,0.0889654589621184,0.0001090931440369,0,1,0,BENIGN,BENIGN,0,0
2026-08-31 10:04:14.500,7605,53,6,80381.87163035273,11,10,9196,6110,836.0,611.0,0.190416068793255,0.0002612529364078,0,1,0,BENIGN,BENIGN,0,0
2026-08-31 10:04:15.000,45643,443,6,453748.59855645394,14,10,2212,2070,158.0,207.0,0.0094369437471064,5.2892725345762296e-05,0,1,0,BENIGN,BENIGN,0,0
2026-08-31 10:04:15.500,7341,8080,6,842037.4140282519,10,4,5590,2468,559.0,617.0,0.0095696460343197,1.662633959797422e-05,1,1,0,BENIGN,BENIGN,0,0
2026-08-31 10:04:16.000,65070,8080,17,240733.33535811168,12,5,15336,5935,1278.0,1187.0,0.0883591795356216,7.061755686641758e-05,0,0,0,BENIGN,BENIGN,0,0
2026-08-31 10:04:16.500,50702,22,17,70936.59592899565,15,9,11580,11484,772.0,1276.0,0.3251354212124116,0.0003383303030306,0,0,0,BENIGN,BENIGN,0,0
2026-08-31 10:04:17.000,43880,445,6,109506.17157946792,14,12,1666,2652,119.0,221.0,0.0394315675301655,0.000237429540478,0,1,0,BENIGN,BENIGN,0,0
2026-08-31 10:04:17.500,46738,22,6,135565.43794021753,15,11,6870,1210,458.0,110.0,0.0596022122022513,0.0001917892966904,0,1,0,BENIGN,BENIGN,0,0
2026-08-31 10:04:18.000,27673,80,6,178264.3294584084,11,7,6853,4165,623.0,595.0,0.0618070930558913,0.000100973649937,0,1,0,BENIGN,BENIGN,0,0
2026-08-31 10:04:18.500,63283,8080,17,514722.8148503714,5,11,3755,9801,751.0,891.0,0.0263365050248983,3.108469167884138e-05,0,1,0,BENIGN,BENIGN,0,0
2026-08-31 10:04:19.000,24156,22,1,459328.6205970264,17,14,22984,17612,1352.0,1258.0,0.0883811680324868,6.74898070993963e-05,1,0,0,BENIGN,BENIGN,0,0
2026-08-31 10:04:19.500,17813,443,6,595495.1573057113,12,8,3276,10840,273.0,1355.0,0.0237046428112532,3.358549562376488e-05,1,1,0,BENIGN,BENIGN,0,0
2026-08-31 10:04:20.000,15591,445,6,225102.05747250505,6,14,1800,15680,300.0,1120.0,0.0776536660548229,8.884858816341295e-05,0,0,0,BENIGN,BENIGN,0,0
2026-08-31 10:04:20.500,15892,445,6,868628.9712209756,13,6,12636,4332,972.0,722.0,0.0195342321773516,2.187355088223018e-05,1,1,0,BENIGN,BENIGN,0,0
2026-08-31 10:04:21.000,25394,53,1,114133.1131411435,9,11,6264,14993,696.0,1363.0,0.18624743874155,0.0001752339829153,1,1,0,BENIGN,BENIGN,0,0
2026-08-31 10:04:21.500,43557,443,17,316534.9990034905,8,12,8680,4284,1085.0,357.0,0.040955976559949,6.318416624490744e-05,1,1,0,BENIGN,BENIGN,0,0
2026-08-31 10:04:22.000,31507,53,17,807071.2848531732,17,13,1989,18642,117.0,1434.0,0.025562797719284,3.717143771889499e-05,1,1,0,BENIGN,BENIGN,0,0
2026-08-31 10:04:22.500,62968,22,6,99322.21514339052,10,12,7810,13752,781.0,1146.0,0.2170914126985612,0.0002215013022617,1,1,0,BENIGN,BENIGN,0,0
2026-08-31 10:04:23.000,53916,80,6,58190.01164852889,9,10,6399,8680,711.0,868.0,0.2591338198810942,0.0003265165181869,0,1,0,BENIGN,BENIGN,0,0
2026-08-31 10:04:23.500,13490,443,6,1075722.187944322,12,7,12924,931,1077.0,133.0,0.0128797194620924,1.7662552853104105e-05,0,0,0,BENIGN,BENIGN,0,0
2026-08-31 10:04:24.000,29827,443,6,209982.10401133297,4,6,4844,1836,1211.0,306.0,0.0318122348146456,4.762310600994863e-05,1,0,0,BENIGN,BENIGN,0,0
2026-08-31 10:04:24.500,19254,443,17,575801.0763540458,11,11,759,15829,69.0,1439.0,0.0288085602492211,3.820763958782646e-05,0,1,0,BENIGN,BENIGN,0,0
2026-08-31 10:04:25.000,18886,53,17,12837.70737638887,11,8,5247,9792,477.0,1224.0,1.1714708512475556,0.0014800150391451,0,0,0,BENIGN,BENIGN,0,0
2026-08-31 10:04:25.500,44379,22,1,585667.122938266,8,6,816,3918,102.0,653.0,0.0080830898893024,2.390436384669089e-05,0,1,0,BENIGN,BENIGN,0,0
2026-08-31 10:04:26.000,32283,443,1,189972.74431331453,16,10,23888,5410,1493.0,541.0,0.1542221233070032,0.0001368617382067,0,0,0,BENIGN,BENIGN,0,0
2026-08-31 10:04:26.500,34563,443,6,28677.315502696187,6,11,7188,15840,1198.0,1440.0,0.8030040325707931,0.0005928030464522,0,1,0,BENIGN,BENIGN,0,0
2026-08-31 10:04:27.000,22933,445,6,470564.278237165,17,10,3332,11750,196.0,1175.0,0.0320508816695136,5.737792103679019e-05,0,0,0,BENIGN,BENIGN,0,0
2026-08-31 10:04:27.500,31819,80,17,137747.52906947656,11,6,6688,3702,608.0,617.0,0.0754278502811128,0.0001234141919902,0,1,0,BENIGN,BENIGN,0,0
2026-08-31 10:04:28.000,50092,445,17,244537.97115747517,6,11,5892,7381,982.0,671.0,0.0542778691449509,6.951885598313613e-05,1,0,0,BENIGN,BENIGN,0,0
2026-08-31 10:04:28.500,9794,445,6,42006.56300335847,16,7,13056,2226,816.0,318.0,0.3638002946144436,0.000547533488819,1,0,0,BENIGN,BENIGN,0,0
2026-08-31 10:04:29.000,12117,80,6,79593.5672216736,13,13,3809,10309,293.0,793.0,0.177376143462783,0.0003266595643881,1,1,0,BENIGN,BENIGN,0,0
2026-08-31 10:04:29.500,47595,22,6,176894.72370675288,12,5,12552,7480,1046.0,1496.0,0.1132424957573953,9.610235762159146e-05,0,1,0,BENIGN,BENIGN,0,0
2026-08-31 10:04:30.000,1217,445,1,47023.214644833846,13,10,16250,2810,1250.0,281.0,0.4053317098779143,0.000489120111605,1,0,0,Reconnaissance-PortScan,Reconnaissance-PortScan,1,1
2026-08-31 10:04:30.500,35799,22,6,1208584.3649551244,11,8,10032,10280,912.0,1285.0,0.0168064394913681,1.5720871914926908e-05,1,0,0,Reconnaissance-PortScan,Reconnaissance-PortScan,1,1
2026-08-31 10:04:31.000,18593,445,6,3032.7002961936714,9,4,12978,3288,1442.0,822.0,5.363536900359067,0.0042866088592566,1,0,0,Reconnaissance-PortScan,Reconnaissance-PortScan,1,1
2026-08-31 10:04:31.500,52570,8080,6,330688.82825591275,7,11,9730,11011,1390.0,1001.0,0.0627205947922794,5.443183579678077e-05,1,0,0,Reconnaissance-PortScan,Reconnaissance-PortScan,1,1
2026-08-31 10:04:32.000,12214,80,6,65765.24538653421,7,6,1666,8094,238.0,1349.0,0.1484066537143089,0.0001976727969555,1,0,0,Reconnaissance-PortScan,Reconnaissance-PortScan,1,1
2026-08-31 10:04:32.500,63848,445,6,183852.84366564467,8,7,7360,7168,920.0,1024.0,0.0790197187574126,8.15869893558088e-05,1,0,0,Reconnaissance-PortScan,Reconnaissance-PortScan,1,1
2026-08-31 10:04:33.000,43776,8080,6,1302247.6861313058,9,10,11106,430,1234.0,43.0,0.0088585298501718,1.4590158387072247e-05,1,0,0,Reconnaissance-PortScan,Reconnaissance-PortScan,1,1
2026-08-31 10:04:33.500,33351,53,6,88186.37500620277,16,5,22048,1795,1378.0,359.0,0.2703705645641886,0.0002381320243194,1,0,0,Reconnaissance-PortScan,Reconnaissance-PortScan,1,1
2026-08-31 10:04:34.000,43094,8080,6,1688237.5513656626,12,9,540,12456,45.0,1384.0,0.0076979688014937,1.243900775864636e-05,1,0,0,Reconnaissance-PortScan,Reconnaissance-PortScan,1,1
2026-08-31 10:04:34.500,21413,443,6,115206.44010807305,10,13,13190,13923,1319.0,1071.0,0.2353427462233219,0.0001996416170522,1,0,0,Reconnaissance-PortScan,Reconnaissance-PortScan,1,1
2026-08-31 10:04:35.000,41221,445,6,676557.6782451039,13,13,11180,14495,860.0,1115.0,0.03794946214522,3.842983508376709e-05,1,0,0,Reconnaissance-PortScan,Reconnaissance-PortScan,1,1
2026-08-31 10:04:35.500,3285,8080,17,395575.4838216908,9,13,12447,13819,1383.0,1063.0,0.0663994637523483,5.561517560921583e-05,1,0,0,Reconnaissance-PortScan,Reconnaissance-PortScan,1,1
2026-08-31 10:04:36.000,53912,22,6,1079150.294663645,11,10,3157,12050,287.0,1205.0,0.0140916423551539,1.9459754682595704e-05,1,0,0,Reconnaissance-PortScan,Reconnaissance-PortScan,1,1
2026-08-31 10:04:36.500,29393,53,6,403710.6024430614,8,5,344,4090,43.0,818.0,0.010983115065737,3.220128458605811e-05,1,0,0,Reconnaissance-PortScan,Reconnaissance-PortScan,1,1
2026-08-31 10:04:37.000,27536,445,17,382385.2032951791,9,10,4968,8660,552.0,866.0,0.0356394543570337,4.9688115114737386e-05,1,0,0,Reconnaissance-PortScan,Reconnaissance-PortScan,1,1
2026-08-31 10:04:37.500,7740,443,6,108741.05401548078,9,6,7893,1914,877.0,319.0,0.0901867292706393,0.0001379423818761,1,0,0,Reconnaissance-PortScan,Reconnaissance-PortScan,1,1
2026-08-31 10:04:38.000,22283,8080,6,90898.4644486146,16,7,8720,8057,545.0,1151.0,0.1845685743969684,0.0002530295768689,1,0,0,Reconnaissance-PortScan,Reconnaissance-PortScan,1,1
2026-08-31 10:04:38.500,29957,53,6,1241389.3644023845,11,8,770,9784,70.0,1223.0,0.0085017644766078,1.530543159518183e-05,1,0,0,Reconnaissance-PortScan,Reconnaissance-PortScan,1,1
2026-08-31 10:04:39.000,42713,445,6,198628.0959599893,15,7,20070,7168,1338.0,1024.0,0.1371306504600204,0.0001107597587972,1,0,0,Reconnaissance-PortScan,Reconnaissance-PortScan,1,1
2026-08-31 10:04:39.500,5402,53,6,232673.05016637416,18,6,13464,402,748.0,67.0,0.0595943534908279,0.0001031490324376,1,0,0,Reconnaissance-PortScan,Reconnaissance-PortScan,1,1
2026-08-31 10:04:40.000,41607,22,6,713190.934446603,11,10,10175,8490,925.0,849.0,0.0261711122481125,2.9445130308618405e-05,0,0,0,SSH-Bruteforce,SSH-Bruteforce,1,2
2026-08-31 10:04:40.500,47570,22,6,206867.21426098293,10,11,13880,3421,1388.0,311.0,0.0836333590171364,0.0001015143945066,1,1,0,SSH-Bruteforce,SSH-Bruteforce,1,2
2026-08-31 10:04:41.000,20859,22,6,1518928.043359221,13,12,16120,13956,1240.0,1163.0,0.0198008063194927,1.645897586073009e-05,0,1,0,SSH-Bruteforce,SSH-Bruteforce,1,2
2026-08-31 10:04:41.500,30057,22,6,669567.561186252,17,9,22950,11403,1350.0,1267.0,0.0513062489745243,3.883103290360766e-05,0,0,0,SSH-Bruteforce,SSH-Bruteforce,1,2
2026-08-31 10:04:42.000,25024,22,6,454942.2013624884,8,9,6296,2061,787.0,229.0,0.0183693664267422,3.736738413959773e-05,1,1,0,SSH-Bruteforce,SSH-Bruteforce,1,2
2026-08-31 10:04:42.500,46520,22,6,1063875.5849505416,3,11,354,6435,118.0,585.0,0.0063813852822384,1.315943348819237e-05,1,1,0,SSH-Bruteforce,SSH-Bruteforce,1,2
2026-08-31 10:04:43.000,11356,22,6,25439.2735453842,6,14,1692,4662,282.0,333.0,0.249771283215561,0.0007861859717203,0,1,0,SSH-Bruteforce,SSH-Bruteforce,1,2
2026-08-31 10:04:43.500,43628,22,6,148571.8074647934,8,12,4320,10644,540.0,887.0,0.1007189739045126,0.0001346150413051,1,0,0,SSH-Bruteforce,SSH-Bruteforce,1,2
2026-08-31 10:04:44.000,3824,22,17,312778.22441201366,8,8,1952,11256,244.0,1407.0,0.0422280036419006,5.115445625911642e-05,1,0,0,SSH-Bruteforce,SSH-Bruteforce,1,2
2026-08-31 10:04:44.500,30562,22,6,128724.23406502642,6,10,8676,8100,1446.0,810.0,0.1303251102680648,0.0001242967193782,1,0,0,SSH-Bruteforce,SSH-Bruteforce,1,2
2026-08-31 10:04:45.000,31143,22,6,681103.7704843597,8,9,6096,7272,762.0,808.0,0.019626965198412,2.4959485964467705e-05,1,0,0,SSH-Bruteforce,SSH-Bruteforce,1,2
2026-08-31 10:04:45.500,9357,22,6,1257938.8563121464,16,7,5952,644,372.0,92.0,0.0052434980975822,1.828387753856767e-05,0,0,0,SSH-Bruteforce,SSH-Bruteforce,1,2
2026-08-31 10:04:46.000,6434,22,6,275624.3002811302,9,12,5778,8676,642.0,723.0,0.0524409494545033,7.619066961011273e-05,0,0,0,SSH-Bruteforce,SSH-Bruteforce,1,2
2026-08-31 10:04:46.500,18863,22,6,209375.94394579035,10,8,2050,8880,205.0,1110.0,0.0522027497213713,8.596976166374057e-05,1,0,0,SSH-Bruteforce,SSH-Bruteforce,1,2
2026-08-31 10:04:47.000,57068,22,17,1629207.8122504405,10,10,2000,10500,200.0,1050.0,0.0076724404989544,1.2275904798327138e-05,1,1,0,SSH-Bruteforce,SSH-Bruteforce,1,2
2026-08-31 10:04:47.500,64339,22,17,294260.6568900544,17,7,765,10395,45.0,1485.0,0.0379255593240604,8.156034263238798e-05,1,1,0,SSH-Bruteforce,SSH-Bruteforce,1,2
2026-08-31 10:04:48.000,31543,22,6,335740.20519313373,12,6,2928,4452,244.0,742.0,0.0219812816148571,5.3612881987456384e-05,0,0,0,SSH-Bruteforce,SSH-Bruteforce,1,2
2026-08-31 10:04:48.500,6832,22,17,216662.2040451897,8,12,4568,11064,571.0,922.0,0.0721491783403907,9.230959357777726e-05,1,0,0,SSH-Bruteforce,SSH-Bruteforce,1,2
2026-08-31 10:04:49.000,7820,22,6,1201470.5925810724,7,7,8141,3528,1163.0,504.0,0.0097122643466743,1.1652386738661513e-05,0,1,0,SSH-Bruteforce,SSH-Bruteforce,1,2
2026-08-31 10:04:49.500,22204,22,6,420771.9535815295,12,11,1008,6512,84.0,592.0,0.0178719136002589,5.466143787313255e-05,0,0,0,SSH-Bruteforce,SSH-Bruteforce,1,2
2026-08-31 10:04:50.000,55269,22,6,718109.2170419446,100,9,49600,8604,496.0,956.0,0.0810517378386327,0.0001517874961241,1,0,0,DoS-DoS attack-HOIC,DoS-DoS attack-HOIC,1,3
2026-08-31 10:04:50.500,44080,8080,1,835142.8752002451,120,14,31920,20888,266.0,1492.0,0.0632322942187655,0.0001604515873601,1,0,0,DoS-DoS attack-HOIC,DoS-DoS attack-HOIC,1,3
2026-08-31 10:04:51.000,18733,8080,6,209160.477195416,50,10,68900,10470,1378.0,1047.0,0.3794693962284801,0.0002868610781618,1,1,0,DoS-DoS attack-HOIC,DoS-DoS attack-HOIC,1,3
2026-08-31 10:04:51.500,55152,445,6,284310.6479415647,140,6,12740,8760,91.0,1460.0,0.0756215082161212,0.0005135227999792,1,1,0,DoS-DoS attack-HOIC,DoS-DoS attack-HOIC,1,3
2026-08-31 10:04:52.000,59581,443,6,943491.6819182006,150,15,181350,3495,1209.0,233.0,0.1959158766744343,0.000174882304911,1,1,0,DoS-DoS attack-HOIC,DoS-DoS attack-HOIC,1,3
2026-08-31 10:04:52.500,18567,443,6,225693.28491566292,60,12,80640,1260,1344.0,105.0,0.3628818643274015,0.0003190170235845,1,0,0,DoS-DoS attack-HOIC,DoS-DoS attack-HOIC,1,3
2026-08-31 10:04:53.000,38442,22,6,789782.1368013675,90,8,106740,4752,1186.0,594.0,0.141168044709308,0.000124084852559,1,1,0,DoS-DoS attack-HOIC,DoS-DoS attack-HOIC,1,3
2026-08-31 10:04:53.500,30099,80,6,1415043.8588425273,140,15,71400,9600,510.0,640.0,0.0572420419998032,0.0001095372408638,0,1,0,DoS-DoS attack-HOIC,DoS-DoS attack-HOIC,1,3
2026-08-31 10:04:54.000,38779,445,6,488034.1330162804,110,12,102960,13068,936.0,1089.0,0.237745666026503,0.0002499825150414,0,0,0,DoS-DoS attack-HOIC,DoS-DoS attack-HOIC,1,3
2026-08-31 10:04:54.500,48992,8080,6,676676.0571219642,100,4,136000,4648,1360.0,1162.0,0.2078513027284059,0.0001536924484084,0,0,0,DoS-DoS attack-HOIC,DoS-DoS attack-HOIC,1,3
2026-08-31 10:04:55.000,38489,445,6,817627.4405433673,7,17,4571,8755,653.0,515.0,0.0162983766677167,2.935322227414101e-05,1,0,0,BENIGN,BENIGN,0,0
2026-08-31 10:04:55.500,31526,22,6,932292.9970591489,4,7,2204,4284,551.0,612.0,0.0069591855998021,1.1798865844300794e-05,0,0,0,BENIGN,BENIGN,0,0
2026-08-31 10:04:56.000,17748,53,6,251307.49329227052,8,5,6600,4005,825.0,801.0,0.0421992987978452,5.172945632927749e-05,0,1,0,BENIGN,BENIGN,0,0
2026-08-31 10:04:56.500,4852,53,6,26312.068296341826,10,8,12650,7408,1265.0,926.0,0.7623117942106266,0.0006840967342602,1,1,0,BENIGN,BENIGN,0,0
2026-08-31 10:04:57.000,52144,22,17,256978.82107342815,15,14,6810,12166,454.0,869.0,0.0738426611189077,0.0001128497666762,0,0,0,BENIGN,BENIGN,0,0
2026-08-31 10:04:57.500,18111,8080,6,560055.2078255975,11,8,7183,968,653.0,121.0,0.0145539223383004,3.392522689580523e-05,1,0,0,BENIGN,BENIGN,0,0
2026-08-31 10:04:58.000,13629,22,6,299237.134411888,12,10,17820,14610,1485.0,1461.0,0.1083755866819578,7.352028698745214e-05,0,0,0,BENIGN,BENIGN,0,0
2026-08-31 10:04:58.500,32361,8080,6,691077.7706523328,12,9,6708,6651,559.0,739.0,0.0193306753119792,3.038731802916115e-05,1,0,0,BENIGN,BENIGN,0,0
2026-08-31 10:04:59.000,6506,443,6,220791.61462632145,11,12,7843,17472,713.0,1456.0,0.1146556224143647,0.0001041706227742,1,0,0,BENIGN,BENIGN,0,0
2026-08-31 10:04:59.500,28029,22,6,503578.59384851786,8,6,9088,498,1136.0,83.0,0.0190357575101637,2.780102286066065e-05,1,1,0,BENIGN,BENIGN,0,0
2026-08-31 10:05:00.000,23784,8080,6,103155.38839664776,9,8,3456,6904,384.0,863.0,0.1004310115062526,0.0001647999223558,0,0,0,BENIGN,BENIGN,0,0
2026-08-31 10:05:00.500,51976,22,6,691887.6416211573,7,7,7630,4543,1090.0,649.0,0.0175938971410178,2.0234499299618e-05,1,1,0,BENIGN,BENIGN,0,0
2026-08-31 10:05:01.000,6487,22,6,394494.3164265836,14,10,17248,11540,1232.0,1154.0,0.0729744353734631,6.0837378385546624e-05,0,0,0,BENIGN,BENIGN,0,0
2026-08-31 10:05:01.500,47652,8080,6,114118.49327172885,11,9,8954,12528,814.0,1392.0,0.1882429340086583,0.00017525643237,0,1,0,BENIGN,BENIGN,0,0
2026-08-31 10:05:02.000,5936,8080,6,172592.8659983607,13,6,8112,8862,624.0,1477.0,0.0983470545021122,0.0001100856625156,1,0,0,BENIGN,BENIGN,0,0
2026-08-31 10:05:02.500,5672,80,6,690372.3118836989,12,8,15264,6072,1272.0,759.0,0.0309050633005184,2.8969875609784786e-05,0,0,0,BENIGN,BENIGN,0,0
2026-08-31 10:05:03.000,34647,22,6,329470.69872314064,9,7,8271,5110,919.0,730.0,0.040613626800355,4.856274036362615e-05,0,1,0,BENIGN,BENIGN,0,0
2026-08-31 10:05:03.500,60180,53,6,121693.1809890208,7,12,6559,8856,937.0,738.0,0.1266710252246922,0.000156130358694,0,1,0,BENIGN,BENIGN,0,0
2026-08-31 10:05:04.000,36658,22,6,1709749.7802627042,10,13,8870,11388,887.0,876.0,0.0118485173875962,1.3452260831015584e-05,1,1,0,BENIGN,BENIGN,0,0
2026-08-31 10:05:04.500,45626,22,6,627852.4304898707,15,11,11460,1639,764.0,149.0,0.0208631827539014,4.141100477910048e-05,0,1,0,BENIGN,BENIGN,0,0
2026-08-31 10:05:05.000,50086,8080,6,1574847.8650852593,11,8,7656,2064,696.0,258.0,0.0061720247494586,1.2064657432069305e-05,0,1,0,BENIGN,BENIGN,0,0
2026-08-31 10:05:05.500,50358,22,6,278526.4521548618,13,13,8450,6526,650.0,502.0,0.053768681156128,9.334840478494448e-05,0,1,0,BENIGN,BENIGN,0,0
2026-08-31 10:05:06.000,4136,445,6,322274.0798921673,6,11,8238,9889,1373.0,899.0,0.0562471546129394,5.2750131208692574e-05,0,1,0,BENIGN,BENIGN,0,0
2026-08-31 10:05:06.500,23078,22,6,1141171.7525227878,12,8,12756,4432,1063.0,554.0,0.0150617117553531,1.752584565435549e-05,0,1,0,BENIGN,BENIGN,0,0
2026-08-31 10:05:07.000,5516,445,17,372272.177271802,7,12,6902,8112,986.0,676.0,0.040330706714713,5.103792644062522e-05,0,0,0,BENIGN,BENIGN,0,0
2026-08-31 10:05:07.500,23231,53,17,614267.5205466504,17,11,3723,14520,219.0,1320.0,0.0296987865864504,4.5582745404846325e-05,1,0,0,BENIGN,BENIGN,0,0
2026-08-31 10:05:08.000,16138,8080,6,145291.7236831758,14,5,9604,6280,686.0,1256.0,0.1093248782259856,0.0001307713854377,1,0,0,BENIGN,BENIGN,0,0
2026-08-31 10:05:08.500,35309,22,6,295951.38405445684,14,7,6678,4662,477.0,666.0,0.0383171041279205,7.095760023688991e-05,1,1,0,BENIGN,BENIGN,0,0
2026-08-31 10:05:09.000,17042,445,17,65880.68904692832,12,13,5208,1417,434.0,109.0,0.1005605754104249,0.0003794738694733,1,1,0,BENIGN,BENIGN,0,0
2026-08-31 10:05:09.500,22410,445,6,115323.33715965669,9,9,5697,4482,633.0,498.0,0.0882648755214677,0.0001560828921688,0,0,0,BENIGN,BENIGN,0,0
2026-08-31 10:05:10.000,18764,445,6,471.9302819514585,11,15,1056,21675,96.0,1445.0,48.16601177687923,0.0550928822400624,0,1,0,BENIGN,BENIGN,0,0
2026-08-31 10:05:10.500,60542,443,6,20028.3581105462,10,7,12370,952,1237.0,136.0,0.6651568700648285,0.000848796486346,0,0,0,BENIGN,BENIGN,0,0
2026-08-31 10:05:11.000,53805,80,6,1892338.986460617,10,14,3650,3682,365.0,263.0,0.003874570070384,1.2682717088000268e-05,0,1,0,BENIGN,BENIGN,0,0
2026-08-31 10:05:11.500,53804,53,6,138769.30925721454,16,8,5776,6960,361.0,870.0,0.091778218593533,0.0001729489043847,1,1,0,BENIGN,BENIGN,0,0
2026-08-31 10:05:12.000,62464,22,6,544297.3802898314,10,16,2220,21504,222.0,1344.0,0.0435864673589489,4.7768005030040106e-05,1,1,0,BENIGN,BENIGN,0,0
2026-08-31 10:05:12.500,45223,443,6,913485.1765064847,12,13,3288,18148,274.0,1396.0,0.0234661717026922,2.7367712846021043e-05,0,1,0,BENIGN,BENIGN,0,0
2026-08-31 10:05:13.000,62059,22,6,399988.2307589983,17,16,11186,10880,658.0,680.0,0.0551666231718292,8.25024274753179e-05,0,0,0,BENIGN,BENIGN,0,0
2026-08-31 10:05:13.500,9234,22,6,83112.60055428343,18,3,22482,4404,1249.0,1468.0,0.3234888550888866,0.0002526692686478,0,0,0,BENIGN,BENIGN,0,0
2026-08-31 10:05:14.000,45387,8080,6,651190.6913898306,12,11,3660,5885,305.0,535.0,0.0146577648084643,3.53199152011189e-05,1,0,0,BENIGN,BENIGN,0,0
2026-08-31 10:05:14.500,46663,8080,6,458459.7273639555,16,4,16768,4996,1048.0,1249.0,0.0474719996119693,4.3624333405595817e-05,1,1,0,BENIGN,BENIGN,0,0
2026-08-31 10:05:15.000,13767,8080,6,656987.9462315672,7,7,6167,7707,881.0,1101.0,0.0211175868284479,2.1309371168968687e-05,1,0,0,BENIGN,BENIGN,0,0
2026-08-31 10:05:15.500,61372,443,17,734287.4683334661,15,8,5520,6464,368.0,808.0,0.0163205835815714,3.1322882374511195e-05,0,0,0,BENIGN,BENIGN,0,0
2026-08-31 10:05:16.000,56308,22,6,1852715.1877392395,7,10,9996,7990,1428.0,799.0,0.0097079141569785,9.175722265575184e-06,0,0,0,BENIGN,BENIGN,0,0
2026-08-31 10:05:16.500,43116,80,6,426145.6467891168,12,6,8664,3162,722.0,527.0,0.0277510754570132,4.223907984324693e-05,0,0,0,BENIGN,BENIGN,0,0
2026-08-31 10:05:17.000,45323,53,6,209002.53745108892,9,11,567,6545,63.0,595.0,0.0340282949977297,9.569261810385196e-05,1,0,0,BENIGN,BENIGN,0,0
2026-08-31 10:05:17.500,7612,8080,6,522722.36948028783,10,11,13240,11341,1324.0,1031.0,0.0470249628382447,4.017428988255721e-05,1,0,0,BENIGN,BENIGN,0,0
2026-08-31 10:05:18.000,4335,8080,6,35447.72006310756,11,8,15598,4224,1418.0,528.0,0.5591897013155995,0.0005360006217836,1,1,0,BENIGN,BENIGN,0,0
2026-08-31 10:05:18.500,23456,22,6,1138445.6046852656,16,11,3760,1056,235.0,96.0,0.0042303294774361,2.371654815007806e-05,0,1,0,BENIGN,BENIGN,0,0
2026-08-31 10:05:19.000,61740,22,6,63565.11128522884,13,11,8450,6061,650.0,551.0,0.228285606747442,0.0003775656096711,1,1,0,BENIGN,BENIGN,0,0
2026-08-31 10:05:19.500,65113,443,6,198631.54680455147,8,8,11168,10488,1396.0,1311.0,0.10902598478085,8.055115240550432e-05,0,1,0,BENIGN,BENIGN,0,0
2026-08-31 10:05:20.000,56422,443,6,845718.3384991585,13,12,8476,1716,652.0,143.0,0.0120512935996712,2.956066915146983e-05,0,0,0,BENIGN,BENIGN,0,0
2026-08-31 10:05:20.500,34779,8080,6,454797.0749700628,10,11,6710,6556,671.0,596.0,0.0291690530344364,4.617443944845201e-05,0,0,0,BENIGN,BENIGN,0,0
2026-08-31 10:05:21.000,4345,22,6,250137.0110125041,14,5,5040,495,360.0,99.0,0.0221278729500051,7.595837146343219e-05,1,1,0,BENIGN,BENIGN,0,0
2026-08-31 10:05:21.500,16836,80,6,320690.87522927223,12,13,17280,10062,1440.0,774.0,0.0852596756287491,7.795669266032944e-05,1,0,0,BENIGN,BENIGN,0,0
2026-08-31 10:05:22.000,38407,53,6,963952.4859532232,9,8,2178,10408,242.0,1301.0,0.0130566601396577,1.763572400875429e-05,1,0,0,BENIGN,BENIGN,0,0
2026-08-31 10:05:22.500,49304,22,17,207761.04476451932,6,7,6918,2870,1153.0,410.0,0.0471118154542532,6.257188403200778e-05,1,0,0,BENIGN,BENIGN,0,0
2026-08-31 10:05:23.000,14170,22,6,1018764.8602969112,8,6,1728,390,216.0,65.0,0.0020789880791156,1.374213083457e-05,1,1,0,BENIGN,BENIGN,0,0
2026-08-31 10:05:23.500,58541,445,6,46131.351079664135,16,11,10656,4752,666.0,432.0,0.3340027906412697,0.0005852852639741,1,0,0,BENIGN,BENIGN,0,0
2026-08-31 10:05:24.000,14678,443,6,749840.0233730234,13,10,923,6450,71.0,645.0,0.0098327640164305,3.067320932834689e-05,0,1,0,BENIGN,BENIGN,0,0
2026-08-31 10:05:24.500,53917,53,6,940451.5398126732,12,9,11820,1341,985.0,149.0,0.0139943414867304,2.2329699203809752e-05,1,1,0,BENIGN,BENIGN,0,0
2026-08-31 10:05:25.000,36844,8080,6,100335.02446510932,14,12,10724,17460,766.0,1455.0,0.280898919868124,0.0002591318448967,1,0,0,BENIGN,BENIGN,0,0
2026-08-31 10:05:25.500,56750,22,6,281363.5272805919,13,14,12909,11368,993.0,812.0,0.0862833937069844,9.596126498696625e-05,0,1,0,BENIGN,BENIGN,0,0
2026-08-31 10:05:26.000,1750,8080,6,90461.13292735316,15,10,12885,2930,859.0,293.0,0.1748264639903672,0.000276361783102,1,1,0,BENIGN,BENIGN,0,0
2026-08-31 10:05:26.500,4784,22,6,613116.2431452706,12,6,9960,5736,830.0,956.0,0.0256003656325004,2.935821746846386e-05,1,1,0,BENIGN,BENIGN,0,0
2026-08-31 10:05:27.000,23214,8080,6,383233.0207536978,11,11,3102,8855,282.0,805.0,0.0312003385725279,5.740632672038258e-05,0,1,0,BENIGN,BENIGN,0,0
2026-08-31 10:05:27.500,2899,53,6,504372.09970856167,11,8,1199,9280,109.0,1160.0,0.0207763276474794,3.767060075408999e-05,1,1,0,BENIGN,BENIGN,0,0
2026-08-31 10:05:28.000,24401,443,6,109380.9367976864,11,10,11594,5770,1054.0,577.0,0.1587479546872906,0.0001919895789238,0,0,0,BENIGN,BENIGN,0,0
2026-08-31 10:05:28.500,47761,53,6,118967.36551684728,14,6,15876,7002,1134.0,1167.0,0.1923048383788673,0.0001681133301677,0,0,0,BENIGN,BENIGN,0,0
2026-08-31 10:05:29.000,5057,445,6,21191.4631066632,8,9,1576,5886,197.0,654.0,0.3521229260537705,0.0008022098288547,0,1,0,BENIGN,BENIGN,0,0
2026-08-31 10:05:29.500,39235,80,6,194353.8027181601,14,6,8232,3756,588.0,626.0,0.0616813246343702,0.0001029051128367,1,1,0,BENIGN,BENIGN,0,0
2026-08-31 10:05:30.000,18397,443,6,410200.20261840674,11,8,4015,5088,365.0,636.0,0.0221916028848143,4.631884596412979e-05,0,1,0,BENIGN,BENIGN,0,0
2026-08-31 10:05:30.500,4768,53,1,975734.9871303202,9,7,9882,8939,1098.0,1277.0,0.0192890490225839,1.6397895136355344e-05,1,1,0,BENIGN,BENIGN,0,0
2026-08-31 10:05:31.000,61054,445,6,549697.4686168277,8,12,3992,1824,499.0,152.0,0.0105803652589644,3.638364944623271e-05,0,1,0,BENIGN,BENIGN,0,0
2026-08-31 10:05:31.500,26019,80,6,285815.6256583508,14,9,6370,12375,455.0,1375.0,0.0655842379371901,8.04714575916444e-05,1,1,0,BENIGN,BENIGN,0,0
2026-08-31 10:05:32.000,18001,445,6,1530083.286932174,9,10,5490,6080,610.0,608.0,0.0075616798763434,1.2417624688895816e-05,0,1,0,BENIGN,BENIGN,0,0
2026-08-31 10:05:32.500,64996,22,6,635136.7952496542,10,12,9250,11928,925.0,994.0,0.0333439979514052,3.463820733454128e-05,1,0,0,BENIGN,BENIGN,0,0
2026-08-31 10:05:33.000,33426,22,6,1330811.4335561378,13,14,19266,13090,1482.0,935.0,0.024312986185651,2.0288373934125932e-05,1,1,0,BENIGN,BENIGN,0,0
2026-08-31 10:05:33.500,35566,8080,6,374951.8681013277,15,15,8250,17460,550.0,1164.0,0.0685688009223797,8.001026945435205e-05,1,0,0,BENIGN,BENIGN,0,0
2026-08-31 10:05:34.000,11675,443,6,149812.73910731715,7,12,2849,9612,407.0,801.0,0.0831771722045739,0.0001268249957376,1,0,0,BENIGN,BENIGN,0,0
2026-08-31 10:05:34.500,34727,22,6,27136.59459926547,14,13,13314,12701,951.0,977.0,0.9586685571489316,0.0009949664056513,1,1,0,BENIGN,BENIGN,0,0
2026-08-31 10:05:35.000,14419,445,6,647468.4487511171,9,6,8298,4152,922.0,692.0,0.0192287362014661,2.316715204995917e-05,1,0,0,BENIGN,BENIGN,0,0
2026-08-31 10:05:35.500,30832,443,17,64657.57417544264,11,10,2706,1230,246.0,123.0,0.0608745386690701,0.0003247879349721,1,1,0,BENIGN,BENIGN,0,0
2026-08-31 10:05:36.000,37600,22,6,180323.64611878849,12,9,17088,6822,1424.0,758.0,0.132594923146814,0.0001164572725254,1,0,0,BENIGN,BENIGN,0,0
2026-08-31 10:05:36.500,17739,8080,6,380146.8515320969,18,5,26982,4535,1499.0,907.0,0.0829074339880725,6.050293434418465e-05,1,0,0,BENIGN,BENIGN,0,0
2026-08-31 10:05:37.000,45433,53,6,415534.4844754279,20,8,12340,7904,617.0,988.0,0.048717978304662,6.738309585707059e-05,0,1,0,BENIGN,BENIGN,0,0
2026-08-31 10:05:37.500,25330,8080,1,458874.8941236248,11,6,14663,2046,1333.0,341.0,0.036412974894927,3.704713467076188e-05,0,0,0,BENIGN,BENIGN,0,0
2026-08-31 10:05:38.000,20110,80,6,90914.03749788478,10,16,12960,20480,1296.0,1280.0,0.3678199859631118,0.0002859844388469,0,0,0,BENIGN,BENIGN,0,0
2026-08-31 10:05:38.500,15400,22,6,238806.1750003812,10,9,7080,5463,708.0,607.0,0.0525237674421724,7.956243174689286e-05,0,0,0,BENIGN,BENIGN,0,0
2026-08-31 10:05:39.000,62374,80,1,480113.7694201848,13,9,1885,5220,145.0,580.0,0.0147985757801373,4.582247250711085e-05,0,0,0,BENIGN,BENIGN,0,0
2026-08-31 10:05:39.500,6913,80,17,1750269.1032642317,15,11,10575,1441,705.0,131.0,0.0068652300252124,1.4854858576525036e-05,1,1,0,BENIGN,BENIGN,0,0
2026-08-31 10:05:40.000,38846,445,17,650299.0099882649,12,8,12972,5544,1081.0,693.0,0.0284730558025136,3.0755082957997066e-05,0,0,0,BENIGN,BENIGN,0,0
2026-08-31 10:05:40.500,37660,443,6,1279408.5204151128,10,10,2990,6530,299.0,653.0,0.0074409384086614,1.5632223547608188e-05,0,1,0,BENIGN,BENIGN,0,0
2026-08-31 10:05:41.000,21608,445,6,718188.0019041757,9,11,3168,1210,352.0,110.0,0.00609589687983,2.7847861488488117e-05,0,1,0,BENIGN,BENIGN,0,0
2026-08-31 10:05:41.500,50377,22,6,447897.3206920344,8,12,5360,17568,670.0,1464.0,0.0511903039832045,4.465309140195792e-05,0,1,0,BENIGN,BENIGN,0,0
2026-08-31 10:05:42.000,52673,80,17,106611.07153887136,13,4,15145,2832,1165.0,708.0,0.1686222616359239,0.0001594581102414,1,1,0,BENIGN,BENIGN,0,0
2026-08-31 10:05:42.500,35634,53,6,549334.6229838425,15,11,8640,1320,576.0,120.0,0.0181310253952655,4.732998597157681e-05,1,0,0,BENIGN,BENIGN,0,0
2026-08-31 10:05:43.000,11082,80,6,488258.702481846,11,10,13673,11630,1243.0,1163.0,0.0518229370431396,4.300998608488848e-05,0,0,0,BENIGN,BENIGN,0,0
2026-08-31 10:05:43.500,60364,53,6,461241.3946485956,6,9,4278,5706,713.0,634.0,0.0216459322940648,3.252093193218876e-05,0,0,0,BENIGN,BENIGN,0,0
2026-08-31 10:05:44.000,63753,445,6,336462.3873466977,10,5,14630,1285,1463.0,257.0,0.0473009780529431,4.45815061761952e-05,0,0,0,BENIGN,BENIGN,0,0
2026-08-31 10:05:44.500,10125,445,6,376084.1860176812,10,9,3890,8307,389.0,923.0,0.0324315683911853,5.05206033805461e-05,0,1,0,BENIGN,BENIGN,0,0
2026-08-31 10:05:45.000,13521,443,6,203565.14221109112,14,9,3556,7092,254.0,788.0,0.0523075801869617,0.0001129859451822,1,1,0,BENIGN,BENIGN,0,0
2026-08-31 10:05:45.500,5682,80,6,366269.1544645326,8,5,11568,820,1446.0,164.0,0.0338221219249882,3.5493024299713216e-05,1,0,0,BENIGN,BENIGN,0,0
2026-08-31 10:05:46.000,12405,8080,6,110046.54540075028,13,9,15431,2160,1187.0,240.0,0.1598505426439453,0.0001999154077748,1,1,0,BENIGN,BENIGN,0,0
2026-08-31 10:05:46.500,65224,445,6,817825.2330108547,11,6,14905,6390,1355.0,1065.0,0.0260385705162718,2.0786837228298747e-05,0,1,0,BENIGN,BENIGN,0,0
2026-08-31 10:05:47.000,41336,445,6,102760.46954361122,10,6,3670,3678,367.0,613.0,0.0715060959911872,0.0001557018965513,1,1,0,BENIGN,BENIGN,0,0
2026-08-31 10:05:47.500,41510,443,6,44397.18636719816,13,9,11518,9747,886.0,1083.0,0.4789717938279403,0.0004955268969769,0,1,0,BENIGN,BENIGN,0,0
2026-08-31 10:05:48.000,47643,53,6,286568.6697998409,7,11,959,11242,137.0,1022.0,0.0425761825537182,6.281216998335617e-05,1,1,0,BENIGN,BENIGN,0,0
2026-08-31 10:05:48.500,18178,443,6,536921.9460689436,9,6,6282,4566,698.0,761.0,0.0202040540142216,2.7937021590461404e-05,1,1,0,BENIGN,BENIGN,0,0
2026-08-31 10:05:49.000,20563,80,6,287874.8428817034,9,10,3051,9910,339.0,991.0,0.045023038032107,6.600090445259113e-05,0,1,0,BENIGN,BENIGN,0,0
2026-08-31 10:05:49.500,60869,22,6,162003.02408773827,15,7,1035,1533,69.0,219.0,0.0158515559465772,0.0001357999341217,1,1,0,BENIGN,BENIGN,0,0
2026-08-31 10:05:50.000,61082,22,6,408416.3828959275,14,9,15918,13248,1137.0,1472.0,0.0714124144395988,5.631507687412652e-05,1,1,0,SSH-Bruteforce,SSH-Bruteforce,1,2
2026-08-31 10:05:50.500,63092,22,6,213090.8630736617,20,13,4220,14625,211.0,1125.0,0.0884364525409109,0.0001548635146643,0,0,0,SSH-Bruteforce,SSH-Bruteforce,1,2
2026-08-31 10:05:51.000,12801,22,6,1350544.9163326034,13,11,13741,3432,1057.0,312.0,0.0127156081905857,1.7770604820011576e-05,1,0,0,SSH-Bruteforce,SSH-Bruteforce,1,2
2026-08-31 10:05:51.500,35420,22,6,1279675.9337628535,11,5,10582,4230,962.0,846.0,0.0115748054715149,1.2503165510683152e-05,1,1,0,SSH-Bruteforce,SSH-Bruteforce,1,2
2026-08-31 10:05:52.000,31397,22,6,348951.0536359083,7,11,861,8822,123.0,802.0,0.0277488773821719,5.158316563865479e-05,0,0,0,SSH-Bruteforce,SSH-Bruteforce,1,2
2026-08-31 10:05:52.500,34178,22,1,198662.16270422863,12,13,12288,13949,1024.0,1073.0,0.1320684303519909,0.000125841779121,1,1,0,SSH-Bruteforce,SSH-Bruteforce,1,2
2026-08-31 10:05:53.000,7055,22,6,668052.4243554146,18,7,24354,5166,1353.0,738.0,0.0441881488987053,3.742221282071926e-05,0,1,0,SSH-Bruteforce,SSH-Bruteforce,1,2
2026-08-31 10:05:53.500,29021,22,17,18701.91295767864,9,9,6102,8640,678.0,960.0,0.7882616086107176,0.000962468386582,0,0,0,SSH-Bruteforce,SSH-Bruteforce,1,2
2026-08-31 10:05:54.000,7463,22,6,321958.5623343909,11,5,1364,3305,124.0,661.0,0.0145018662215471,4.969583627002659e-05,0,0,0,SSH-Bruteforce,SSH-Bruteforce,1,2
2026-08-31 10:05:54.500,23809,22,6,204980.1438558754,14,11,18438,6369,1317.0,579.0,0.1210214781400093,0.0001219630327528,0,1,0,SSH-Bruteforce,SSH-Bruteforce,1,2
2026-08-31 10:05:55.000,14416,22,6,1266224.8720822467,13,9,9139,9225,703.0,1025.0,0.0145029531521176,1.7374481014299064e-05,0,1,0,SSH-Bruteforce,SSH-Bruteforce,1,2
2026-08-31 10:05:55.500,54184,22,6,6037.822640070042,10,13,5580,6487,558.0,499.0,1.9985681427492767,0.0038093202356205,0,0,0,SSH-Bruteforce,SSH-Bruteforce,1,2
2026-08-31 10:05:56.000,29693,22,6,402391.3109115993,19,10,26030,11240,1370.0,1124.0,0.0926212842783316,7.206915063245556e-05,0,1,0,SSH-Bruteforce,SSH-Bruteforce,1,2
2026-08-31 10:05:56.500,29963,22,6,674814.5726709836,10,5,2230,5605,223.0,1121.0,0.011610596921273,2.222832850275627e-05,0,0,0,SSH-Bruteforce,SSH-Bruteforce,1,2
2026-08-31 10:05:57.000,52642,22,6,331811.65307975945,10,8,10120,2712,1012.0,339.0,0.0386725417281495,5.424764269846412e-05,0,1,0,SSH-Bruteforce,SSH-Bruteforce,1,2
2026-08-31 10:05:57.500,3306,22,17,44635.89043263436,10,7,13770,3752,1377.0,536.0,0.3925540596645902,0.0003808594346705,0,1,0,SSH-Bruteforce,SSH-Bruteforce,1,2
2026-08-31 10:05:58.000,35648,22,17,1796083.130004628,11,11,4180,15422,380.0,1402.0,0.0109137487415965,1.2248876253194816e-05,0,0,0,SSH-Bruteforce,SSH-Bruteforce,1,2
2026-08-31 10:05:58.500,49462,22,1,364916.40351242473,12,11,3192,14465,266.0,1315.0,0.04838642447849,6.302813405478116e-05,0,1,0,SSH-Bruteforce,SSH-Bruteforce,1,2
2026-08-31 10:05:59.000,25388,22,6,476200.2620964084,8,14,7008,20580,876.0,1470.0,0.0579336094397935,4.619905058994704e-05,0,0,0,SSH-Bruteforce,SSH-Bruteforce,1,2
2026-08-31 10:05:59.500,3022,22,6,134992.97670397966,3,12,909,15828,303.0,1319.0,0.1239842279755191,0.0001111168918941,1,1,0,SSH-Bruteforce,SSH-Bruteforce,1,2
2026-08-31 10:06:00.000,32729,22,17,330338.1414942359,9,17,4401,24548,489.0,1444.0,0.0876344459291837,7.870722975435339e-05,0,0,0,SSH-Bruteforce,SSH-Bruteforce,1,2
2026-08-31 10:06:00.500,39268,22,6,280313.95544308075,11,7,14454,8456,1314.0,1208.0,0.0817297874555328,6.421371340897388e-05,0,1,0,SSH-Bruteforce,SSH-Bruteforce,1,2
2026-08-31 10:06:01.000,10452,22,6,38924.47228394113,15,10,22065,6300,1471.0,630.0,0.728718935116179,0.000642269465112,0,0,0,SSH-Bruteforce,SSH-Bruteforce,1,2
2026-08-31 10:06:01.500,38461,22,6,56114.44314044407,9,17,1881,6460,209.0,380.0,0.1486426583194917,0.0004633388222403,1,0,0,SSH-Bruteforce,SSH-Bruteforce,1,2
2026-08-31 10:06:02.000,13360,22,6,908454.0907357624,10,10,6050,4420,605.0,442.0,0.0115250733159284,2.2015421806931077e-05,0,0,0,SSH-Bruteforce,SSH-Bruteforce,1,2
2026-08-31 10:06:02.500,10366,22,17,137099.98438399396,13,8,2223,2616,171.0,327.0,0.0352954088316583,0.0001531728839563,1,0,0,SSH-Bruteforce,SSH-Bruteforce,1,2
2026-08-31 10:06:03.000,54494,22,6,108430.58312969118,12,4,10392,4112,866.0,1028.0,0.1337629991467858,0.0001475598446186,0,0,0,SSH-Bruteforce,SSH-Bruteforce,1,2
2026-08-31 10:06:03.500,40856,22,6,351509.32302417466,8,4,5160,1012,645.0,253.0,0.0175585670010804,3.413849708570412e-05,1,0,0,SSH-Bruteforce,SSH-Bruteforce,1,2
2026-08-31 10:06:04.000,8470,22,6,732121.74887384,17,7,18853,3997,1109.0,571.0,0.0312106559255152,3.278143291957837e-05,1,1,0,SSH-Bruteforce,SSH-Bruteforce,1,2
2026-08-31 10:06:04.500,51607,22,6,31974.157580488223,13,5,5057,4545,389.0,909.0,0.3003050189149138,0.0005629546282512,1,0,0,SSH-Bruteforce,SSH-Bruteforce,1,2
2026-08-31 10:06:05.000,39416,22,6,429964.5561570667,7,16,966,12496,138.0,781.0,0.0313095575133156,5.349278137024656e-05,1,1,0,SSH-Bruteforce,SSH-Bruteforce,1,2
2026-08-31 10:06:05.500,8485,22,17,63468.27486498933,9,12,9900,3000,1100.0,250.0,0.2032511522553364,0.0003308739687877,1,1,0,SSH-Bruteforce,SSH-Bruteforce,1,2
2026-08-31 10:06:06.000,35611,22,6,18571.18363487568,10,10,10480,2100,1048.0,210.0,0.6773935490897577,0.0010769372799519,0,0,0,SSH-Bruteforce,SSH-Bruteforce,1,2
2026-08-31 10:06:06.500,11540,22,6,27092.92223847981,12,6,1368,3462,114.0,577.0,0.1782753427519621,0.000664380159324,0,1,0,SSH-Bruteforce,SSH-Bruteforce,1,2
2026-08-31 10:06:07.000,14773,22,6,898378.291640906,9,14,873,18564,97.0,1326.0,0.0216356519081528,2.5601687188738745e-05,0,1,0,SSH-Bruteforce,SSH-Bruteforce,1,2
2026-08-31 10:06:07.500,18538,22,17,62766.01288068672,15,9,16230,7569,1082.0,841.0,0.3791701735372029,0.0003823725435897,1,0,0,SSH-Bruteforce,SSH-Bruteforce,1,2
2026-08-31 10:06:08.000,64145,22,6,23101.223915072285,9,5,3969,3575,441.0,715.0,0.3265627840528537,0.0006060284963865,1,0,0,SSH-Bruteforce,SSH-Bruteforce,1,2
2026-08-31 10:06:08.500,56739,22,17,288037.65409826505,10,11,2270,4719,227.0,429.0,0.0242641887278148,7.290713453771812e-05,1,0,0,SSH-Bruteforce,SSH-Bruteforce,1,2
2026-08-31 10:06:09.000,36450,22,6,928928.7130413296,12,12,2136,5520,178.0,460.0,0.0082417519153344,2.5836212900735085e-05,1,0,0,SSH-Bruteforce,SSH-Bruteforce,1,2
2026-08-31 10:06:09.500,37292,22,6,152182.48160799046,8,7,1456,707,182.0,101.0,0.0142131996863448,9.856587854608068e-05,0,1,0,SSH-Bruteforce,SSH-Bruteforce,1,2
2026-08-31 10:06:10.000,25974,22,6,273842.1661806102,14,12,2058,1500,147.0,125.0,0.0129928858272448,9.49452027848132e-05,1,0,0,Reconnaissance-PortScan,Reconnaissance-PortScan,1,1
2026-08-31 10:06:10.500,35912,53,6,20370.65126492444,6,8,1560,8416,260.0,1052.0,0.4897241558633968,0.0006872632500087,1,0,0,Reconnaissance-PortScan,Reconnaissance-PortScan,1,1
2026-08-31 10:06:11.000,37812,8080,6,298081.4869375693,12,5,2208,2650,184.0,530.0,0.0162975569189055,5.70313848541362e-05,1,0,0,Reconnaissance-PortScan,Reconnaissance-PortScan,1,1
2026-08-31 10:06:11.500,11237,443,6,430916.7572435212,13,6,11661,5610,897.0,935.0,0.0400796666856911,4.409204255851608e-05,1,0,0,Reconnaissance-PortScan,Reconnaissance-PortScan,1,1
2026-08-31 10:06:12.000,62073,80,6,423040.8628003247,9,7,4941,693,549.0,99.0,0.0133178623988531,3.7821405463551605e-05,1,0,0,Reconnaissance-PortScan,Reconnaissance-PortScan,1,1
2026-08-31 10:06:12.500,63517,80,17,202053.0351400584,8,7,3320,3612,415.0,516.0,0.0343078241554343,7.42379345544598e-05,1,0,0,Reconnaissance-PortScan,Reconnaissance-PortScan,1,1
2026-08-31 10:06:13.000,37051,8080,6,189557.55486777096,16,10,704,3590,44.0,359.0,0.0226527505209107,0.0001371615075788,1,0,0,Reconnaissance-PortScan,Reconnaissance-PortScan,1,1
2026-08-31 10:06:13.500,29035,445,6,56373.65377439869,10,9,4270,6561,427.0,729.0,0.1921287564830055,0.0003370368731582,1,0,0,Reconnaissance-PortScan,Reconnaissance-PortScan,1,1
2026-08-31 10:06:14.000,43873,445,17,228483.14940464517,12,8,7284,728,607.0,91.0,0.0350660432531942,8.753380742185295e-05,1,0,0,Reconnaissance-PortScan,Reconnaissance-PortScan,1,1
2026-08-31 10:06:14.500,35615,53,6,52399.59709907937,6,9,6138,6264,1023.0,696.0,0.2366812090975234,0.000286261742982,1,0,0,Reconnaissance-PortScan,Reconnaissance-PortScan,1,1
2026-08-31 10:06:15.000,18882,53,6,727492.0922196849,14,11,8386,9537,599.0,867.0,0.0246366939124629,3.436463470465733e-05,1,0,0,Reconnaissance-PortScan,Reconnaissance-PortScan,1,1
2026-08-31 10:06:15.500,19650,8080,17,1694747.5271097957,14,10,17164,11400,1226.0,1140.0,0.0168544278973188,1.4161401398111336e-05,1,0,0,Reconnaissance-PortScan,Reconnaissance-PortScan,1,1
2026-08-31 10:06:16.000,14491,53,6,1754521.4356009522,12,8,4848,1264,404.0,158.0,0.0034835710045752,1.1399119779369171e-05,1,0,0,Reconnaissance-PortScan,Reconnaissance-PortScan,1,1
2026-08-31 10:06:16.500,53419,80,6,1001503.6506594135,12,10,5472,7600,456.0,760.0,0.0130523737894141,2.196696935182913e-05,1,0,0,Reconnaissance-PortScan,Reconnaissance-PortScan,1,1
2026-08-31 10:06:17.000,40782,80,6,459136.5343776415,9,17,540,21165,60.0,1245.0,0.0472735196926734,5.662803556827961e-05,1,0,0,Reconnaissance-PortScan,Reconnaissance-PortScan,1,1
2026-08-31 10:06:17.500,55336,443,6,603431.3166710485,5,6,3265,3270,653.0,545.0,0.0108297329279218,1.8229083734834057e-05,1,0,0,Reconnaissance-PortScan,Reconnaissance-PortScan,1,1
2026-08-31 10:06:18.000,4158,445,6,167880.30681875034,11,8,6116,5408,556.0,676.0,0.068644144257821,0.0001131758713032,1,0,0,Reconnaissance-PortScan,Reconnaissance-PortScan,1,1
2026-08-31 10:06:18.500,52246,8080,6,498168.3304268637,11,13,13860,2496,1260.0,192.0,0.0328322757603976,4.817648680909411e-05,1,0,0,Reconnaissance-PortScan,Reconnaissance-PortScan,1,1
2026-08-31 10:06:19.000,17767,22,17,304081.01447615033,10,9,7000,9729,700.0,1081.0,0.055014944054529,6.248334849877769e-05,1,0,0,Reconnaissance-PortScan,Reconnaissance-PortScan,1,1
2026-08-31 10:06:19.500,16458,445,6,328906.75587788963,15,9,21120,10143,1408.0,1127.0,0.0950512552276555,7.29690089071341e-05,1,0,0,Reconnaissance-PortScan,Reconnaissance-PortScan,1,1
2026-08-31 10:06:20.000,65071,22,6,708947.3372868666,10,9,3690,4824,369.0,536.0,0.0120093546475015,2.6800298132784845e-05,1,1,0,SSH-Bruteforce,SSH-Bruteforce,1,2
2026-08-31 10:06:20.500,48799,22,6,165586.00276558296,5,16,2085,1888,417.0,118.0,0.0239935739338098,0.0001268223137704,0,1,0,SSH-Bruteforce,SSH-Bruteforce,1,2
2026-08-31 10:06:21.000,11257,22,6,191391.8522444995,5,8,6370,784,1274.0,98.0,0.0373788116668995,6.79234766102452e-05,0,1,0,SSH-Bruteforce,SSH-Bruteforce,1,2
2026-08-31 10:06:21.500,50170,22,6,1292751.2083135063,12,8,2388,11792,199.0,1474.0,0.0109688545705474,1.547088091755631e-05,0,0,0,SSH-Bruteforce,SSH-Bruteforce,1,2
2026-08-31 10:06:22.000,2165,22,6,28933.37077291333,14,8,9758,6416,697.0,802.0,0.5590084930426286,0.0007603676794199,1,0,0,SSH-Bruteforce,SSH-Bruteforce,1,2
2026-08-31 10:06:22.500,19043,22,6,332410.3924119852,13,7,5109,6055,393.0,865.0,0.0335849908862886,6.016659062394953e-05,0,0,0,SSH-Bruteforce,SSH-Bruteforce,1,2
2026-08-31 10:06:23.000,63867,22,6,1219780.063549285,7,8,9121,8992,1303.0,1124.0,0.0148493982982036,1.2297298872249484e-05,1,0,0,SSH-Bruteforce,SSH-Bruteforce,1,2
2026-08-31 10:06:23.500,21408,22,17,471269.88129455,10,9,1180,10278,118.0,1142.0,0.0243130326264059,4.031660149255661e-05,1,0,0,SSH-Bruteforce,SSH-Bruteforce,1,2
2026-08-31 10:06:24.000,43927,22,6,395277.5611979838,11,14,2101,3962,191.0,283.0,0.0153385888677091,6.324669663412973e-05,0,1,0,SSH-Bruteforce,SSH-Bruteforce,1,2
2026-08-31 10:06:24.500,46758,22,17,143670.51812518892,10,11,5560,2717,556.0,247.0,0.0576109845459848,0.0001461677752163,0,0,0,SSH-Bruteforce,SSH-Bruteforce,1,2
2026-08-31 10:06:25.000,37153,22,6,210245.33103929675,15,10,6330,8950,422.0,895.0,0.0726770003582969,0.0001189087047747,0,1,0,SSH-Bruteforce,SSH-Bruteforce,1,2
2026-08-31 10:06:25.500,23991,22,17,955435.0962767268,7,11,5124,12650,732.0,1150.0,0.0186030428116762,1.8839584258477133e-05,1,1,0,SSH-Bruteforce,SSH-Bruteforce,1,2
2026-08-31 10:06:26.000,41627,22,6,409602.5778827216,8,8,3128,5112,391.0,639.0,0.0201170608895877,3.906225415453937e-05,1,1,0,SSH-Bruteforce,SSH-Bruteforce,1,2
2026-08-31 10:06:26.500,12196,22,6,361537.4850039316,7,6,8848,4104,1264.0,684.0,0.0358247776146943,3.595754393074636e-05,0,1,0,SSH-Bruteforce,SSH-Bruteforce,1,2
2026-08-31 10:06:27.000,17414,22,6,52446.8198529216,15,12,14850,936,990.0,78.0,0.3009906042207956,0.0005148071907995,1,0,0,SSH-Bruteforce,SSH-Bruteforce,1,2
2026-08-31 10:06:27.500,4291,22,6,8078.998311470881,13,12,2236,14868,172.0,1239.0,2.117094139572244,0.0030944430243981,0,0,0,SSH-Bruteforce,SSH-Bruteforce,1,2
2026-08-31 10:06:28.000,40356,22,6,1657764.7978903975,14,13,9422,6721,673.0,517.0,0.0097378108284393,1.628699079278086e-05,1,0,0,SSH-Bruteforce,SSH-Bruteforce,1,2
2026-08-31 10:06:28.500,27191,22,6,236593.27852463405,14,8,2912,472,208.0,59.0,0.0143030267848654,9.298658075267128e-05,0,1,0,SSH-Bruteforce,SSH-Bruteforce,1,2
2026-08-31 10:06:29.000,22336,22,6,462177.9113553946,17,8,15385,2080,905.0,260.0,0.0377884783554536,5.409172395570236e-05,1,1,0,SSH-Bruteforce,SSH-Bruteforce,1,2
2026-08-31 10:06:29.500,28864,22,6,41535.97691492224,11,11,4730,3454,430.0,314.0,0.1970340077661559,0.0005296613111993,0,1,0,SSH-Bruteforce,SSH-Bruteforce,1,2
2026-08-31 10:06:30.000,20014,22,6,574607.046447228,14,6,20272,7302,1448.0,1217.0,0.0479875771973369,3.480639529798864e-05,1,1,0,SSH-Bruteforce,SSH-Bruteforce,1,2
2026-08-31 10:06:30.500,45203,22,6,1348308.223448412,7,13,6013,6526,859.0,502.0,0.0092998023610932,1.483340355864624e-05,1,1,0,SSH-Bruteforce,SSH-Bruteforce,1,2
2026-08-31 10:06:31.000,6930,22,6,428616.318795958,14,11,1918,16192,137.0,1472.0,0.0422522410029812,5.832722391355783e-05,1,1,0,SSH-Bruteforce,SSH-Bruteforce,1,2
2026-08-31 10:06:31.500,49820,22,6,67403.42991521535,11,16,15840,4640,1440.0,290.0,0.3038421045148997,0.0004005730870069,0,0,0,SSH-Bruteforce,SSH-Bruteforce,1,2
2026-08-31 10:06:32.000,53449,22,6,435803.9330275023,15,9,15465,2259,1031.0,251.0,0.0406696650864662,5.507063654226985e-05,1,1,0,SSH-Bruteforce,SSH-Bruteforce,1,2
2026-08-31 10:06:32.500,41403,22,17,726959.5411285781,15,15,12285,10890,819.0,726.0,0.0318793532356737,4.126777117886564e-05,1,0,0,SSH-Bruteforce,SSH-Bruteforce,1,2
2026-08-31 10:06:33.000,18321,22,6,260788.72281344025,8,17,3032,7786,379.0,458.0,0.0414818550544611,9.58630408912488e-05,0,0,0,SSH-Bruteforce,SSH-Bruteforce,1,2
2026-08-31 10:06:33.500,3035,22,6,1059456.1744885317,9,6,1539,7410,171.0,1235.0,0.0084467863941949,1.4158207164255654e-05,0,0,0,SSH-Bruteforce,SSH-Bruteforce,1,2
2026-08-31 10:06:34.000,51618,22,6,523033.09821404587,4,13,996,7098,249.0,546.0,0.0154751200784101,3.2502723169381334e-05,1,1,0,SSH-Bruteforce,SSH-Bruteforce,1,2
2026-08-31 10:06:34.500,55722,22,17,1147551.1708146918,14,12,14952,8220,1068.0,685.0,0.0201925635990135,2.2656941721661966e-05,1,0,0,SSH-Bruteforce,SSH-Bruteforce,1,2
2026-08-31 10:06:35.000,45038,22,6,488425.669370165,8,10,3328,9080,416.0,908.0,0.025404070215528,3.685309992581438e-05,0,0,0,SSH-Bruteforce,SSH-Bruteforce,1,2
2026-08-31 10:06:35.500,47582,22,6,70371.79592046166,11,4,7469,5064,679.0,1266.0,0.1780969184356835,0.0002131535766803,1,1,0,SSH-Bruteforce,SSH-Bruteforce,1,2
2026-08-31 10:06:36.000,12762,22,6,185308.4928372473,10,16,11170,8496,1117.0,531.0,0.1061257349721741,0.0001403065752708,1,0,0,SSH-Bruteforce,SSH-Bruteforce,1,2
2026-08-31 10:06:36.500,29821,22,6,112694.87873151104,12,4,15132,1336,1261.0,334.0,0.1461290893064693,0.0001419762830279,0,0,0,SSH-Bruteforce,SSH-Bruteforce,1,2
2026-08-31 10:06:37.000,48522,22,6,1197495.484629651,7,7,3360,3472,480.0,496.0,0.0057052407191797,1.1691067047499445e-05,0,1,0,SSH-Bruteforce,SSH-Bruteforce,1,2
2026-08-31 10:06:37.500,63280,22,17,714392.3467867238,10,6,12430,7254,1243.0,1209.0,0.027553486663542,2.2396656503590328e-05,0,1,0,SSH-Bruteforce,SSH-Bruteforce,1,2
2026-08-31 10:06:38.000,12144,22,17,564121.0266796739,12,15,3360,19515,280.0,1301.0,0.0405498092035907,4.786206987964809e-05,1,1,0,SSH-Bruteforce,SSH-Bruteforce,1,2
2026-08-31 10:06:38.500,52005,22,6,179028.17713168633,7,10,9681,7790,1383.0,779.0,0.0975879902199591,9.495711944017548e-05,1,0,0,SSH-Bruteforce,SSH-Bruteforce,1,2
2026-08-31 10:06:39.000,9791,22,6,101697.89661595642,12,18,6480,8334,540.0,463.0,0.1456667295144333,0.000294991351791,0,0,0,SSH-Bruteforce,SSH-Bruteforce,1,2
2026-08-31 10:06:39.500,23876,22,17,706218.7429746098,11,9,682,9423,62.0,1047.0,0.0143085978677009,2.8319837442258095e-05,0,1,0,SSH-Bruteforce,SSH-Bruteforce,1,2
2026-08-31 10:06:40.000,14727,53,6,321377.1943366735,8,5,5368,1655,671.0,331.0,0.0218528262849423,4.045091011024491e-05,1,0,0,BENIGN,BENIGN,0,0
2026-08-31 10:06:40.500,1953,445,6,127955.7729516671,12,14,12672,2730,1056.0,195.0,0.1203697155939507,0.0002031952087678,0,1,0,BENIGN,BENIGN,0,0
2026-08-31 10:06:41.000,12975,445,6,479366.8871942185,12,14,14916,5446,1243.0,389.0,0.0424768596737167,5.423820604639209e-05,1,1,0,BENIGN,BENIGN,0,0
2026-08-31 10:06:41.500,53875,8080,6,20584.908823963648,12,10,2568,2820,214.0,282.0,0.2617451475476141,0.0010687441065418,0,1,0,BENIGN,BENIGN,0,0
2026-08-31 10:06:42.000,27063,445,6,197388.9012717029,12,7,2844,8890,237.0,1270.0,0.0594460981534816,9.625667844862368e-05,0,0,0,BENIGN,BENIGN,0,0
2026-08-31 10:06:42.500,61643,443,6,316079.66021174844,10,7,1380,10437,138.0,1491.0,0.0373861449727884,5.3783910005703946e-05,1,0,0,BENIGN,BENIGN,0,0
2026-08-31 10:06:43.000,49637,445,17,80059.9248605534,11,9,8624,9099,784.0,1011.0,0.2213716791347957,0.0002498128749475,1,0,0,BENIGN,BENIGN,0,0
2026-08-31 10:06:43.500,30528,22,17,2088465.7736152671,9,6,13410,1782,1490.0,297.0,0.0072742393923118,7.182305877085178e-06,0,1,0,BENIGN,BENIGN,0,0
2026-08-31 10:06:44.000,18462,53,6,117290.20464797124,7,9,3444,5616,492.0,624.0,0.0772443020831941,0.0001364137785133,1,1,0,BENIGN,BENIGN,0,0
2026-08-31 10:06:44.500,49539,53,6,69834.0231666427,14,10,17556,740,1254.0,74.0,0.2619926386558155,0.0003436720227229,1,0,0,BENIGN,BENIGN,0,0
2026-08-31 10:06:45.000,6768,445,1,113785.96725190914,14,14,14182,16688,1013.0,1192.0,0.2712988318581003,0.0002460760379665,0,0,0,BENIGN,BENIGN,0,0
2026-08-31 10:06:45.500,19308,80,17,732801.124599146,12,6,6456,2814,538.0,469.0,0.0126500897565411,2.456328108066245e-05,1,0,0,BENIGN,BENIGN,0,0
2026-08-31 10:06:46.000,43441,80,6,277132.5162598201,8,9,10032,12438,1254.0,1382.0,0.0810803448921991,6.134249502302559e-05,1,1,0,BENIGN,BENIGN,0,0
2026-08-31 10:06:46.500,40772,443,17,416682.9443337637,7,8,1260,1072,180.0,134.0,0.0055965813615737,3.599859366363935e-05,1,1,0,BENIGN,BENIGN,0,0
2026-08-31 10:06:47.000,8093,80,17,10616.49495164864,9,10,7308,2590,812.0,259.0,0.9323227709103472,0.0017896678770758,1,0,0,BENIGN,BENIGN,0,0
2026-08-31 10:06:47.500,43383,443,6,17519.016840967022,8,12,1712,4080,214.0,340.0,0.3306121598758717,0.001141616574157,0,0,0,BENIGN,BENIGN,0,0
2026-08-31 10:06:48.000,20823,8080,6,295137.87489697017,19,4,8721,4992,459.0,1248.0,0.0464630302170551,7.792967950063944e-05,0,0,0,BENIGN,BENIGN,0,0
2026-08-31 10:06:48.500,34234,443,6,848193.4907777897,10,12,7150,13200,715.0,1100.0,0.0239921671423099,2.5937477991686453e-05,0,0,0,BENIGN,BENIGN,0,0
2026-08-31 10:06:49.000,29250,80,6,1082451.2585782784,12,10,17964,8140,1497.0,814.0,0.0241156355012645,2.0324240768764196e-05,0,1,0,BENIGN,BENIGN,0,0
2026-08-31 10:06:49.500,56394,445,6,45349.02818547664,9,6,5139,2634,571.0,439.0,0.1714038935188322,0.0003307678377437,0,0,0,BENIGN,BENIGN,0,0
2026-08-31 10:06:50.000,5676,8080,17,386488.3160965252,12,7,11484,5103,957.0,729.0,0.0429172094181192,4.91606064354172e-05,1,0,0,BENIGN,BENIGN,0,0
2026-08-31 10:06:50.500,25347,80,6,1222245.361819772,13,7,5200,8435,400.0,1205.0,0.0111556978867055,1.6363326566491397e-05,1,1,0,BENIGN,BENIGN,0,0
2026-08-31 10:06:51.000,58009,443,6,245489.23925152412,13,5,6305,5160,485.0,1032.0,0.0467026580655379,7.332296948797936e-05,1,1,0,BENIGN,BENIGN,0,0
2026-08-31 10:06:51.500,43162,22,6,884703.0824508788,18,4,10710,692,595.0,173.0,0.012887939723556,2.4867099975287845e-05,0,0,0,BENIGN,BENIGN,0,0
2026-08-31 10:06:52.000,8621,53,6,71759.49691092814,12,8,8964,5600,747.0,700.0,0.2029557149215815,0.0002787087543553,0,1,0,BENIGN,BENIGN,0,0
2026-08-31 10:06:52.500,48117,80,17,1369727.786285637,18,3,25560,4053,1420.0,1351.0,0.0216196242029132,1.5331513465747445e-05,0,0,0,BENIGN,BENIGN,0,0
2026-08-31 10:06:53.000,38250,443,6,696001.9498419614,9,10,5400,2970,600.0,297.0,0.0120258283784697,2.729877409688475e-05,1,0,0,BENIGN,BENIGN,0,0
2026-08-31 10:06:53.500,7615,8080,6,1417950.8158214,10,7,10360,7714,1036.0,1102.0,0.0127465634196927,1.198913235226162e-05,1,0,0,BENIGN,BENIGN,0,0
2026-08-31 10:06:54.000,50138,80,6,564459.3109592983,9,5,882,1720,98.0,344.0,0.0046097211073226,2.480249634992996e-05,1,1,0,BENIGN,BENIGN,0,0
2026-08-31 10:06:54.500,26857,80,6,225809.9703576552,8,13,7392,17498,924.0,1346.0,0.1102254252080855,9.299855079830443e-05,0,0,0,BENIGN,BENIGN,0,0
2026-08-31 10:06:55.000,12850,53,6,1391773.6546059393,10,5,12300,2825,1230.0,565.0,0.0108674280116142,1.0777614556972811e-05,0,0,0,BENIGN,BENIGN,0,0
2026-08-31 10:06:55.500,27441,443,6,161182.8451439742,15,8,15090,3568,1006.0,446.0,0.1157567356636275,0.0001426950863041,1,1,0,BENIGN,BENIGN,0,0
2026-08-31 10:06:56.000,19717,22,6,201862.7026807612,6,10,5904,14220,984.0,1422.0,0.0996915216716804,7.926179421322235e-05,1,1,0,BENIGN,BENIGN,0,0
2026-08-31 10:06:56.500,15162,8080,6,603335.5841550835,13,7,3926,6475,302.0,925.0,0.0172391622058779,3.314904760288039e-05,1,1,0,BENIGN,BENIGN,0,0
2026-08-31 10:06:57.000,56444,443,6,724758.3134383784,6,9,8964,3753,1494.0,417.0,0.0175465389827581,2.0696554591599576e-05,0,0,0,BENIGN,BENIGN,0,0
2026-08-31 10:06:57.500,51086,8080,6,1325387.2410029024,8,8,1880,4064,235.0,508.0,0.0044847270413267,1.207194358365205e-05,0,0,0,BENIGN,BENIGN,0,0
2026-08-31 10:06:58.000,54516,80,17,114582.32657080352,14,9,5502,8208,393.0,912.0,0.1196519603774295,0.0002007290363735,1,0,0,BENIGN,BENIGN,0,0
2026-08-31 10:06:58.500,63005,53,6,799738.9274953654,7,10,6475,10290,925.0,1029.0,0.0209630911081135,2.1256937001964243e-05,1,0,0,BENIGN,BENIGN,0,0
2026-08-31 10:06:59.000,54185,53,6,670748.5617017292,10,9,9800,12096,980.0,1344.0,0.032644125160883,2.8326560926962854e-05,0,0,0,BENIGN,BENIGN,0,0
2026-08-31 10:06:59.500,56804,445,6,32960.16770357838,7,9,6678,450,954.0,50.0,0.2162610355002388,0.0004854344231206,1,1,0,BENIGN,BENIGN,0,0
2026-08-31 10:07:00.000,3193,22,6,244877.2121701424,16,9,1376,6426,86.0,714.0,0.0318608658214407,0.0001020919822527,1,1,0,BENIGN,BENIGN,0,0
2026-08-31 10:07:00.500,19580,53,6,166176.1874013243,8,9,6336,6606,792.0,734.0,0.0778811946621784,0.0001023010592842,0,0,0,BENIGN,BENIGN,0,0
2026-08-31 10:07:01.000,23076,80,6,181555.2498552928,13,8,17836,9992,1372.0,1249.0,0.1532756558714073,0.0001156672694156,1,0,0,BENIGN,BENIGN,0,0
2026-08-31 10:07:01.500,7337,22,1,2035711.0373393192,9,13,2421,13156,269.0,1012.0,0.0076518718591233,1.0807034788515955e-05,1,0,0,BENIGN,BENIGN,0,0
2026-08-31 10:07:02.000,9339,443,6,514698.0999199005,11,11,16214,528,1474.0,48.0,0.0325278061105727,4.274350343045039e-05,1,0,0,BENIGN,BENIGN,0,0
2026-08-31 10:07:02.500,9060,53,6,632350.2451526385,10,5,7960,335,796.0,67.0,0.0131177303455722,2.372103136631512e-05,0,0,0,BENIGN,BENIGN,0,0
2026-08-31 10:07:03.000,32802,22,6,1877886.636113732,7,11,2485,9482,355.0,862.0,0.0063725891487794,9.585243141809118e-06,1,0,0,BENIGN,BENIGN,0,0
2026-08-31 10:07:03.500,28758,80,1,236766.35051643703,11,10,8811,7250,801.0,725.0,0.0678348083006273,8.869503606955822e-05,1,0,0,BENIGN,BENIGN,0,0
2026-08-31 10:07:04.000,24197,445,6,809340.6719431021,10,8,11400,4400,1140.0,550.0,0.0195220635111187,2.2240325518996067e-05,0,0,0,BENIGN,BENIGN,0,0
2026-08-31 10:07:04.500,31427,8080,6,285049.86938955606,13,9,1313,4869,101.0,541.0,0.021687433195539,7.717947756419587e-05,1,1,0,BENIGN,BENIGN,0,0
2026-08-31 10:07:05.000,1809,8080,6,1018320.0535417038,16,13,4432,8073,277.0,621.0,0.0122800292073056,2.8478276450369013e-05,1,1,0,BENIGN,BENIGN,0,0
2026-08-31 10:07:05.500,7163,80,6,99626.57002461488,11,5,1287,4085,117.0,817.0,0.0539213585104206,0.0001605997275068,0,0,0,BENIGN,BENIGN,0,0
2026-08-31 10:07:06.000,7368,80,6,1475247.3209791938,11,7,8503,4900,773.0,700.0,0.0090852562884255,1.2201343967146136e-05,1,0,0,BENIGN,BENIGN,0,0
2026-08-31 10:07:06.500,19824,8080,17,123443.93254175557,11,10,6578,12810,598.0,1281.0,0.157059157134931,0.000170117717136,1,0,0,BENIGN,BENIGN,0,0
2026-08-31 10:07:07.000,26396,445,6,197426.1916458344,12,11,11796,16412,983.0,1492.0,0.1428787121071247,0.0001164992334963,1,1,0,BENIGN,BENIGN,0,0
2026-08-31 10:07:07.500,62540,22,6,705687.604450796,14,18,9646,756,689.0,42.0,0.0147402334039124,4.534584396512202e-05,0,1,0,BENIGN,BENIGN,0,0
2026-08-31 10:07:08.000,21562,8080,6,250235.65884951848,10,10,14790,12500,1479.0,1250.0,0.1090571988196155,7.992466018293556e-05,1,0,0,BENIGN,BENIGN,0,0
2026-08-31 10:07:08.500,64942,80,6,468516.4055357775,14,8,15218,656,1087.0,82.0,0.0338814176240174,4.695673350941057e-05,0,0,0,BENIGN,BENIGN,0,0
2026-08-31 10:07:09.000,15997,53,6,294009.4969066809,10,5,10920,4070,1092.0,814.0,0.0509847476261897,5.101876013294508e-05,0,0,0,BENIGN,BENIGN,0,0
2026-08-31 10:07:09.500,6643,443,6,678115.2938586439,16,14,19168,20636,1198.0,1474.0,0.0586979830124733,4.42402645556778e-05,0,0,0,BENIGN,BENIGN,0,0
2026-08-31 10:07:10.000,35728,445,6,129599.95220950263,12,8,4680,10024,390.0,1253.0,0.1134568319523446,0.0001543210445488,0,0,0,BENIGN,BENIGN,0,0
2026-08-31 10:07:10.500,60524,445,6,30118.154329465266,10,9,9520,729,952.0,81.0,0.340293096465418,0.0006308487494236,0,1,0,BENIGN,BENIGN,0,0
2026-08-31 10:07:11.000,37599,53,6,178287.0441360368,5,8,1945,9280,389.0,1160.0,0.0629602675492532,7.291612277419084e-05,0,0,0,BENIGN,BENIGN,0,0
2026-08-31 10:07:11.500,40943,53,6,321520.5269135781,12,10,16128,7690,1344.0,769.0,0.0740792515734501,6.84248692004326e-05,0,0,0,BENIGN,BENIGN,0,0
2026-08-31 10:07:12.000,43285,80,6,91973.46982224508,11,9,5665,6183,515.0,687.0,0.1288197566277552,0.0002174540118631,1,1,0,BENIGN,BENIGN,0,0
2026-08-31 10:07:12.500,46147,8080,6,219095.3659796779,10,13,3310,9048,331.0,696.0,0.0564046617059998,0.0001049771175949,1,0,0,BENIGN,BENIGN,0,0
2026-08-31 10:07:13.000,28740,22,6,255398.6606612281,10,10,12520,9200,1252.0,920.0,0.0850435156665129,7.83089462859235e-05,0,1,0,BENIGN,BENIGN,0,0
2026-08-31 10:07:13.500,4260,445,6,29552.30576819345,9,8,13338,9592,1482.0,1199.0,0.775912383016826,0.0005752512215999,1,1,0,BENIGN,BENIGN,0,0
2026-08-31 10:07:14.000,16872,445,17,437703.0674777809,15,9,13905,4941,927.0,549.0,0.0430565865306075,5.483169249361039e-05,1,1,0,BENIGN,BENIGN,0,0
2026-08-31 10:07:14.500,3376,53,17,1078565.0325194623,13,10,6591,760,507.0,76.0,0.0068155371055933,2.132462976855475e-05,1,0,0,BENIGN,BENIGN,0,0
2026-08-31 10:07:15.000,2956,8080,6,82285.76022456812,9,7,11421,6034,1269.0,862.0,0.2121266176582905,0.0001944443358655,0,1,0,BENIGN,BENIGN,0,0
2026-08-31 10:07:15.500,11937,445,6,455412.86288214114,9,9,11745,5562,1305.0,618.0,0.0380028791679055,3.9524575317634525e-05,1,1,0,BENIGN,BENIGN,0,0
2026-08-31 10:07:16.000,9580,22,6,546423.2786109861,15,5,5175,4380,345.0,876.0,0.0174864438867137,3.660166171996589e-05,0,1,0,BENIGN,BENIGN,0,0
2026-08-31 10:07:16.500,22324,53,6,271790.3650679673,11,10,13717,5560,1247.0,556.0,0.0709259873670286,7.726543210601238e-05,0,0,0,BENIGN,BENIGN,0,0
2026-08-31 10:07:17.000,6522,22,6,603819.0690047157,11,7,5687,5768,517.0,824.0,0.0189709146130342,2.9810254302454505e-05,1,1,0,BENIGN,BENIGN,0,0
2026-08-31 10:07:17.500,11606,8080,6,264436.70781082584,15,4,17865,4240,1191.0,1060.0,0.083592781736557,7.185084157405942e-05,0,1,0,BENIGN,BENIGN,0,0
2026-08-31 10:07:18.000,51122,445,6,351232.516592031,10,9,4880,8262,488.0,918.0,0.0374168090333467,5.409521926902975e-05,0,0,0,BENIGN,BENIGN,0,0
2026-08-31 10:07:18.500,65410,443,6,3690.1057206735063,13,13,3497,14573,269.0,1121.0,4.896878658461073,0.0070458685733252,0,0,0,BENIGN,BENIGN,0,0
2026-08-31 10:07:19.000,47657,445,6,588373.5941515056,11,5,12144,4990,1104.0,998.0,0.0291209533704818,2.7193606509146093e-05,1,1,0,BENIGN,BENIGN,0,0
2026-08-31 10:07:19.500,10593,8080,6,541383.2676009014,11,12,9152,2328,832.0,194.0,0.0212049405417731,4.248376589379629e-05,1,1,0,BENIGN,BENIGN,0,0
2026-08-31 10:07:20.000,51615,445,6,19578.81378130868,10,14,7130,2128,713.0,152.0,0.4728580647776405,0.0012258148147184,1,1,0,BENIGN,BENIGN,0,0
2026-08-31 10:07:20.500,61548,445,6,229630.85135505063,15,8,21825,7000,1455.0,875.0,0.1255275579420122,0.0001001607574212,0,0,0,BENIGN,BENIGN,0,0
2026-08-31 10:07:21.000,57906,80,6,1932375.1100352616,10,11,8630,7040,863.0,640.0,0.0081091915946034,1.0867455232078683e-05,1,0,0,BENIGN,BENIGN,0,0
2026-08-31 10:07:21.500,5881,445,6,272998.9589780929,13,7,18239,3367,1403.0,481.0,0.079143158933959,7.32603526186791e-05,1,0,0,BENIGN,BENIGN,0,0
2026-08-31 10:07:22.000,1364,445,6,348522.78985845385,10,6,8750,1602,875.0,267.0,0.0297025052620152,4.590804522722611e-05,1,0,0,BENIGN,BENIGN,0,0
2026-08-31 10:07:22.500,44973,22,6,1203584.9445762415,19,12,20596,10956,1084.0,913.0,0.0262150171800684,2.5756387315609803e-05,0,0,0,BENIGN,BENIGN,0,0
2026-08-31 10:07:23.000,17790,443,6,631617.0830807772,11,9,4246,10665,386.0,1185.0,0.023607657866114,3.166475469936833e-05,0,1,0,BENIGN,BENIGN,0,0
2026-08-31 10:07:23.500,63467,22,6,436220.8191713995,9,9,441,6390,49.0,710.0,0.0156595001880443,4.126350510683632e-05,1,1,0,BENIGN,BENIGN,0,0
2026-08-31 10:07:24.000,27156,22,6,799260.5623483891,9,9,1134,12780,126.0,1420.0,0.0174085907090721,2.252081592376728e-05,0,0,0,BENIGN,BENIGN,0,0
2026-08-31 10:07:24.500,9515,53,6,998898.5809830008,13,9,7592,11979,584.0,1331.0,0.0195925796396112,2.20242579363061e-05,1,1,0,BENIGN,BENIGN,0,0
2026-08-31 10:07:25.000,1162,80,6,305219.92544632417,9,6,8208,4404,912.0,734.0,0.0413210244421107,4.9144891106221184e-05,1,0,0,BENIGN,BENIGN,0,0
2026-08-31 10:07:25.500,1382,22,17,322281.7235449181,14,11,19628,9988,1402.0,908.0,0.0918947549160457,7.75718825263757e-05,0,1,0,BENIGN,BENIGN,0,0
2026-08-31 10:07:26.000,55107,8080,17,243921.65568190228,12,9,9048,9603,754.0,1067.0,0.0764630756014468,8.6093216858634e-05,0,1,0,BENIGN,BENIGN,0,0
2026-08-31 10:07:26.500,10738,8080,6,1701191.1419677434,14,10,602,1600,43.0,160.0,0.0012943871771164,1.4107762148407652e-05,0,0,0,BENIGN,BENIGN,0,0
2026-08-31 10:07:27.000,20864,445,6,597285.6590439909,9,10,9774,7810,1086.0,781.0,0.0294398496489106,3.181057457514231e-05,0,0,0,BENIGN,BENIGN,0,0
2026-08-31 10:07:27.500,35419,53,6,43445.54640734276,11,5,13860,6410,1260.0,1282.0,0.4665610556553742,0.0003682771036253,0,1,0,BENIGN,BENIGN,0,0
2026-08-31 10:07:28.000,31678,80,6,993739.838116295,10,11,9400,8063,940.0,733.0,0.0175730098864976,2.1132291565965277e-05,0,1,0,BENIGN,BENIGN,0,0
2026-08-31 10:07:28.500,26903,80,17,327501.92844142206,13,8,4056,10728,312.0,1341.0,0.0451417189202685,6.412175982992693e-05,1,1,0,BENIGN,BENIGN,0,0
2026-08-31 10:07:29.000,17020,445,6,35615.852056629985,8,9,9360,2664,1170.0,296.0,0.3376024804209527,0.0004773155494973,1,1,0,BENIGN,BENIGN,0,0
2026-08-31 10:07:29.500,56802,8080,6,398939.78583499824,8,5,7360,6835,920.0,1367.0,0.0355818108488062,3.258637133036148e-05,0,0,0,BENIGN,BENIGN,0,0
2026-08-31 10:07:30.000,38796,443,6,269924.9572296216,10,13,14410,1066,1441.0,82.0,0.0573344538358541,8.520886780981172e-05,0,1,0,BENIGN,BENIGN,0,0
2026-08-31 10:07:30.500,59502,53,6,1050841.141219809,11,5,13893,4545,1263.0,909.0,0.0175459441742277,1.5225897970910289e-05,1,0,0,BENIGN,BENIGN,0,0
2026-08-31 10:07:31.000,65377,445,6,114074.6568877711,10,6,9750,5730,975.0,955.0,0.1357006053840032,0.0001402590236527,1,1,0,BENIGN,BENIGN,0,0
2026-08-31 10:07:31.500,27786,53,6,875686.8602620721,11,8,451,5016,41.0,627.0,0.0062430992721546,2.1697253735309885e-05,0,0,0,BENIGN,BENIGN,0,0
2026-08-31 10:07:32.000,14307,8080,6,407870.6631177119,13,13,15392,12376,1184.0,952.0,0.0680804051634018,6.374569771854102e-05,0,0,0,BENIGN,BENIGN,0,0
2026-08-31 10:07:32.500,64946,8080,17,28079.02947038196,18,12,3384,14556,188.0,1213.0,0.6389109713544118,0.0010684129955759,1,0,0,BENIGN,BENIGN,0,0
2026-08-31 10:07:33.000,40444,443,17,1785020.5113559822,11,12,10857,7596,987.0,633.0,0.0103376963359815,1.2885006000518902e-05,1,1,0,BENIGN,BENIGN,0,0
2026-08-31 10:07:33.500,56592,443,6,359350.7073255474,5,8,955,8584,191.0,1073.0,0.0265450987163157,3.617635845603364e-05,1,1,0,BENIGN,BENIGN,0,0
2026-08-31 10:07:34.000,20578,80,6,171863.0390775437,7,10,2415,8310,345.0,831.0,0.0624043427658514,9.891597454727034e-05,1,0,0,BENIGN,BENIGN,0,0
2026-08-31 10:07:34.500,21243,53,6,316879.8660887132,11,5,10131,1255,921.0,251.0,0.0359315981169124,5.049232126037234e-05,1,1,0,BENIGN,BENIGN,0,0
2026-08-31 10:07:35.000,58193,53,6,975463.5990236144,7,10,3598,13230,514.0,1323.0,0.0172512844320089,1.7427610847643925e-05,0,0,0,BENIGN,BENIGN,0,0
2026-08-31 10:07:35.500,35943,8080,6,181852.02687856587,9,10,12843,14450,1427.0,1445.0,0.1500835622619946,0.0001044805511661,1,0,0,BENIGN,BENIGN,0,0
2026-08-31 10:07:36.000,10453,80,6,107015.34770501975,9,13,7614,18876,846.0,1452.0,0.2475345879409976,0.0002055779892299,0,0,0,BENIGN,BENIGN,0,0
2026-08-31 10:07:36.500,47864,445,6,69097.5522387576,8,14,9072,13454,1134.0,961.0,0.3260028650349915,0.0003183904390823,1,0,0,BENIGN,BENIGN,0,0
2026-08-31 10:07:37.000,45719,53,6,176810.8039088484,10,11,720,4125,72.0,375.0,0.0274021716581512,0.0001187710226669,0,0,0,BENIGN,BENIGN,0,0
2026-08-31 10:07:37.500,40697,80,6,757173.166988026,9,3,10980,3204,1220.0,1068.0,0.0187328349949793,1.5848422161573096e-05,1,1,0,BENIGN,BENIGN,0,0
2026-08-31 10:07:38.000,20242,80,6,318975.80193027464,11,6,15323,5766,1393.0,961.0,0.0661147330666441,5.329557883887097e-05,0,0,0,BENIGN,BENIGN,0,0
2026-08-31 10:07:38.500,13476,8080,17,129049.72825242004,19,11,15523,1342,817.0,122.0,0.1306860558877378,0.0002324685251486,1,1,0,BENIGN,BENIGN,0,0
2026-08-31 10:07:39.000,59366,80,6,90871.8616517926,11,9,15950,9621,1450.0,1069.0,0.2813962378714138,0.0002200901316893,0,1,0,BENIGN,BENIGN,0,0
2026-08-31 10:07:39.500,50004,443,6,202279.8664248152,9,5,10998,955,1222.0,191.0,0.0590913975309147,6.92110403608137e-05,1,1,0,BENIGN,BENIGN,0,0
2026-08-31 10:07:40.000,19975,443,17,1406075.5292789033,9,12,7506,14928,834.0,1244.0,0.0159550461783127,1.4935186312943204e-05,0,0,0,BENIGN,BENIGN,0,0
2026-08-31 10:07:40.500,2331,22,6,210055.959878204,13,8,16770,9840,1290.0,1230.0,0.1266805284371001,9.997335953322452e-05,0,1,0,BENIGN,BENIGN,0,0
2026-08-31 10:07:41.000,15876,8080,17,2216621.058871157,14,4,18410,468,1315.0,117.0,0.0085165662052893,8.120467830024823e-06,0,1,0,BENIGN,BENIGN,0,0
2026-08-31 10:07:41.500,26256,445,6,332017.98269678734,13,8,5278,3608,406.0,451.0,0.0267636105958978,6.324958614830684e-05,0,1,0,BENIGN,BENIGN,0,0
2026-08-31 10:07:42.000,36452,22,6,98715.92316682496,11,10,3311,4200,301.0,420.0,0.0760870157344921,0.0002127316376546,1,1,0,BENIGN,BENIGN,0,0
2026-08-31 10:07:42.500,44195,443,6,1108846.734600884,15,11,10275,10857,685.0,987.0,0.0190576383014877,2.344778515231314e-05,1,0,0,BENIGN,BENIGN,0,0
2026-08-31 10:07:43.000,27509,22,6,308422.2272317241,9,9,5193,7461,577.0,829.0,0.0410281713907814,5.836155247621828e-05,0,1,0,BENIGN,BENIGN,0,0
2026-08-31 10:07:43.500,53906,8080,6,618370.8497195262,8,13,8848,4576,1106.0,352.0,0.0217086559074892,3.396020366934396e-05,1,1,0,BENIGN,BENIGN,0,0
2026-08-31 10:07:44.000,11262,8080,6,2058650.5250561608,10,11,550,9933,55.0,903.0,0.005092170755725,1.0200857184987774e-05,0,0,0,BENIGN,BENIGN,0,0
2026-08-31 10:07:44.500,39999,80,6,25738.945354293115,10,11,1440,4774,144.0,434.0,0.2414240331937026,0.0008158842447807,1,1,0,BENIGN,BENIGN,0,0
2026-08-31 10:07:45.000,53338,53,6,50847.26612342599,8,10,6640,5820,830.0,582.0,0.2450475895263333,0.0003540013331841,1,1,0,BENIGN,BENIGN,0,0
2026-08-31 10:07:45.500,2164,80,17,637299.1136049364,10,10,12660,430,1266.0,43.0,0.0205398057526706,3.1382438124783325e-05,0,1,0,BENIGN,BENIGN,0,0
2026-08-31 10:07:46.000,64353,8080,1,165521.00581501072,6,9,4554,1332,759.0,148.0,0.0355604412301765,9.062293891482297e-05,1,1,0,BENIGN,BENIGN,0,0
2026-08-31 10:07:46.500,25866,443,6,101855.175627672,12,6,13464,5742,1122.0,957.0,0.1885618465606621,0.00017672150568,0,1,0,BENIGN,BENIGN,0,0
2026-08-31 10:07:47.000,27445,445,6,20078.75341000006,10,10,10480,9250,1048.0,925.0,0.9826307234963764,0.0009960777734377,1,0,0,BENIGN,BENIGN,0,0
2026-08-31 10:07:47.500,2732,443,6,11044.442509364311,11,6,957,792,87.0,132.0,0.1583601885684555,0.0015392356807682,1,1,0,BENIGN,BENIGN,0,0
2026-08-31 10:07:48.000,4654,80,6,744685.6389096142,7,7,4893,8134,699.0,1162.0,0.0174932875285462,1.879987912793796e-05,1,1,0,BENIGN,BENIGN,0,0
2026-08-31 10:07:48.500,20619,445,17,72185.49460335216,7,9,9380,2079,1340.0,231.0,0.1587438038816239,0.0002216511791697,0,0,0,BENIGN,BENIGN,0,0
2026-08-31 10:07:49.000,11509,8080,6,315293.3847693525,12,7,17700,2604,1475.0,372.0,0.0643971646097461,6.02613341009248e-05,1,1,0,BENIGN,BENIGN,0,0
2026-08-31 10:07:49.500,29332,443,6,465571.2567820532,8,15,9928,19125,1241.0,1275.0,0.0624029073448073,4.940167517745393e-05,0,1,0,BENIGN,BENIGN,0,0
2026-08-31 10:07:50.000,45813,8080,6,279615.7563870309,8,11,6720,13970,840.0,1270.0,0.0739943995524413,6.795039108247388e-05,1,0,0,Reconnaissance-PortScan,Reconnaissance-PortScan,1,1
2026-08-31 10:07:50.500,56714,445,6,13740.407330152611,8,10,1224,6660,153.0,666.0,0.5737821161211974,0.0013100048313269,1,0,0,Reconnaissance-PortScan,Reconnaissance-PortScan,1,1
2026-08-31 10:07:51.000,27110,445,6,765085.8359617665,11,11,3685,11275,335.0,1025.0,0.0195533615924266,2.8754943518274533e-05,1,0,0,Reconnaissance-PortScan,Reconnaissance-PortScan,1,1
2026-08-31 10:07:51.500,17883,443,17,5284.43945082271,14,8,6678,4896,477.0,612.0,2.1902039158185564,0.0041631662474518,1,0,0,Reconnaissance-PortScan,Reconnaissance-PortScan,1,1
2026-08-31 10:07:52.000,8708,8080,6,717511.0418121384,10,13,3050,5135,305.0,395.0,0.011407489951951,3.205525582099878e-05,1,0,0,Reconnaissance-PortScan,Reconnaissance-PortScan,1,1
2026-08-31 10:07:52.500,26576,22,6,1118888.118831853,8,10,1608,13160,201.0,1316.0,0.0131988174253616,1.6087399353772362e-05,1,0,0,Reconnaissance-PortScan,Reconnaissance-PortScan,1,1
2026-08-31 10:07:53.000,2231,8080,6,283556.844461547,11,6,5973,3780,543.0,630.0,0.0343952198303527,5.995270553839809e-05,1,0,0,Reconnaissance-PortScan,Reconnaissance-PortScan,1,1
2026-08-31 10:07:53.500,47123,445,17,383442.5816125082,18,7,19782,1645,1099.0,235.0,0.0558805960186614,6.519880993450021e-05,1,0,0,Reconnaissance-PortScan,Reconnaissance-PortScan,1,1
2026-08-31 10:07:54.000,2984,8080,17,324071.0306721102,21,10,13146,3010,626.0,301.0,0.0498532681739388,9.565804118544836e-05,1,0,0,Reconnaissance-PortScan,Reconnaissance-PortScan,1,1
2026-08-31 10:07:54.500,1581,80,6,246499.90806133597,14,8,6958,2888,497.0,361.0,0.039943219764409,8.924952618494812e-05,1,0,0,Reconnaissance-PortScan,Reconnaissance-PortScan,1,1
2026-08-31 10:07:55.000,30713,22,6,1092065.7427566517,9,12,9405,5508,1045.0,459.0,0.0136557712745564,1.922961153126035e-05,1,0,0,Reconnaissance-PortScan,Reconnaissance-PortScan,1,1
2026-08-31 10:07:55.500,49675,53,6,1121844.5618418788,12,5,17208,1855,1434.0,371.0,0.016992550169813,1.5153614482863242e-05,1,0,0,Reconnaissance-PortScan,Reconnaissance-PortScan,1,1
2026-08-31 10:07:56.000,14917,80,6,204598.30423318635,11,9,3421,12231,311.0,1359.0,0.0765011228118292,9.775252084312452e-05,1,0,0,Reconnaissance-PortScan,Reconnaissance-PortScan,1,1
2026-08-31 10:07:56.500,33296,53,17,477346.5701841266,6,5,7452,6495,1242.0,1299.0,0.029217765185425,2.304405370615009e-05,1,0,0,Reconnaissance-PortScan,Reconnaissance-PortScan,1,1
2026-08-31 10:07:57.000,1906,443,6,1308015.1834527408,16,10,8304,7200,519.0,720.0,0.0118530734168971,1.9877445100575635e-05,1,0,0,Reconnaissance-PortScan,Reconnaissance-PortScan,1,1
2026-08-31 10:07:57.500,60562,53,6,1635854.8756225146,7,10,6972,460,996.0,46.0,0.0045431902980552,1.0392119895982113e-05,1,0,0,Reconnaissance-PortScan,Reconnaissance-PortScan,1,1
2026-08-31 10:07:58.000,38553,8080,6,355613.8669689523,10,8,1980,4584,198.0,573.0,0.0184582228352431,5.06166988169372e-05,1,0,0,Reconnaissance-PortScan,Reconnaissance-PortScan,1,1
2026-08-31 10:07:58.500,61035,53,6,301493.1224978737,7,10,5558,1110,794.0,111.0,0.0221165907352525,5.638602916906018e-05,1,0,0,Reconnaissance-PortScan,Reconnaissance-PortScan,1,1
2026-08-31 10:07:59.000,39659,445,6,163346.1295940963,7,8,1701,5256,243.0,657.0,0.0425905408157619,9.182954035308737e-05,1,0,0,Reconnaissance-PortScan,Reconnaissance-PortScan,1,1
2026-08-31 10:07:59.500,57139,80,6,1595531.520471371,14,13,11676,2314,834.0,178.0,0.0087682379322592,1.6922260483988503e-05,1,0,0,Reconnaissance-PortScan,Reconnaissance-PortScan,1,1
2026-08-31 10:08:00.000,30559,22,6,77050.3514805673,10,12,13410,17388,1341.0,1449.0,0.399712647693377,0.0002855275748183,1,1,0,SSH-Bruteforce,SSH-Bruteforce,1,2
2026-08-31 10:08:00.500,13893,22,6,433547.4393463496,3,8,3618,4648,1206.0,581.0,0.0190659642974061,2.5372079273102728e-05,1,0,0,SSH-Bruteforce,SSH-Bruteforce,1,2
2026-08-31 10:08:01.000,8190,22,6,166026.19653102622,8,10,4408,3630,551.0,363.0,0.048414046502678,0.0001084166256591,0,0,0,SSH-Bruteforce,SSH-Bruteforce,1,2
2026-08-31 10:08:01.500,14006,22,6,163563.8200826161,15,12,2325,11856,155.0,988.0,0.0867001026997913,0.0001650731805157,1,0,0,SSH-Bruteforce,SSH-Bruteforce,1,2
2026-08-31 10:08:02.000,41721,22,6,259570.54025217248,12,10,5172,6400,431.0,640.0,0.0445813303324483,8.4755380860168e-05,0,0,0,SSH-Bruteforce,SSH-Bruteforce,1,2
2026-08-31 10:08:02.500,39139,22,6,3359782.0807618857,12,9,16872,1008,1406.0,112.0,0.0053217737252447,6.2504053819988825e-06,0,1,0,SSH-Bruteforce,SSH-Bruteforce,1,2
2026-08-31 10:08:03.000,8293,22,6,28267.348993116768,12,5,17232,4395,1436.0,879.0,0.7650876634245185,0.000601400576974,0,0,0,SSH-Bruteforce,SSH-Bruteforce,1,2
2026-08-31 10:08:03.500,59978,22,6,432017.3596409552,7,11,5089,15972,727.0,1452.0,0.0487503558121276,4.166499238489617e-05,0,0,0,SSH-Bruteforce,SSH-Bruteforce,1,2
2026-08-31 10:08:04.000,29088,22,6,43090.67425308698,15,11,14535,14311,969.0,1301.0,0.6694255890238069,0.0006033788155938,0,1,0,SSH-Bruteforce,SSH-Bruteforce,1,2
2026-08-31 10:08:04.500,58301,22,6,83925.87362282147,12,10,9180,10270,765.0,1027.0,0.2317521302798038,0.0002621360856635,0,0,0,SSH-Bruteforce,SSH-Bruteforce,1,2
2026-08-31 10:08:05.000,14551,22,6,289519.1692672631,10,12,4080,16620,408.0,1385.0,0.0714978564344258,7.598805997861687e-05,0,1,0,SSH-Bruteforce,SSH-Bruteforce,1,2
2026-08-31 10:08:05.500,3478,22,17,357144.686309625,9,9,11502,12636,1278.0,1404.0,0.0675860538448493,5.039974186789659e-05,1,0,0,SSH-Bruteforce,SSH-Bruteforce,1,2
2026-08-31 10:08:06.000,21902,22,6,149737.271132877,13,10,7904,13680,608.0,1368.0,0.1441458084233743,0.0001536023718373,1,1,0,SSH-Bruteforce,SSH-Bruteforce,1,2
2026-08-31 10:08:06.500,52122,22,6,190232.9523883904,17,11,15980,11781,940.0,1071.0,0.1459316046457726,0.0001471879590101,0,0,0,SSH-Bruteforce,SSH-Bruteforce,1,2
2026-08-31 10:08:07.000,63178,22,6,45491.63832368962,11,5,8580,6350,780.0,1270.0,0.3281921809561061,0.0003517129869589,1,1,0,SSH-Bruteforce,SSH-Bruteforce,1,2
2026-08-31 10:08:07.500,14015,22,6,180642.62313775977,16,12,5856,5400,366.0,450.0,0.0623108754947217,0.0001550021778475,1,1,0,SSH-Bruteforce,SSH-Bruteforce,1,2
2026-08-31 10:08:08.000,3832,22,6,1698977.9113062543,17,13,1292,3861,76.0,297.0,0.0030329999970439,1.7657675123485278e-05,1,1,0,SSH-Bruteforce,SSH-Bruteforce,1,2
2026-08-31 10:08:08.500,40434,22,6,1447557.931747662,10,9,10250,6210,1025.0,690.0,0.0113708747946369,1.3125554137187251e-05,0,1,0,SSH-Bruteforce,SSH-Bruteforce,1,2
2026-08-31 10:08:09.000,37617,22,6,203892.6163612157,16,8,6704,8872,419.0,1109.0,0.0763931537944545,0.0001177090197141,1,1,0,SSH-Bruteforce,SSH-Bruteforce,1,2
2026-08-31 10:08:09.500,37328,22,6,422978.97156392783,11,6,9185,990,835.0,165.0,0.0240555693871453,4.019112330039026e-05,0,1,0,SSH-Bruteforce,SSH-Bruteforce,1,2
2026-08-31 10:08:10.000,31410,22,6,1201730.014798798,80,11,110960,11924,1387.0,1084.0,0.1022559131299982,7.572416339661668e-05,0,0,0,DoS-DoS attack-HOIC,DoS-DoS attack-HOIC,1,3
2026-08-31 10:08:10.500,56244,443,6,3101.510830969832,120,9,48960,11097,408.0,1233.0,19.36378851451004,0.0415926323055063,0,1,0,DoS-DoS attack-HOIC,DoS-DoS attack-HOIC,1,3
2026-08-31 10:08:11.000,49101,445,6,832167.7164334286,110,7,28930,4081,263.0,583.0,0.0396686861887463,0.0001405966582073,0,1,0,DoS-DoS attack-HOIC,DoS-DoS attack-HOIC,1,3
2026-08-31 10:08:11.500,4826,22,6,1481821.8591413172,150,5,127950,7395,853.0,1479.0,0.091336889899516,0.0001046009674123,0,1,0,DoS-DoS attack-HOIC,DoS-DoS attack-HOIC,1,3
2026-08-31 10:08:12.000,29777,22,6,47884.29631317092,100,11,116300,5434,1163.0,494.0,2.5422530839425463,0.0023180877348778,0,1,0,DoS-DoS attack-HOIC,DoS-DoS attack-HOIC,1,3
2026-08-31 10:08:12.500,22107,22,6,88039.15486109798,120,7,136560,4907,1138.0,701.0,1.6068645843673544,0.0014425399719698,0,0,0,DoS-DoS attack-HOIC,DoS-DoS attack-HOIC,1,3
2026-08-31 10:08:13.000,19378,80,6,1618854.8211409138,160,8,122080,10152,763.0,1269.0,0.0816824327125211,0.0001037770637644,1,1,0,DoS-DoS attack-HOIC,DoS-DoS attack-HOIC,1,3
2026-08-31 10:08:13.500,23214,80,6,385597.7614284741,130,8,96460,11168,742.0,1396.0,0.2791198776634316,0.0003578858950974,1,0,0,DoS-DoS attack-HOIC,DoS-DoS attack-HOIC,1,3
2026-08-31 10:08:14.000,7166,443,6,7149.185354754568,170,12,243270,13008,1431.0,1084.0,35.847161169361854,0.0254574459486333,0,1,0,DoS-DoS attack-HOIC,DoS-DoS attack-HOIC,1,3
2026-08-31 10:08:14.500,29422,8080,17,148955.10011091287,60,12,6120,11484,102.0,957.0,0.1181832645254182,0.0004833671350732,1,0,0,DoS-DoS attack-HOIC,DoS-DoS attack-HOIC,1,3
2026-08-31 10:08:15.000,52995,8080,6,298867.2977894771,10,6,1380,6768,138.0,1128.0,0.0272629359585097,5.353546579972455e-05,1,0,0,BENIGN,BENIGN,0,0
2026-08-31 10:08:15.500,42886,8080,6,590305.4343219857,12,7,9792,889,816.0,127.0,0.0180940228207234,3.218672723469198e-05,0,0,0,BENIGN,BENIGN,0,0
2026-08-31 10:08:16.000,34156,445,6,660553.7341168576,14,7,18032,7742,1288.0,1106.0,0.0390187787433659,3.179150902501295e-05,1,1,0,BENIGN,BENIGN,0,0
2026-08-31 10:08:16.500,54434,445,6,2693193.3342485246,13,8,1482,9632,114.0,1204.0,0.0041266996537624,7.797435012507783e-06,0,0,0,BENIGN,BENIGN,0,0
2026-08-31 10:08:17.000,20527,443,6,169495.54269810664,9,9,2007,12933,223.0,1437.0,0.08814391081498,0.0001061974829096,1,1,0,BENIGN,BENIGN,0,0
2026-08-31 10:08:17.500,60926,445,6,386333.4561954432,9,8,12204,4440,1356.0,555.0,0.043081953511034,4.4003437255922746e-05,0,1,0,BENIGN,BENIGN,0,0
2026-08-31 10:08:18.000,49480,8080,17,381059.5416972328,9,10,10080,5390,1120.0,539.0,0.0405973300935882,4.9860974258447145e-05,0,1,0,BENIGN,BENIGN,0,0
2026-08-31 10:08:18.500,35655,8080,6,260139.465779218,10,10,13120,13420,1312.0,1342.0,0.1020221976680172,7.688183697665202e-05,1,0,0,BENIGN,BENIGN,0,0
2026-08-31 10:08:19.000,17523,22,1,92660.16060389447,12,10,6096,3650,508.0,365.0,0.1051800464776938,0.0002374267414846,0,0,0,BENIGN,BENIGN,0,0
2026-08-31 10:08:19.500,40876,445,6,1896155.6528390343,12,12,2148,17772,179.0,1481.0,0.0105054666635988,1.2657188751323886e-05,1,1,0,BENIGN,BENIGN,0,0
2026-08-31 10:08:20.000,9040,80,6,959741.3779439294,13,15,5174,8880,398.0,592.0,0.0146435282700446,2.9174526224651418e-05,0,0,0,BENIGN,BENIGN,0,0
2026-08-31 10:08:20.500,3408,80,6,344909.39120805054,15,8,22065,7416,1471.0,927.0,0.0854746224679113,6.668418020969303e-05,0,1,0,BENIGN,BENIGN,0,0
2026-08-31 10:08:21.000,63344,22,17,462218.6913069447,6,6,6114,6210,1019.0,1035.0,0.0266627036758005,2.5961736782668456e-05,1,0,0,BENIGN,BENIGN,0,0
2026-08-31 10:08:21.500,16096,22,6,128907.00112906384,11,10,14245,10320,1295.0,1032.0,0.19056373806648,0.0001629081416403,1,1,0,BENIGN,BENIGN,0,0
2026-08-31 10:08:22.000,37727,22,17,392397.8137800509,10,12,3390,11616,339.0,968.0,0.0382418032737277,5.606555191403516e-05,1,1,0,BENIGN,BENIGN,0,0
2026-08-31 10:08:22.500,46919,80,6,593672.7914885518,11,8,5115,7680,465.0,960.0,0.0215522762424445,3.200416167303222e-05,0,0,0,BENIGN,BENIGN,0,0
2026-08-31 10:08:23.000,15506,8080,6,361975.4178929614,12,6,12408,2082,1034.0,347.0,0.0400303426236653,4.972713369399424e-05,1,0,0,BENIGN,BENIGN,0,0
2026-08-31 10:08:23.500,41534,22,17,2317050.8776151687,7,15,1400,10440,200.0,696.0,0.0051099439008155,9.494828194082908e-06,0,1,0,BENIGN,BENIGN,0,0
2026-08-31 10:08:24.000,49957,443,6,472527.3074927703,12,15,5280,20550,440.0,1370.0,0.0546635074626847,5.713955483904326e-05,1,0,0,BENIGN,BENIGN,0,0
2026-08-31 10:08:24.500,22850,22,6,231791.11538684223,10,10,14410,5090,1441.0,509.0,0.0841274695391782,8.628458414274694e-05,1,0,0,BENIGN,BENIGN,0,0
2026-08-31 10:08:25.000,3514,53,6,739538.3301091532,7,13,9240,16211,1320.0,1247.0,0.0344147138335607,2.7043899126604613e-05,1,0,0,BENIGN,BENIGN,0,0
2026-08-31 10:08:25.500,57156,22,1,93443.48818922591,12,11,9360,7304,780.0,664.0,0.1783323837876382,0.0002461380717184,1,0,0,BENIGN,BENIGN,0,0
2026-08-31 10:08:26.000,47116,80,17,242673.01307151667,10,13,9010,4290,901.0,330.0,0.0548062589700997,9.47777410761123e-05,1,0,0,BENIGN,BENIGN,0,0
2026-08-31 10:08:26.500,26542,445,6,213057.64427688485,11,9,5863,2592,533.0,288.0,0.039684095955812,9.387130917992196e-05,0,1,0,BENIGN,BENIGN,0,0
2026-08-31 10:08:27.000,25069,22,6,282647.14831505844,9,11,4752,3993,528.0,363.0,0.0309396364046907,7.07596029838553e-05,0,0,0,BENIGN,BENIGN,0,0
2026-08-31 10:08:27.500,51900,445,17,761125.3765342133,8,9,9960,5787,1245.0,643.0,0.0206891012772391,2.2335347794060155e-05,1,0,0,BENIGN,BENIGN,0,0
2026-08-31 10:08:28.000,27934,53,6,330991.9516937448,9,12,5085,1176,565.0,98.0,0.0189158677960965,6.344565144833522e-05,1,0,0,BENIGN,BENIGN,0,0
2026-08-31 10:08:28.500,25590,443,6,789974.6297875579,9,10,10467,10600,1163.0,1060.0,0.0266679450267899,2.405140530255892e-05,1,0,0,BENIGN,BENIGN,0,0
2026-08-31 10:08:29.000,52943,445,17,429587.781246959,12,9,9312,2772,776.0,308.0,0.0281292916773438,4.888407193182898e-05,0,1,0,BENIGN,BENIGN,0,0
2026-08-31 10:08:29.500,34929,8080,6,209327.9385102621,12,15,4764,20715,397.0,1381.0,0.1217181049988401,0.0001289842158235,0,0,0,BENIGN,BENIGN,0,0
2026-08-31 10:08:30.000,28127,22,6,830309.6688645431,9,11,11646,1463,1294.0,133.0,0.0157880854474076,2.40873986534558e-05,1,1,0,BENIGN,BENIGN,0,0
2026-08-31 10:08:30.500,54293,53,6,136094.4703258735,10,8,6040,10536,604.0,1317.0,0.1217977479841125,0.0001322610680329,0,0,0,BENIGN,BENIGN,0,0
2026-08-31 10:08:31.000,37212,53,17,127048.20564755196,11,10,11759,7260,1069.0,726.0,0.149699083915157,0.0001652915906313,0,1,0,BENIGN,BENIGN,0,0
2026-08-31 10:08:31.500,6869,445,1,351096.91322508204,12,9,1548,4986,129.0,554.0,0.0186102462132017,5.9812545221493146e-05,1,0,0,BENIGN,BENIGN,0,0
2026-08-31 10:08:32.000,22186,443,17,151126.69074681186,12,11,1236,6292,103.0,572.0,0.0498125113591867,0.0001521901914534,0,0,0,BENIGN,BENIGN,0,0
2026-08-31 10:08:32.500,37698,80,6,4564.286944328279,9,11,10359,12837,1151.0,1167.0,5.0820643469848905,0.0043818454448912,0,0,0,BENIGN,BENIGN,0,0
2026-08-31 10:08:33.000,53813,22,17,522484.85440775903,10,11,10960,4851,1096.0,441.0,0.0302611642544534,4.0192552611695794e-05,0,0,0,BENIGN,BENIGN,0,0
2026-08-31 10:08:33.500,20361,53,17,357792.3359336209,9,7,10215,7042,1135.0,1006.0,0.048231888350787,4.47186772679256e-05,0,1,0,BENIGN,BENIGN,0,0
2026-08-31 10:08:34.000,23337,443,6,294860.2999185192,12,13,3504,18148,292.0,1396.0,0.0734313843038514,8.478591389230956e-05,1,0,0,BENIGN,BENIGN,0,0
2026-08-31 10:08:34.500,27967,8080,17,1705147.034953414,12,7,1752,5320,146.0,760.0,0.0041474429213382,1.1142734092962058e-05,0,1,0,BENIGN,BENIGN,0,0
2026-08-31 10:08:35.000,13437,53,6,423381.38307789626,10,5,9690,4580,969.0,916.0,0.0337048358053038,3.542904955007414e-05,0,1,0,BENIGN,BENIGN,0,0
2026-08-31 10:08:35.500,1300,443,6,995464.7641652644,14,15,7742,9705,553.0,647.0,0.017526486750593,2.9132121038986544e-05,0,0,0,BENIGN,BENIGN,0,0
2026-08-31 10:08:36.000,52175,80,6,75091.9168739037,8,14,1400,1848,175.0,132.0,0.0432536567820154,0.0002929742762328,1,1,0,BENIGN,BENIGN,0,0
2026-08-31 10:08:36.500,18635,80,6,421063.1682170712,9,10,6012,6130,668.0,613.0,0.0288365283791624,4.512387079592216e-05,1,1,0,BENIGN,BENIGN,0,0
2026-08-31 10:08:37.000,40129,53,6,1012399.512678854,9,11,4032,11110,448.0,1010.0,0.0149565461166452,1.975504704351503e-05,1,0,0,BENIGN,BENIGN,0,0
2026-08-31 10:08:37.500,12968,53,6,437461.3519645215,16,5,2560,2380,160.0,476.0,0.0112924261256517,4.800424061511856e-05,1,0,0,BENIGN,BENIGN,0,0
2026-08-31 10:08:38.000,53911,445,6,632949.2431770306,13,9,10907,9657,839.0,1073.0,0.0324891770096066,3.475792132908706e-05,1,0,0,BENIGN,BENIGN,0,0
2026-08-31 10:08:38.500,16930,22,6,232642.2452088375,12,5,10356,2475,863.0,495.0,0.0551533535447544,7.30735726179429e-05,1,0,0,BENIGN,BENIGN,0,0
2026-08-31 10:08:39.000,50871,443,6,48503.04289052596,9,7,10413,3178,1157.0,454.0,0.2802092237362003,0.0003298762107114,1,0,0,BENIGN,BENIGN,0,0
2026-08-31 10:08:39.500,59677,53,6,306152.6685652196,11,12,5984,17256,544.0,1438.0,0.0759098397154427,7.512591710220242e-05,0,0,0,BENIGN,BENIGN,0,0
2026-08-31 10:08:40.000,21560,22,6,250833.33998424103,9,6,414,8616,46.0,1436.0,0.0359999990440159,5.980066286381384e-05,0,0,0,BENIGN,BENIGN,0,0
2026-08-31 10:08:40.500,58077,445,6,1008929.3761294102,6,12,5898,8916,983.0,743.0,0.0146828909439475,1.7840693735051703e-05,0,1,0,BENIGN,BENIGN,0,0
2026-08-31 10:08:41.000,57646,22,6,139853.8445012143,8,8,1840,7368,230.0,921.0,0.0658401635806418,0.0001144051495753,0,1,0,BENIGN,BENIGN,0,0
2026-08-31 10:08:41.500,28834,53,6,1701613.1322534825,9,13,4464,10413,496.0,801.0,0.008742880339793,1.2928908212371188e-05,1,0,0,BENIGN,BENIGN,0,0
2026-08-31 10:08:42.000,13330,80,17,1586689.8233462193,11,6,4675,7548,425.0,1258.0,0.0077034590000366,1.0714129346365273e-05,0,1,0,BENIGN,BENIGN,0,0
2026-08-31 10:08:42.500,57713,443,6,142264.6193108916,11,4,9262,1216,842.0,304.0,0.0736514816545205,0.0001054373186502,0,1,0,BENIGN,BENIGN,0,0
2026-08-31 10:08:43.000,11527,443,6,213895.20327275796,12,9,10860,4914,905.0,546.0,0.0737463942992102,9.817891975931378e-05,1,1,0,BENIGN,BENIGN,0,0
2026-08-31 10:08:43.500,20249,80,6,1129550.877690156,9,10,9558,6850,1062.0,685.0,0.014526127440499,1.682084479336187e-05,0,0,0,BENIGN,BENIGN,0,0
2026-08-31 10:08:44.000,38000,53,17,1699932.4483489548,10,7,3170,6552,317.0,936.0,0.0057190507830974,1.0000397378384712e-05,1,1,0,BENIGN,BENIGN,0,0
2026-08-31 10:08:44.500,61927,443,6,292989.3426936954,10,6,8660,8934,866.0,1489.0,0.0600499657688678,5.460949484494064e-05,1,0,0,BENIGN,BENIGN,0,0
2026-08-31 10:08:45.000,12614,53,17,193564.9001942868,13,6,12792,5400,984.0,900.0,0.0939839815007799,9.815829202478114e-05,0,1,0,BENIGN,BENIGN,0,0
2026-08-31 10:08:45.500,58909,445,6,373373.1585761023,7,10,637,7280,91.0,728.0,0.0212039880691484,4.553085729133817e-05,0,0,0,BENIGN,BENIGN,0,0
2026-08-31 10:08:46.000,11910,53,17,582006.3207231277,11,8,16148,7248,1468.0,906.0,0.0401988761402609,3.26456935657787e-05,1,1,0,BENIGN,BENIGN,0,0
2026-08-31 10:08:46.500,13890,22,6,159740.85897829628,10,7,4350,8134,435.0,1162.0,0.0781515767416441,0.0001064223649958,0,1,0,BENIGN,BENIGN,0,0
2026-08-31 10:08:47.000,2112,80,1,666800.0560401077,18,10,14724,10930,818.0,1093.0,0.0384733021049299,4.1991598149919615e-05,1,0,0,BENIGN,BENIGN,0,0
2026-08-31 10:08:47.500,4387,53,6,26519.70219359077,14,11,10262,14894,733.0,1354.0,0.9485777708542243,0.0009426953518586,0,1,0,BENIGN,BENIGN,0,0
2026-08-31 10:08:48.000,33816,445,6,25275.4654061188,15,7,3750,3682,250.0,526.0,0.2940400850249201,0.000870409293669,0,0,0,BENIGN,BENIGN,0,0
2026-08-31 10:08:48.500,10788,8080,6,244114.5179031249,8,9,7432,13221,929.0,1469.0,0.0846037350689234,6.963944686833387e-05,0,0,0,BENIGN,BENIGN,0,0
2026-08-31 10:08:49.000,56320,80,6,218070.30768327,16,7,4944,469,309.0,67.0,0.0248222697407009,0.0001054705715935,1,0,0,BENIGN,BENIGN,0,0
2026-08-31 10:08:49.500,61326,443,6,189630.63511938427,14,4,8176,4836,584.0,1209.0,0.0686176049092593,9.492137168511126e-05,1,1,0,BENIGN,BENIGN,0,0
2026-08-31 10:08:50.000,55844,22,17,337673.04482344683,11,12,11506,3924,1046.0,327.0,0.0456950894840026,6.81132247655257e-05,0,1,0,BENIGN,BENIGN,0,0
2026-08-31 10:08:50.500,21644,443,1,193370.93032494225,8,6,7072,3720,884.0,620.0,0.0558098364697678,7.239971373024001e-05,0,0,0,BENIGN,BENIGN,0,0
2026-08-31 10:08:51.000,43751,445,6,106756.23872149762,15,8,15825,7912,1055.0,989.0,0.2223476611957159,0.000215444083393,1,0,0,BENIGN,BENIGN,0,0
2026-08-31 10:08:51.500,13959,445,6,185147.6036529416,10,14,13450,4074,1345.0,291.0,0.0946488080499393,0.0001296263063911,1,0,0,BENIGN,BENIGN,0,0
2026-08-31 10:08:52.000,9092,443,6,1842528.8394094435,10,8,4370,9800,437.0,1225.0,0.0076905173459671,9.769182231997823e-06,1,1,0,BENIGN,BENIGN,0,0
2026-08-31 10:08:52.500,52411,80,6,264760.83621871955,13,6,16627,5796,1279.0,966.0,0.0846915288506997,7.176287955060856e-05,1,1,0,BENIGN,BENIGN,0,0
2026-08-31 10:08:53.000,8319,443,6,294134.8899641984,9,6,13455,894,1495.0,149.0,0.0487837400087378,5.0997010253750594e-05,0,0,0,BENIGN,BENIGN,0,0
2026-08-31 10:08:53.500,42184,53,6,429654.0020920419,9,4,12456,2732,1384.0,683.0,0.0353493739746264,3.025690424480796e-05,1,1,0,BENIGN,BENIGN,0,0
2026-08-31 10:08:54.000,12414,443,6,2047395.383305034,9,6,7677,2622,853.0,437.0,0.005030293652086,7.32638166630658e-06,1,1,0,BENIGN,BENIGN,0,0
2026-08-31 10:08:54.500,42240,22,6,138273.00555338743,8,10,5424,13340,678.0,1334.0,0.1357025539695683,0.0001301772527953,1,0,0,BENIGN,BENIGN,0,0
2026-08-31 10:08:55.000,21155,22,6,571724.463254645,10,8,5320,10008,532.0,1251.0,0.0268101174339724,3.148369740419521e-05,1,0,0,BENIGN,BENIGN,0,0
2026-08-31 10:08:55.500,30242,8080,6,629363.5731467112,11,11,10890,3465,990.0,315.0,0.0228087557212746,3.4955947465555034e-05,0,1,0,BENIGN,BENIGN,0,0
2026-08-31 10:08:56.000,11457,22,6,467385.7480194014,11,7,1837,5096,167.0,728.0,0.0148335716894043,3.851208573622936e-05,0,0,0,BENIGN,BENIGN,0,0
2026-08-31 10:08:56.500,16062,443,6,46374.81720039868,9,11,1017,3146,113.0,286.0,0.0897685478977268,0.0004312685462297,0,0,0,BENIGN,BENIGN,0,0
2026-08-31 10:08:57.000,53351,22,1,564853.8015236439,17,12,8347,16644,491.0,1387.0,0.044243306732019,5.134071846779047e-05,1,1,0,BENIGN,BENIGN,0,0
2026-08-31 10:08:57.500,29206,80,6,33120.497314378146,12,9,5724,9729,477.0,1081.0,0.4665690810332702,0.000634048450249,1,0,0,BENIGN,BENIGN,0,0
2026-08-31 10:08:58.000,12552,22,6,453346.7781591341,9,12,11871,5364,1319.0,447.0,0.0380172548476124,4.632215560196469e-05,0,0,0,BENIGN,BENIGN,0,0
2026-08-31 10:08:58.500,22305,53,6,672732.043582701,7,8,3409,11792,487.0,1474.0,0.0225959208347198,2.229713916984398e-05,0,1,0,BENIGN,BENIGN,0,0
2026-08-31 10:08:59.000,55213,80,6,118475.39870973123,8,11,9320,1804,1165.0,164.0,0.0938929104287317,0.000160370846651,1,0,0,BENIGN,BENIGN,0,0
2026-08-31 10:08:59.500,49535,8080,17,921385.372880897,17,8,10166,11064,598.0,1383.0,0.0230413903070652,2.71330550012544e-05,1,1,0,BENIGN,BENIGN,0,0
2026-08-31 10:09:00.000,57603,53,6,15412.0109967997,11,9,11099,1728,1009.0,192.0,0.832272958690517,0.0012976891848296,0,0,0,BENIGN,BENIGN,0,0
2026-08-31 10:09:00.500,9629,443,6,928350.1993670866,9,10,8784,6970,976.0,697.0,0.0169698891760574,2.046641451981031e-05,1,1,0,BENIGN,BENIGN,0,0
2026-08-31 10:09:01.000,35806,443,6,308397.83909849694,16,6,5152,354,322.0,59.0,0.0178535621906966,7.133642720583465e-05,0,1,0,BENIGN,BENIGN,0,0
2026-08-31 10:09:01.500,2405,443,17,122686.87309126556,10,8,7990,2288,799.0,286.0,0.0837742436512874,0.0001467149626117,1,0,0,BENIGN,BENIGN,0,0
2026-08-31 10:09:02.000,2122,53,17,71807.10980969138,8,14,10136,20342,1267.0,1453.0,0.4244426502686247,0.000306376347067,0,0,0,BENIGN,BENIGN,0,0
2026-08-31 10:09:02.500,20834,53,6,1532082.303754009,11,5,1375,7050,125.0,1410.0,0.0054990518324645,1.0443303183315486e-05,1,0,0,BENIGN,BENIGN,0,0
2026-08-31 10:09:03.000,53831,53,6,37720.51576196154,14,10,19418,12660,1387.0,1266.0,0.8504125498687972,0.0006362585322292,1,1,0,BENIGN,BENIGN,0,0
2026-08-31 10:09:03.500,25346,80,6,111005.48392448714,13,10,2639,10720,203.0,1072.0,0.1203454057088222,0.0002071969706791,1,1,0,BENIGN,BENIGN,0,0
2026-08-31 10:09:04.000,42893,445,1,213719.1404536912,11,8,10076,4560,916.0,570.0,0.0684824015679892,8.890172381742251e-05,0,0,0,BENIGN,BENIGN,0,0
2026-08-31 10:09:04.500,33979,80,6,484101.12044944864,10,10,11200,1420,1120.0,142.0,0.0260689336724167,4.131368252363986e-05,1,0,0,BENIGN,BENIGN,0,0
2026-08-31 10:09:05.000,62412,443,17,393510.3901735318,19,9,4655,11781,245.0,1309.0,0.0417676392034637,7.115441090879685e-05,1,1,0,BENIGN,BENIGN,0,0
2026-08-31 10:09:05.500,45740,445,6,67133.5415390899,13,7,19396,4452,1492.0,636.0,0.355232264672968,0.0002979136738283,1,0,0,BENIGN,BENIGN,0,0
2026-08-31 10:09:06.000,11231,22,6,171053.630411802,10,8,1870,11056,187.0,1382.0,0.0755669433506071,0.0001052301547509,0,1,0,BENIGN,BENIGN,0,0
2026-08-31 10:09:06.500,22817,443,6,136397.893255261,10,9,13640,3510,1364.0,390.0,0.1257350798420866,0.0001392983391836,1,0,0,BENIGN,BENIGN,0,0
2026-08-31 10:09:07.000,3116,8080,6,120108.52277966628,11,13,9130,3549,830.0,273.0,0.1055628668600265,0.0001998192921082,0,0,0,BENIGN,BENIGN,0,0
2026-08-31 10:09:07.500,29244,80,6,264787.08940377494,7,3,9471,228,1353.0,76.0,0.0366294294086357,3.776619178125145e-05,1,0,0,BENIGN,BENIGN,0,0
2026-08-31 10:09:08.000,19538,53,6,608751.0445297679,7,9,7588,12672,1084.0,1408.0,0.0332812570618537,2.6283322457535048e-05,0,1,0,BENIGN,BENIGN,0,0
2026-08-31 10:09:08.500,39034,80,6,122600.6039278473,17,7,16762,2317,986.0,331.0,0.155619135527849,0.0001957576001188,0,0,0,BENIGN,BENIGN,0,0
2026-08-31 10:09:09.000,9573,53,6,228388.8432115991,13,6,15600,336,1200.0,56.0,0.0697757376201505,8.319145424089236e-05,1,1,0,BENIGN,BENIGN,0,0
2026-08-31 10:09:09.500,23055,445,6,247900.7161768635,16,7,22912,903,1432.0,129.0,0.0960666849467616,9.277907847052356e-05,0,1,0,BENIGN,BENIGN,0,0
2026-08-31 10:09:10.000,6209,8080,6,1874453.3776833783,14,9,8344,12699,596.0,1411.0,0.0112262061305011,1.2270243834126624e-05,1,0,0,BENIGN,BENIGN,0,0
2026-08-31 10:09:10.500,16295,445,1,1546852.9241937958,15,13,22485,9308,1499.0,716.0,0.0205533438263787,1.8101268428226493e-05,1,0,0,BENIGN,BENIGN,0,0
2026-08-31 10:09:11.000,6800,8080,17,805063.0314578598,9,8,7200,8128,800.0,1016.0,0.0190395029964954,2.1116359012292672e-05,1,1,0,BENIGN,BENIGN,0,0
2026-08-31 10:09:11.500,60790,80,17,138311.01100649522,9,8,621,2336,69.0,292.0,0.0213793535183351,0.0001229114000039,1,0,0,BENIGN,BENIGN,0,0
2026-08-31 10:09:12.000,13473,53,1,35231.25083853791,9,6,2376,5136,264.0,856.0,0.2132197926294106,0.0004257583718638,0,0,0,BENIGN,BENIGN,0,0
2026-08-31 10:09:12.500,25321,445,6,190560.03726596443,8,8,11592,1784,1449.0,223.0,0.0701931012987219,8.396303983100711e-05,0,1,0,BENIGN,BENIGN,0,0
2026-08-31 10:09:13.000,57723,8080,6,155164.66455118114,12,7,5616,2303,468.0,329.0,0.0510361042728098,0.0001224505595635,0,0,0,BENIGN,BENIGN,0,0
2026-08-31 10:09:13.500,41615,443,6,352534.7854703097,10,13,5680,10400,568.0,800.0,0.0456125201321391,6.5241788746219e-05,0,1,0,BENIGN,BENIGN,0,0
2026-08-31 10:09:14.000,16741,443,6,751926.5086281551,13,12,14183,15336,1091.0,1278.0,0.0392578259456008,3.324793010061385e-05,0,1,0,BENIGN,BENIGN,0,0
2026-08-31 10:09:14.500,41147,445,6,977102.5143988216,13,4,2145,788,165.0,197.0,0.0030017321179186,1.7398379135566493e-05,1,1,0,BENIGN,BENIGN,0,0
2026-08-31 10:09:15.000,40257,53,17,931726.838984011,18,13,15336,12506,852.0,962.0,0.0298821487530198,3.327155417511727e-05,1,1,0,BENIGN,BENIGN,0,0
2026-08-31 10:09:15.500,46529,445,6,222890.14774395016,16,3,8608,2190,538.0,730.0,0.0484453893938819,8.524378574585638e-05,0,1,0,BENIGN,BENIGN,0,0
2026-08-31 10:09:16.000,51673,80,6,581150.5350055037,15,11,18750,4752,1250.0,432.0,0.0404404686633782,4.4738838620025336e-05,0,0,0,BENIGN,BENIGN,0,0
2026-08-31 10:09:16.500,47116,8080,6,187589.8365593808,13,9,9009,9747,693.0,1083.0,0.0999840947836373,0.0001172771425271,1,1,0,BENIGN,BENIGN,0,0
2026-08-31 10:09:17.000,64695,80,6,31419.60594961316,18,6,25830,2820,1435.0,470.0,0.9118510282027976,0.000763854264463,0,1,0,BENIGN,BENIGN,0,0
2026-08-31 10:09:17.500,11374,443,6,604602.0076459111,12,11,2124,11396,177.0,1036.0,0.022361817904671,3.804155412776876e-05,0,0,0,BENIGN,BENIGN,0,0
2026-08-31 10:09:18.000,31646,8080,6,4938.080849626753,17,8,17561,8352,1033.0,1044.0,5.247585192835147,0.0050626955513016,0,1,0,BENIGN,BENIGN,0,0
2026-08-31 10:09:18.500,36347,445,17,263124.1279700745,11,5,15400,5655,1400.0,1131.0,0.0800192675663496,6.080780247264753e-05,0,1,0,BENIGN,BENIGN,0,0
2026-08-31 10:09:19.000,55585,80,6,199775.765885756,14,14,10920,15960,780.0,1140.0,0.1345508544516161,0.0001401571400537,1,0,0,BENIGN,BENIGN,0,0
2026-08-31 10:09:19.500,60710,22,6,591069.0276707357,5,13,1265,1833,253.0,141.0,0.0052413505951345,3.045329590459044e-05,1,0,0,BENIGN,BENIGN,0,0
2026-08-31 10:09:20.000,3975,53,17,726741.8715654294,11,9,3630,6219,330.0,691.0,0.0135522671600706,2.752008764355912e-05,0,0,0,BENIGN,BENIGN,0,0
2026-08-31 10:09:20.500,18646,53,1,181270.7995578756,15,13,14745,12116,983.0,932.0,0.148181615925085,0.0001544650327948,1,1,0,BENIGN,BENIGN,0,0
2026-08-31 10:09:21.000,59341,22,17,834665.6579470676,6,5,2460,3120,410.0,624.0,0.0066853115936956,1.3178929664991445e-05,0,1,0,BENIGN,BENIGN,0,0
2026-08-31 10:09:21.500,5751,443,17,174011.07273569383,11,8,6259,1968,569.0,246.0,0.04727860055218,0.0001091884539311,1,1,0,BENIGN,BENIGN,0,0
2026-08-31 10:09:22.000,54141,8080,6,295589.93163479894,10,7,7310,1764,731.0,252.0,0.0306979332804337,5.751210775483504e-05,0,0,0,BENIGN,BENIGN,0,0
2026-08-31 10:09:22.500,39478,53,6,649175.6753103576,10,13,5880,1534,588.0,118.0,0.0114206374050311,3.542954684592869e-05,1,1,0,BENIGN,BENIGN,0,0
2026-08-31 10:09:23.000,59418,22,6,590323.8627443741,11,9,14949,10584,1359.0,1176.0,0.0432525290115604,3.387970783813924e-05,1,1,0,BENIGN,BENIGN,0,0
2026-08-31 10:09:23.500,37493,445,6,2185779.696431995,17,9,13821,1548,813.0,172.0,0.0070313582036733,1.1895068859099895e-05,1,1,0,BENIGN,BENIGN,0,0
2026-08-31 10:09:24.000,36572,22,6,127550.02219923776,13,10,13728,12600,1056.0,1260.0,0.2064131353643402,0.0001803214111736,0,0,0,BENIGN,BENIGN,0,0
2026-08-31 10:09:24.500,24806,443,6,542825.1993587032,11,10,5038,10880,458.0,1088.0,0.0293243571199575,3.868648696564319e-05,1,0,0,BENIGN,BENIGN,0,0
2026-08-31 10:09:25.000,51764,443,6,470396.6262449152,9,4,3600,2044,400.0,511.0,0.0119983853730732,2.7636252631104327e-05,1,0,0,BENIGN,BENIGN,0,0
2026-08-31 10:09:25.500,29478,80,6,1233131.4909719753,13,6,15873,1974,1221.0,329.0,0.0144729091183844,1.5407927004499574e-05,0,0,0,BENIGN,BENIGN,0,0
2026-08-31 10:09:26.000,3392,53,6,85015.97712233925,11,7,12518,9233,1138.0,1319.0,0.2558460272254653,0.0002117249087425,0,1,0,BENIGN,BENIGN,0,0
2026-08-31 10:09:26.500,65424,80,6,696756.5036572388,8,9,11480,11421,1435.0,1269.0,0.0328680103873665,2.439876759029e-05,0,1,0,BENIGN,BENIGN,0,0
2026-08-31 10:09:27.000,16616,22,6,419975.8405261743,8,16,7672,16736,959.0,1046.0,0.0581176287875007,5.714614433382574e-05,0,1,0,BENIGN,BENIGN,0,0
2026-08-31 10:09:27.500,23197,8080,6,160561.43051850947,14,5,8484,5655,606.0,1131.0,0.0880597535376932,0.000118334770296,0,0,0,BENIGN,BENIGN,0,0
2026-08-31 10:09:28.000,34228,8080,17,321640.6206193864,8,13,6056,16614,757.0,1278.0,0.0704823910476212,6.529026078518067e-05,1,1,0,BENIGN,BENIGN,0,0
2026-08-31 10:09:28.500,36620,443,6,203065.11242698645,14,7,10724,4711,766.0,673.0,0.0760101024482463,0.0001034151053717,0,1,0,BENIGN,BENIGN,0,0
2026-08-31 10:09:29.000,35348,8080,6,432933.5735985363,10,11,11690,5071,1169.0,461.0,0.0387149461759126,4.850628659949679e-05,0,1,0,BENIGN,BENIGN,0,0
2026-08-31 10:09:29.500,57746,8080,6,1099115.2902598856,13,12,5278,7164,406.0,597.0,0.011320013569227,2.2745566567326437e-05,1,1,0,BENIGN,BENIGN,0,0
2026-08-31 10:09:30.000,47156,8080,17,421177.5299029261,14,4,6174,2480,441.0,620.0,0.0205471550246023,4.273732267654759e-05,1,0,0,Reconnaissance-PortScan,Reconnaissance-PortScan,1,1
2026-08-31 10:09:30.500,62226,22,6,499459.1635636997,9,11,1278,6358,142.0,578.0,0.0152885371956404,4.0043313765428233e-05,1,0,0,Reconnaissance-PortScan,Reconnaissance-PortScan,1,1
2026-08-31 10:09:31.000,24888,8080,6,365681.9599311364,7,11,5782,5511,826.0,501.0,0.0308820265615996,4.922310086857292e-05,1,0,0,Reconnaissance-PortScan,Reconnaissance-PortScan,1,1
2026-08-31 10:09:31.500,59672,445,6,26260.448236362703,9,7,3276,7315,364.0,1045.0,0.4033061393560539,0.0006092812982434,1,0,0,Reconnaissance-PortScan,Reconnaissance-PortScan,1,1
2026-08-31 10:09:32.000,48853,8080,6,132542.04188196105,13,3,5356,1020,412.0,340.0,0.0481054909746846,0.0001207164139891,1,0,0,Reconnaissance-PortScan,Reconnaissance-PortScan,1,1
2026-08-31 10:09:32.500,31774,8080,17,338638.6179016569,13,8,4901,10808,377.0,1351.0,0.0463886844828138,6.201301000312499e-05,1,0,0,Reconnaissance-PortScan,Reconnaissance-PortScan,1,1
2026-08-31 10:09:33.000,11600,80,6,185702.36523790748,9,5,8370,5325,930.0,1065.0,0.073747041302988,7.538945441707429e-05,1,0,0,Reconnaissance-PortScan,Reconnaissance-PortScan,1,1
2026-08-31 10:09:33.500,17590,22,6,100301.9919199958,13,15,14248,16245,1096.0,1083.0,0.3040119085698927,0.0002791569684831,1,0,0,Reconnaissance-PortScan,Reconnaissance-PortScan,1,1
2026-08-31 10:09:34.000,8214,443,17,350723.6072887912,12,16,14052,15888,1171.0,993.0,0.0853663664975174,7.983494528825949e-05,1,0,0,Reconnaissance-PortScan,Reconnaissance-PortScan,1,1
2026-08-31 10:09:34.500,24095,80,17,194901.5452525012,10,8,14850,8200,1485.0,1025.0,0.118264839660226,9.235432164356048e-05,1,0,0,Reconnaissance-PortScan,Reconnaissance-PortScan,1,1
2026-08-31 10:09:35.000,39357,53,6,149275.559000476,11,12,14652,10140,1332.0,845.0,0.1660821112601569,0.0001540774668838,1,0,0,Reconnaissance-PortScan,Reconnaissance-PortScan,1,1
2026-08-31 10:09:35.500,57417,22,17,311796.9560067363,11,8,12496,2368,1136.0,296.0,0.0476720497527953,6.093709266032776e-05,1,0,0,Reconnaissance-PortScan,Reconnaissance-PortScan,1,1
2026-08-31 10:09:36.000,16393,445,6,71522.10997701215,17,12,21148,5904,1244.0,492.0,0.3782326892329159,0.0004054690221704,1,0,0,Reconnaissance-PortScan,Reconnaissance-PortScan,1,1
2026-08-31 10:09:36.500,25059,22,6,1313781.947976804,9,10,10935,4770,1215.0,477.0,0.0119540385100174,1.4462065055099111e-05,1,0,0,Reconnaissance-PortScan,Reconnaissance-PortScan,1,1
2026-08-31 10:09:37.000,55751,53,6,1011349.532637616,15,12,16965,5244,1131.0,437.0,0.0219597669085375,2.6697001509771395e-05,1,0,0,Reconnaissance-PortScan,Reconnaissance-PortScan,1,1
2026-08-31 10:09:37.500,2613,53,6,614851.4781271537,13,9,18655,10944,1435.0,1216.0,0.0481400810642556,3.578099879771698e-05,1,0,0,Reconnaissance-PortScan,Reconnaissance-PortScan,1,1
2026-08-31 10:09:38.000,59955,53,6,56144.35658230681,8,9,11288,6192,1411.0,688.0,0.3113402853100858,0.0003027908953244,1,0,0,Reconnaissance-PortScan,Reconnaissance-PortScan,1,1
2026-08-31 10:09:38.500,26259,443,17,747780.703045502,7,13,7252,3393,1036.0,261.0,0.0142354569414582,2.6745809190151777e-05,1,0,0,Reconnaissance-PortScan,Reconnaissance-PortScan,1,1
2026-08-31 10:09:39.000,1183,8080,17,825018.8411079545,9,4,639,5996,71.0,1499.0,0.0080422405759959,1.5757215898711054e-05,1,0,0,Reconnaissance-PortScan,Reconnaissance-PortScan,1,1
2026-08-31 10:09:39.500,13169,22,6,730001.9214177723,13,12,12558,2100,966.0,175.0,0.0200793992039516,3.42464852025373e-05,1,0,0,Reconnaissance-PortScan,Reconnaissance-PortScan,1,1
2026-08-31 10:09:40.000,16397,22,17,60499.91349774558,11,14,7249,9310,659.0,665.0,0.2737028706310466,0.0004132237312504,1,0,0,SSH-Bruteforce,SSH-Bruteforce,1,2
2026-08-31 10:09:40.500,32945,22,6,516283.0169926545,14,5,15988,4075,1142.0,815.0,0.0388604686562774,3.680152043409615e-05,1,0,0,SSH-Bruteforce,SSH-Bruteforce,1,2
2026-08-31 10:09:41.000,40347,22,6,898863.0040848028,12,8,15864,10736,1322.0,1342.0,0.0295929411699255,2.2250331706710905e-05,1,1,0,SSH-Bruteforce,SSH-Bruteforce,1,2
2026-08-31 10:09:41.500,17261,22,6,430609.4565032964,12,13,11004,8112,917.0,624.0,0.0443928940966249,5.805724798156645e-05,0,1,0,SSH-Bruteforce,SSH-Bruteforce,1,2
2026-08-31 10:09:42.000,42995,22,6,519804.9029908355,14,9,2996,4716,214.0,524.0,0.0148363356241516,4.424737024837765e-05,0,1,0,SSH-Bruteforce,SSH-Bruteforce,1,2
2026-08-31 10:09:42.500,9268,22,17,306580.0643803283,9,8,12870,10464,1430.0,1308.0,0.0761106239781196,5.545044174286598e-05,0,1,0,SSH-Bruteforce,SSH-Bruteforce,1,2
2026-08-31 10:09:43.000,15767,22,17,376137.9882178202,10,15,540,16215,54.0,1081.0,0.0445448227097226,6.646496972504127e-05,1,1,0,SSH-Bruteforce,SSH-Bruteforce,1,2
2026-08-31 10:09:43.500,32590,22,6,17490.821702259815,10,9,11140,8244,1114.0,916.0,1.1082383846159272,0.001086284012985,0,1,0,SSH-Bruteforce,SSH-Bruteforce,1,2
2026-08-31 10:09:44.000,47125,22,6,509387.4468440542,9,7,1314,8442,146.0,1206.0,0.0191524154359367,3.141027541769045e-05,0,1,0,SSH-Bruteforce,SSH-Bruteforce,1,2
2026-08-31 10:09:44.500,47133,22,6,42477.95249171184,13,9,6604,4860,508.0,540.0,0.2698811812913536,0.0005179157352067,0,0,0,SSH-Bruteforce,SSH-Bruteforce,1,2
2026-08-31 10:09:45.000,57022,22,6,285477.6894299875,12,10,2892,1320,241.0,132.0,0.0147542177753454,7.70638155407405e-05,1,1,0,SSH-Bruteforce,SSH-Bruteforce,1,2
2026-08-31 10:09:45.500,19715,22,1,173118.44640735112,6,7,7686,10122,1281.0,1446.0,0.1028659878166233,7.509309532884678e-05,0,0,0,SSH-Bruteforce,SSH-Bruteforce,1,2
2026-08-31 10:09:46.000,35020,22,6,394199.4262708275,15,6,16560,1908,1104.0,318.0,0.046849383253144,5.327252806562841e-05,1,0,0,SSH-Bruteforce,SSH-Bruteforce,1,2
2026-08-31 10:09:46.500,57402,22,6,71598.30999231379,15,11,21720,11231,1448.0,1021.0,0.4602203599349642,0.0003631370628602,0,0,0,SSH-Bruteforce,SSH-Bruteforce,1,2
2026-08-31 10:09:47.000,6614,22,6,588249.1899623759,11,11,10516,7260,956.0,660.0,0.0302184861501207,3.739911652242669e-05,1,0,0,SSH-Bruteforce,SSH-Bruteforce,1,2
2026-08-31 10:09:47.500,57095,22,6,792400.7895636169,10,7,3750,9457,375.0,1351.0,0.0166670707220099,2.145378982919431e-05,1,0,0,SSH-Bruteforce,SSH-Bruteforce,1,2
2026-08-31 10:09:48.000,6609,22,6,89177.38728987993,9,14,1296,7210,144.0,515.0,0.0953829245007658,0.0002579129160025,0,1,0,SSH-Bruteforce,SSH-Bruteforce,1,2
2026-08-31 10:09:48.500,10251,22,6,55082.17745971264,11,6,2662,5526,242.0,921.0,0.1486506230532051,0.0003086297742921,0,0,0,SSH-Bruteforce,SSH-Bruteforce,1,2
2026-08-31 10:09:49.000,29302,22,6,78628.44785492396,14,8,16212,5688,1158.0,711.0,0.2785251470005115,0.0002797969513247,1,1,0,SSH-Bruteforce,SSH-Bruteforce,1,2
2026-08-31 10:09:49.500,39838,22,6,1048304.2751819582,14,7,17360,5880,1240.0,840.0,0.0221691359560128,2.0032351767481467e-05,1,1,0,SSH-Bruteforce,SSH-Bruteforce,1,2
2026-08-31 10:09:50.000,13261,445,1,375588.6760536203,50,20,5200,4200,104.0,210.0,0.0250273786167284,0.000186374096082,0,1,0,DoS-DoS attack-HOIC,DoS-DoS attack-HOIC,1,3
2026-08-31 10:09:50.500,16673,443,6,314861.8241527925,130,6,76960,2466,592.0,411.0,0.2522566850115639,0.0004319355017446,1,0,0,DoS-DoS attack-HOIC,DoS-DoS attack-HOIC,1,3
2026-08-31 10:09:51.000,38737,8080,6,56423.019597007966,150,12,39450,9252,263.0,771.0,0.8631583410319822,0.0028711685607815,1,0,0,DoS-DoS attack-HOIC,DoS-DoS attack-HOIC,1,3
2026-08-31 10:09:51.500,8951,80,17,524277.1881540704,120,12,50280,17472,419.0,1456.0,0.1292293495302665,0.0002517752116246,1,1,0,DoS-DoS attack-HOIC,DoS-DoS attack-HOIC,1,3
2026-08-31 10:09:52.000,46433,445,6,1012475.1323483404,110,9,32340,2016,294.0,224.0,0.0339326852601062,0.0001175337509009,0,1,0,DoS-DoS attack-HOIC,DoS-DoS attack-HOIC,1,3
2026-08-31 10:09:52.500,49790,445,17,880671.0110388966,160,14,217760,20930,1361.0,1495.0,0.2710319710827264,0.0001975766180753,1,1,0,DoS-DoS attack-HOIC,DoS-DoS attack-HOIC,1,3
2026-08-31 10:09:53.000,47178,22,6,491822.8864824997,110,5,23100,4890,210.0,978.0,0.0569107310146024,0.0002338240109567,0,1,0,DoS-DoS attack-HOIC,DoS-DoS attack-HOIC,1,3
2026-08-31 10:09:53.500,8040,8080,6,39131.45108669709,80,10,52160,8740,652.0,874.0,1.5562929125605642,0.0022999402648678,0,1,0,DoS-DoS attack-HOIC,DoS-DoS attack-HOIC,1,3
2026-08-31 10:09:54.000,15051,445,6,59615.36932293031,100,13,69100,3224,691.0,248.0,1.213177085192521,0.0018954843568767,0,0,0,DoS-DoS attack-HOIC,DoS-DoS attack-HOIC,1,3
2026-08-31 10:09:54.500,49712,80,6,25283.088405979743,110,12,83270,12396,757.0,1033.0,3.783794069222016,0.0048253598608187,1,1,0,DoS-DoS attack-HOIC,DoS-DoS attack-HOIC,1,3
2026-08-31 10:09:55.000,25166,80,6,148852.20872054834,13,7,11323,5873,871.0,839.0,0.1155239827924094,0.0001343614594003,1,1,0,BENIGN,BENIGN,0,0
2026-08-31 10:09:55.500,47544,445,6,72895.38325171298,12,4,17124,5568,1427.0,1392.0,0.3112954344245635,0.0002194926384097,1,1,0,BENIGN,BENIGN,0,0
2026-08-31 10:09:56.000,55262,443,6,150585.0070756569,7,7,6006,9968,858.0,1424.0,0.1060796178129045,9.297074304373751e-05,0,1,0,BENIGN,BENIGN,0,0
2026-08-31 10:09:56.500,59632,8080,6,243113.7075872818,8,6,896,2448,112.0,408.0,0.0137548805168129,5.758622225938416e-05,0,0,0,BENIGN,BENIGN,0,0
2026-08-31 10:09:57.000,24569,80,6,1432201.01145545,8,9,8984,10521,1123.0,1169.0,0.013618898355645,1.1869842196665773e-05,0,1,0,BENIGN,BENIGN,0,0
2026-08-31 10:09:57.500,52060,445,17,471286.63045133895,7,8,3458,6104,494.0,763.0,0.0202891390970285,3.182776474120773e-05,0,1,0,BENIGN,BENIGN,0,0
2026-08-31 10:09:58.000,32921,80,1,900825.471526042,14,5,5250,6940,375.0,1388.0,0.0135320329910456,2.1091765941744703e-05,0,0,0,BENIGN,BENIGN,0,0
2026-08-31 10:09:58.500,51985,445,1,619543.5812880584,11,6,7777,7770,707.0,1295.0,0.0250942798364986,2.743955471926907e-05,0,1,0,BENIGN,BENIGN,0,0
2026-08-31 10:09:59.000,4191,8080,6,59675.14249636929,12,12,14244,12528,1187.0,1044.0,0.4486290082531859,0.000402177506278,0,0,0,BENIGN,BENIGN,0,0
2026-08-31 10:09:59.500,45781,445,6,665752.3651336662,11,17,583,14892,53.0,876.0,0.0232443785560725,4.205768010145595e-05,0,0,0,BENIGN,BENIGN,0,0
2026-08-31 10:10:00.000,27941,22,6,160860.01089330655,170,12,251430,15744,1479.0,1312.0,1.6609099955898867,0.0011314185482021,1,1,0,DoS-DoS attack-HOIC,DoS-DoS attack-HOIC,1,3
2026-08-31 10:10:00.500,23760,445,6,509588.05521008256,120,8,7920,11040,66.0,1380.0,0.037206523594458,0.0002511832816503,1,1,0,DoS-DoS attack-HOIC,DoS-DoS attack-HOIC,1,3
2026-08-31 10:10:01.000,29014,445,6,208487.0215114887,90,18,100170,5454,1113.0,303.0,0.506621463672804,0.0005180178565161,1,0,0,DoS-DoS attack-HOIC,DoS-DoS attack-HOIC,1,3
2026-08-31 10:10:01.500,63575,8080,6,3031429.4208507403,100,10,22600,13260,226.0,1326.0,0.0118294029058469,3.628651198112564e-05,1,0,0,DoS-DoS attack-HOIC,DoS-DoS attack-HOIC,1,3
2026-08-31 10:10:02.000,59185,445,6,152957.97150306977,140,11,156800,7931,1120.0,721.0,1.0769690416947264,0.0009871992842628,0,1,0,DoS-DoS attack-HOIC,DoS-DoS attack-HOIC,1,3
2026-08-31 10:10:02.500,15111,8080,6,163648.55807506017,130,11,105300,16269,810.0,1479.0,0.7428663070579068,0.0008616024586462,1,1,0,DoS-DoS attack-HOIC,DoS-DoS attack-HOIC,1,3
2026-08-31 10:10:03.000,23464,22,6,1334455.0501355336,90,8,63540,7616,706.0,952.0,0.0533221407436989,7.343821733771569e-05,0,0,0,DoS-DoS attack-HOIC,DoS-DoS attack-HOIC,1,3
2026-08-31 10:10:03.500,36229,8080,6,12476.580641232493,130,15,133770,1635,1029.0,109.0,10.85273311535273,0.0116217739501949,1,1,0,DoS-DoS attack-HOIC,DoS-DoS attack-HOIC,1,3
2026-08-31 10:10:04.000,56644,80,6,596498.2786210587,70,11,76790,14267,1097.0,1297.0,0.1526525779906229,0.0001357925125716,0,0,0,DoS-DoS attack-HOIC,DoS-DoS attack-HOIC,1,3
2026-08-31 10:10:04.500,16299,8080,1,646085.8808065867,80,8,46160,3768,577.0,471.0,0.0772776522169097,0.0001362048028178,1,1,0,DoS-DoS attack-HOIC,DoS-DoS attack-HOIC,1,3
2026-08-31 10:10:05.000,59256,22,6,905099.9592309096,110,11,107250,12287,975.0,1117.0,0.1320704953961697,0.0001336868914473,1,1,0,DoS-DoS attack-HOIC,DoS-DoS attack-HOIC,1,3
2026-08-31 10:10:05.500,56127,53,6,1833349.8397554024,90,9,36900,1881,410.0,209.0,0.0211530822753187,5.39995138149237e-05,1,0,0,DoS-DoS attack-HOIC,DoS-DoS attack-HOIC,1,3
2026-08-31 10:10:06.000,6300,445,6,1856625.401868765,100,18,12500,1350,125.0,75.0,0.007459770821828,6.355617017875166e-05,0,0,0,DoS-DoS attack-HOIC,DoS-DoS attack-HOIC,1,3
2026-08-31 10:10:06.500,42651,8080,6,33752.39545330685,70,9,13930,2682,199.0,298.0,0.4921724746339665,0.0023405746145005,1,1,0,DoS-DoS attack-HOIC,DoS-DoS attack-HOIC,1,3
2026-08-31 10:10:07.000,41610,445,6,862534.727349106,150,7,69600,2030,464.0,290.0,0.0830459316337505,0.0001820216566592,1,0,0,DoS-DoS attack-HOIC,DoS-DoS attack-HOIC,1,3
2026-08-31 10:10:07.500,38520,443,6,519667.1340724831,100,11,116900,572,1169.0,52.0,0.2260523944955781,0.00021359826843,1,1,0,DoS-DoS attack-HOIC,DoS-DoS attack-HOIC,1,3
2026-08-31 10:10:08.000,20032,80,6,521128.4556163475,130,5,189020,3550,1454.0,710.0,0.3695250142664901,0.0002590532114346,1,1,0,DoS-DoS attack-HOIC,DoS-DoS attack-HOIC,1,3
2026-08-31 10:10:08.500,6762,80,6,68683.61380083194,130,10,40820,5800,314.0,580.0,0.6787645176679341,0.0020383318848886,1,0,0,DoS-DoS attack-HOIC,DoS-DoS attack-HOIC,1,3
2026-08-31 10:10:09.000,33426,443,6,525178.5144038891,130,10,175760,960,1352.0,96.0,0.3364951062349218,0.0002665760234998,0,1,0,DoS-DoS attack-HOIC,DoS-DoS attack-HOIC,1,3
2026-08-31 10:10:09.500,54408,443,6,2022279.749457288,110,12,32670,12516,297.0,1043.0,0.0223440896403689,6.032795414785587e-05,0,1,0,DoS-DoS attack-HOIC,DoS-DoS attack-HOIC,1,3
2026-08-31 10:10:10.000,64410,8080,1,1214179.4385659173,110,11,110220,13464,1002.0,1224.0,0.1018663272251308,9.965578081433998e-05,1,0,0,DoS-DoS attack-HOIC,DoS-DoS attack-HOIC,1,3
2026-08-31 10:10:10.500,6817,443,6,289133.65377349843,150,12,192450,5712,1283.0,476.0,0.68536470039694,0.0005602945139043,0,0,0,DoS-DoS attack-HOIC,DoS-DoS attack-HOIC,1,3
2026-08-31 10:10:11.000,38315,53,6,20383.90074753596,160,11,162080,8987,1013.0,817.0,8.392260246692786,0.0083889733390102,1,0,0,DoS-DoS attack-HOIC,DoS-DoS attack-HOIC,1,3
2026-08-31 10:10:11.500,6595,445,17,224938.5585756598,90,6,50940,1614,566.0,269.0,0.2336371333151701,0.0004267832096178,1,1,0,DoS-DoS attack-HOIC,DoS-DoS attack-HOIC,1,3
2026-08-31 10:10:12.000,32355,445,6,875472.8347802878,60,10,34320,8700,572.0,870.0,0.0491391603376306,7.995679273905503e-05,1,0,0,DoS-DoS attack-HOIC,DoS-DoS attack-HOIC,1,3
2026-08-31 10:10:12.500,17233,22,6,604491.1679935314,120,6,134640,5280,1122.0,880.0,0.2314674016861444,0.0002084397699575,1,1,0,DoS-DoS attack-HOIC,DoS-DoS attack-HOIC,1,3
2026-08-31 10:10:13.000,49038,443,6,307485.71244227706,160,5,227680,6280,1423.0,1256.0,0.7608808816972641,0.0005366102986837,0,0,0,DoS-DoS attack-HOIC,DoS-DoS attack-HOIC,1,3
2026-08-31 10:10:13.500,26418,443,6,28338.900936749924,60,11,9120,7249,152.0,659.0,0.5776159079266373,0.0025053900337706,1,1,0,DoS-DoS attack-HOIC,DoS-DoS attack-HOIC,1,3
2026-08-31 10:10:14.000,44172,53,1,278342.9290328935,110,16,147290,6336,1339.0,396.0,0.5519306724559392,0.0004526790043967,1,1,0,DoS-DoS attack-HOIC,DoS-DoS attack-HOIC,1,3
2026-08-31 10:10:14.500,26706,80,6,316520.11314842245,90,2,26640,782,296.0,391.0,0.0866358846089345,0.0002906608337838,0,0,0,DoS-DoS attack-HOIC,DoS-DoS attack-HOIC,1,3
2026-08-31 10:10:15.000,3248,80,17,1319417.4074456997,120,14,44160,12656,368.0,904.0,0.0430614297484229,0.0001015599758217,1,1,0,DoS-DoS attack-HOIC,DoS-DoS attack-HOIC,1,3
2026-08-31 10:10:15.500,42181,445,6,512336.38105399726,110,11,89760,14531,816.0,1321.0,0.2035596218707192,0.0002361729607191,1,1,0,DoS-DoS attack-HOIC,DoS-DoS attack-HOIC,1,3
2026-08-31 10:10:16.000,61039,445,6,186731.0433251216,180,7,233640,4627,1298.0,661.0,1.2759902999759292,0.0010014403425379,0,0,0,DoS-DoS attack-HOIC,DoS-DoS attack-HOIC,1,3
2026-08-31 10:10:16.500,49719,8080,6,372555.36497038463,110,8,9900,5392,90.0,674.0,0.0410462482557596,0.0003167314474352,0,1,0,DoS-DoS attack-HOIC,DoS-DoS attack-HOIC,1,3
2026-08-31 10:10:17.000,56267,53,6,34169.02929515955,100,8,26000,8032,260.0,1004.0,0.9959896635068044,0.0031607570421584,1,1,0,DoS-DoS attack-HOIC,DoS-DoS attack-HOIC,1,3
2026-08-31 10:10:17.500,65202,22,6,1798026.8270906396,60,9,49320,6003,822.0,667.0,0.0307687289011196,3.837540072261553e-05,1,1,0,DoS-DoS attack-HOIC,DoS-DoS attack-HOIC,1,3
2026-08-31 10:10:18.000,45476,22,17,223190.3518878148,90,12,57150,3984,635.0,332.0,0.2739096895549925,0.0004570090021037,1,1,0,DoS-DoS attack-HOIC,DoS-DoS attack-HOIC,1,3
2026-08-31 10:10:18.500,44432,53,6,324916.80700900254,110,11,142230,15939,1293.0,1449.0,0.4867984560452411,0.0003724030194379,0,1,0,DoS-DoS attack-HOIC,DoS-DoS attack-HOIC,1,3
2026-08-31 10:10:19.000,33465,22,1,219472.66463424024,120,7,31320,6076,261.0,868.0,0.1703902399901053,0.0005786597625078,1,1,0,DoS-DoS attack-HOIC,DoS-DoS attack-HOIC,1,3
2026-08-31 10:10:19.500,42454,80,6,573657.2032898788,110,8,108020,2184,982.0,273.0,0.1921077594181118,0.0002056977569901,1,0,0,DoS-DoS attack-HOIC,DoS-DoS attack-HOIC,1,3
2026-08-31 10:10:20.000,40153,22,17,542698.2392290494,110,9,122870,12231,1117.0,1359.0,0.2489431330925883,0.0002192747117935,1,0,0,DoS-DoS attack-HOIC,DoS-DoS attack-HOIC,1,3
2026-08-31 10:10:20.500,35740,22,6,628198.8264083703,90,16,120240,9216,1336.0,576.0,0.2060748835493436,0.0001687363865423,1,0,0,DoS-DoS attack-HOIC,DoS-DoS attack-HOIC,1,3
2026-08-31 10:10:21.000,63392,53,6,156085.2265176102,170,11,40290,15862,237.0,1442.0,0.3597521767383101,0.0011596228805676,0,1,0,DoS-DoS attack-HOIC,DoS-DoS attack-HOIC,1,3
2026-08-31 10:10:21.500,45883,53,17,189656.4010583294,50,11,8350,9284,167.0,844.0,0.0929786703779474,0.0003216342799736,0,0,0,DoS-DoS attack-HOIC,DoS-DoS attack-HOIC,1,3
2026-08-31 10:10:22.000,27610,22,6,66909.27755226514,160,13,171520,16549,1072.0,1273.0,2.8108060175210348,0.0025855906131852,1,0,0,DoS-DoS attack-HOIC,DoS-DoS attack-HOIC,1,3
2026-08-31 10:10:22.500,45784,443,6,532845.0673998246,100,9,102600,5202,1026.0,578.0,0.2023139681559382,0.000204562276479,0,1,0,DoS-DoS attack-HOIC,DoS-DoS attack-HOIC,1,3
2026-08-31 10:10:23.000,65143,53,6,20305.345577177628,100,11,26600,9801,266.0,891.0,1.792680643809698,0.0054665407945626,1,0,0,DoS-DoS attack-HOIC,DoS-DoS attack-HOIC,1,3
2026-08-31 10:10:23.500,24502,8080,6,455256.64613706,120,12,71640,2604,597.0,217.0,0.163081638957594,0.0002899463437099,0,0,0,DoS-DoS attack-HOIC,DoS-DoS attack-HOIC,1,3
2026-08-31 10:10:24.000,63369,8080,17,1018942.106622196,80,6,95760,3570,1197.0,595.0,0.0974834579447356,8.44012622898144e-05,0,1,0,DoS-DoS attack-HOIC,DoS-DoS attack-HOIC,1,3
2026-08-31 10:10:24.500,7342,80,6,1107434.3286358616,90,8,97110,9080,1079.0,1135.0,0.0958883043925918,8.849283200371036e-05,0,0,0,DoS-DoS attack-HOIC,DoS-DoS attack-HOIC,1,3
2026-08-31 10:10:25.000,29718,22,6,298044.50139727147,90,14,22860,17990,254.0,1285.0,0.1370600692417383,0.0003489411799544,1,0,0,DoS-DoS attack-HOIC,DoS-DoS attack-HOIC,1,3
2026-08-31 10:10:25.500,21204,443,6,307448.75189969,70,5,82250,4935,1175.0,987.0,0.2835757161427987,0.0002439430946918,1,0,0,DoS-DoS attack-HOIC,DoS-DoS attack-HOIC,1,3
2026-08-31 10:10:26.000,13204,80,6,40046.32858983886,130,5,116220,4310,894.0,862.0,3.009764046147416,0.003371095546585,0,0,0,DoS-DoS attack-HOIC,DoS-DoS attack-HOIC,1,3
2026-08-31 10:10:26.500,34026,22,6,555491.7873811835,120,8,146400,2136,1220.0,267.0,0.2673954923754782,0.000230426448969,1,0,0,DoS-DoS attack-HOIC,DoS-DoS attack-HOIC,1,3
2026-08-31 10:10:27.000,16396,53,6,860909.9000916675,60,8,27840,10368,464.0,1296.0,0.0443809508933372,7.898619819794112e-05,0,0,0,DoS-DoS attack-HOIC,DoS-DoS attack-HOIC,1,3
2026-08-31 10:10:27.500,30820,8080,6,140290.376376671,130,10,46410,13310,357.0,1331.0,0.4256885007949413,0.0009979301760095,1,1,0,DoS-DoS attack-HOIC,DoS-DoS attack-HOIC,1,3
2026-08-31 10:10:28.000,59296,445,6,273486.29693785444,150,10,59850,2930,399.0,293.0,0.2295544628766912,0.0005850384526962,0,1,0,DoS-DoS attack-HOIC,DoS-DoS attack-HOIC,1,3
2026-08-31 10:10:28.500,53783,443,6,912676.7516434536,130,6,187070,4284,1439.0,714.0,0.2096624019986626,0.0001490122321551,0,0,0,DoS-DoS attack-HOIC,DoS-DoS attack-HOIC,1,3
2026-08-31 10:10:29.000,25451,445,6,1048275.40771773,100,12,97500,540,975.0,45.0,0.093525040535401,0.0001068421515704,1,0,0,DoS-DoS attack-HOIC,DoS-DoS attack-HOIC,1,3
2026-08-31 10:10:29.500,34314,8080,6,139314.90422755515,110,12,109670,1032,997.0,86.0,0.7946170627317422,0.0008757139135089,1,0,0,DoS-DoS attack-HOIC,DoS-DoS attack-HOIC,1,3
2026-08-31 10:10:30.000,56080,445,6,399888.28883301787,100,7,95900,10290,959.0,1470.0,0.2655491620103095,0.000267574727706,0,1,0,DoS-DoS attack-HOIC,DoS-DoS attack-HOIC,1,3
2026-08-31 10:10:30.500,29123,53,6,106901.87086828236,50,9,47050,8298,941.0,922.0,0.5177458499582183,0.0005519080210221,1,0,0,DoS-DoS attack-HOIC,DoS-DoS attack-HOIC,1,3
2026-08-31 10:10:31.000,46510,22,6,53725.10663319602,100,12,135900,7428,1359.0,619.0,2.6678029873794893,0.0020846864156794,0,1,0,DoS-DoS attack-HOIC,DoS-DoS attack-HOIC,1,3
2026-08-31 10:10:31.500,55064,53,6,1210236.8874451595,130,8,30810,2344,237.0,293.0,0.0273946368216514,0.0001140272631172,0,1,0,DoS-DoS attack-HOIC,DoS-DoS attack-HOIC,1,3
2026-08-31 10:10:32.000,10845,445,6,858810.9391173632,40,8,17480,784,437.0,98.0,0.0212666131367143,5.589123031988012e-05,1,0,0,DoS-DoS attack-HOIC,DoS-DoS attack-HOIC,1,3
2026-08-31 10:10:32.500,6856,53,6,713630.8951975792,90,9,56610,13104,629.0,1456.0,0.0976891562125008,0.0001387271776836,1,1,0,DoS-DoS attack-HOIC,DoS-DoS attack-HOIC,1,3
2026-08-31 10:10:33.000,13844,8080,6,24997.762539450643,70,12,19670,7188,281.0,599.0,1.074416158120929,0.0032802935797868,1,0,0,DoS-DoS attack-HOIC,DoS-DoS attack-HOIC,1,3
2026-08-31 10:10:33.500,17235,443,6,928081.1364606516,170,4,79560,4216,468.0,1054.0,0.0902679698012041,0.0001874836080191,1,1,0,DoS-DoS attack-HOIC,DoS-DoS attack-HOIC,1,3
2026-08-31 10:10:34.000,40914,53,6,288165.9295209507,80,9,52000,11286,650.0,1254.0,0.2196165247675565,0.0003088498357347,0,0,0,DoS-DoS attack-HOIC,DoS-DoS attack-HOIC,1,3
2026-08-31 10:10:34.500,6866,8080,6,209575.5096775212,100,14,4500,4256,45.0,304.0,0.0417796908286434,0.0005439566873532,0,0,0,DoS-DoS attack-HOIC,DoS-DoS attack-HOIC,1,3
2026-08-31 10:10:35.000,64139,443,6,395353.9425761557,110,11,151910,13266,1381.0,1206.0,0.4177927224388429,0.0003060548712591,0,1,0,DoS-DoS attack-HOIC,DoS-DoS attack-HOIC,1,3
2026-08-31 10:10:35.500,2340,22,17,47899.43309398928,130,16,165750,4560,1275.0,285.0,3.555574439268589,0.0030480527751348,1,0,0,DoS-DoS attack-HOIC,DoS-DoS attack-HOIC,1,3
2026-08-31 10:10:36.000,61225,445,6,706620.1815154282,90,7,120240,8953,1336.0,1279.0,0.1828323098854924,0.0001372731808913,1,1,0,DoS-DoS attack-HOIC,DoS-DoS attack-HOIC,1,3
2026-08-31 10:10:36.500,46992,22,6,436657.6211608102,110,5,126170,2380,1147.0,476.0,0.2943954113415423,0.0002633642341834,0,0,0,DoS-DoS attack-HOIC,DoS-DoS attack-HOIC,1,3
2026-08-31 10:10:37.000,18532,80,6,103260.05530273131,80,7,59920,5089,749.0,727.0,0.6295658064787497,0.0008425329594925,1,1,0,DoS-DoS attack-HOIC,DoS-DoS attack-HOIC,1,3
2026-08-31 10:10:37.500,23029,8080,6,104270.47001080516,70,11,27930,5665,399.0,515.0,0.3221909328048178,0.0007768258835299,1,0,0,DoS-DoS attack-HOIC,DoS-DoS attack-HOIC,1,3
2026-08-31 10:10:38.000,55599,443,6,101822.84525958716,120,9,173280,13023,1444.0,1447.0,1.8296778046885485,0.0012669062591843,1,0,0,DoS-DoS attack-HOIC,DoS-DoS attack-HOIC,1,3
2026-08-31 10:10:38.500,16230,53,1,29345.764110159755,140,5,168560,4885,1204.0,977.0,5.910393039683977,0.0049410878996464,0,0,0,DoS-DoS attack-HOIC,DoS-DoS attack-HOIC,1,3
2026-08-31 10:10:39.000,19995,22,6,443121.4243490141,80,6,98880,5502,1236.0,917.0,0.2355607160068847,0.0001940777296525,0,1,0,DoS-DoS attack-HOIC,DoS-DoS attack-HOIC,1,3
2026-08-31 10:10:39.500,26623,443,6,917379.972422134,130,6,140790,4176,1083.0,696.0,0.1580217623627316,0.0001482482767085,1,1,0,DoS-DoS attack-HOIC,DoS-DoS attack-HOIC,1,3
2026-08-31 10:10:40.000,23080,8080,6,8826.558707916065,160,14,86720,8204,542.0,586.0,10.75436113140268,0.0197132320262954,0,0,0,DoS-DoS attack-HOIC,DoS-DoS attack-HOIC,1,3
2026-08-31 10:10:40.500,2402,80,6,25123.05037537511,130,9,34580,4086,266.0,454.0,1.539064699822783,0.0055327676324255,0,0,0,DoS-DoS attack-HOIC,DoS-DoS attack-HOIC,1,3
2026-08-31 10:10:41.000,53550,22,6,425216.708356428,100,5,14800,5975,148.0,1195.0,0.0488574404326964,0.0002469329119342,0,0,0,DoS-DoS attack-HOIC,DoS-DoS attack-HOIC,1,3
2026-08-31 10:10:41.500,2543,445,6,856000.2989082547,100,7,78200,3059,782.0,437.0,0.0949287051683144,0.0001249999563495,0,1,0,DoS-DoS attack-HOIC,DoS-DoS attack-HOIC,1,3
2026-08-31 10:10:42.000,23185,443,6,197811.02311442496,100,7,138300,8512,1383.0,1216.0,0.7421831083076391,0.0005409203102533,0,0,0,DoS-DoS attack-HOIC,DoS-DoS attack-HOIC,1,3
2026-08-31 10:10:42.500,41727,445,6,215094.92969092532,40,11,54840,2277,1371.0,207.0,0.2655432188913855,0.0002371046126978,1,0,0,DoS-DoS attack-HOIC,DoS-DoS attack-HOIC,1,3
2026-08-31 10:10:43.000,39885,443,6,453599.2180495252,70,11,59500,9262,850.0,842.0,0.1515919720809052,0.0001785717364031,0,0,0,DoS-DoS attack-HOIC,DoS-DoS attack-HOIC,1,3
2026-08-31 10:10:43.500,58594,443,6,160249.2714337647,60,8,69000,2152,1150.0,269.0,0.4440082588766648,0.0004243389026817,1,1,0,DoS-DoS attack-HOIC,DoS-DoS attack-HOIC,1,3
2026-08-31 10:10:44.000,6379,8080,6,13484.388158165902,90,7,74250,5194,825.0,742.0,5.891553922153643,0.0071935039832951,1,0,0,DoS-DoS attack-HOIC,DoS-DoS attack-HOIC,1,3
2026-08-31 10:10:44.500,55144,8080,6,664444.0787386447,170,10,45390,14670,267.0,1467.0,0.0903913540972653,0.0002709031591326,0,0,0,DoS-DoS attack-HOIC,DoS-DoS attack-HOIC,1,3
2026-08-31 10:10:45.000,10107,8080,6,491281.9288731211,100,11,89100,2013,891.0,183.0,0.1854597017381364,0.0002259395134934,0,1,0,DoS-DoS attack-HOIC,DoS-DoS attack-HOIC,1,3
2026-08-31 10:10:45.500,39366,53,6,434651.0936994331,110,12,151030,1284,1373.0,107.0,0.3504281990874796,0.0002806849028235,0,0,0,DoS-DoS attack-HOIC,DoS-DoS attack-HOIC,1,3
2026-08-31 10:10:46.000,21480,443,6,676786.0683394994,90,9,78030,9513,867.0,1057.0,0.129351066893995,0.0001462796068504,0,1,0,DoS-DoS attack-HOIC,DoS-DoS attack-HOIC,1,3
2026-08-31 10:10:46.500,14348,22,6,562320.3092174411,100,3,41800,411,418.0,137.0,0.07506575755372,0.0001831696246957,1,1,0,DoS-DoS attack-HOIC,DoS-DoS attack-HOIC,1,3
2026-08-31 10:10:47.000,3281,445,17,115261.5996404674,140,9,59360,414,424.0,46.0,0.5185942254945757,0.0012927115401126,1,1,0,DoS-DoS attack-HOIC,DoS-DoS attack-HOIC,1,3
2026-08-31 10:10:47.500,28388,8080,6,217303.6073534379,120,2,18240,1708,152.0,854.0,0.0917978318079054,0.0005614264828837,1,1,0,DoS-DoS attack-HOIC,DoS-DoS attack-HOIC,1,3
2026-08-31 10:10:48.000,25996,8080,6,67400.46574753866,90,6,122040,1296,1356.0,216.0,1.829898333991928,0.0014243225016477,0,1,0,DoS-DoS attack-HOIC,DoS-DoS attack-HOIC,1,3
2026-08-31 10:10:48.500,47203,445,6,69548.86422232121,80,11,109440,13959,1368.0,1269.0,1.7742777162801344,0.0013084325819617,1,0,0,DoS-DoS attack-HOIC,DoS-DoS attack-HOIC,1,3
2026-08-31 10:10:49.000,27678,445,6,563808.0505933256,110,11,36300,3718,330.0,338.0,0.0709780570837488,0.000214612047257,1,0,0,DoS-DoS attack-HOIC,DoS-DoS attack-HOIC,1,3
2026-08-31 10:10:49.500,16257,443,6,978081.6410573524,180,10,210240,2680,1168.0,268.0,0.2176914390987305,0.0001942578124589,0,0,0,DoS-DoS attack-HOIC,DoS-DoS attack-HOIC,1,3
2026-08-31 10:10:50.000,16911,8080,6,1644817.9480354013,120,14,39600,13090,330.0,935.0,0.0320339403291491,8.146798261730863e-05,0,0,0,DoS-DoS attack-HOIC,DoS-DoS attack-HOIC,1,3
2026-08-31 10:10:50.500,30344,445,17,494897.48601038463,120,8,85920,5360,716.0,670.0,0.1844422381976703,0.0002586394225383,0,0,0,DoS-DoS attack-HOIC,DoS-DoS attack-HOIC,1,3
2026-08-31 10:10:51.000,21832,53,6,101732.55125667337,90,8,8910,2472,99.0,309.0,0.1118815940255362,0.0009633101576614,1,0,0,DoS-DoS attack-HOIC,DoS-DoS attack-HOIC,1,3
2026-08-31 10:10:51.500,53413,53,6,55829.23389996878,90,13,123750,1560,1375.0,120.0,2.2445230074637443,0.001844911577438,0,0,0,DoS-DoS attack-HOIC,DoS-DoS attack-HOIC,1,3
2026-08-31 10:10:52.000,31178,8080,6,837925.0179324124,40,3,5800,3753,145.0,1251.0,0.0114007814487483,5.131724089774729e-05,1,0,0,DoS-DoS attack-HOIC,DoS-DoS attack-HOIC,1,3
2026-08-31 10:10:52.500,54069,445,17,432272.0857910576,100,10,66200,8590,662.0,859.0,0.1730160296180221,0.0002544693576411,0,1,0,DoS-DoS attack-HOIC,DoS-DoS attack-HOIC,1,3
2026-08-31 10:10:53.000,63415,443,6,481540.5385879955,100,7,12800,3780,128.0,540.0,0.0344311613893871,0.0002222035143947,1,0,0,DoS-DoS attack-HOIC,DoS-DoS attack-HOIC,1,3
2026-08-31 10:10:53.500,35797,443,17,760397.8863268138,100,11,133100,8195,1331.0,745.0,0.1858171919449736,0.0001459762079754,1,0,0,DoS-DoS attack-HOIC,DoS-DoS attack-HOIC,1,3
2026-08-31 10:10:54.000,52192,443,6,607478.5014010112,180,15,140580,15435,781.0,1029.0,0.25682390345933,0.0003209990140343,0,1,0,DoS-DoS attack-HOIC,DoS-DoS attack-HOIC,1,3
2026-08-31 10:10:54.500,28771,80,17,899265.9336853519,110,13,130020,9646,1182.0,742.0,0.1553111207338532,0.0001367782269862,1,0,0,DoS-DoS attack-HOIC,DoS-DoS attack-HOIC,1,3
2026-08-31 10:10:55.000,11884,8080,6,28927.8666399649,110,6,103290,8112,939.0,1352.0,3.851027154819077,0.0040099742370784,0,1,0,DoS-DoS attack-HOIC,DoS-DoS attack-HOIC,1,3
2026-08-31 10:10:55.500,43862,443,17,688212.8816479518,90,10,43560,1450,484.0,145.0,0.0654012750990185,0.0001453038771362,0,0,0,DoS-DoS attack-HOIC,DoS-DoS attack-HOIC,1,3
2026-08-31 10:10:56.000,43180,53,6,951410.627549352,110,6,164120,4080,1492.0,680.0,0.1767901210347865,0.0001219242214033,0,0,0,DoS-DoS attack-HOIC,DoS-DoS attack-HOIC,1,3
2026-08-31 10:10:56.500,19180,445,17,168530.7348132644,90,8,94140,5184,1046.0,648.0,0.5893524412871015,0.0005814963075,1,1,0,DoS-DoS attack-HOIC,DoS-DoS attack-HOIC,1,3
2026-08-31 10:10:57.000,58529,22,6,511447.2238721316,100,15,141400,15525,1414.0,1035.0,0.3068254018642694,0.0002248521345508,1,0,0,DoS-DoS attack-HOIC,DoS-DoS attack-HOIC,1,3
2026-08-31 10:10:57.500,21384,22,6,188556.9619133633,200,11,69000,11528,345.0,1048.0,0.4270751882008453,0.0011190252422806,1,1,0,DoS-DoS attack-HOIC,DoS-DoS attack-HOIC,1,3
2026-08-31 10:10:58.000,19159,443,6,1584698.5023009577,100,13,65400,16718,654.0,1286.0,0.0518193207605407,7.130693935484426e-05,0,1,0,DoS-DoS attack-HOIC,DoS-DoS attack-HOIC,1,3
2026-08-31 10:10:58.500,26375,22,6,16997.453414243373,100,9,24100,3789,241.0,421.0,1.640775197549421,0.0064127253229906,1,1,0,DoS-DoS attack-HOIC,DoS-DoS attack-HOIC,1,3
2026-08-31 10:10:59.000,57606,22,6,433503.7301664972,80,10,78640,8770,983.0,877.0,0.2016360965669471,0.0002076106703011,1,0,0,DoS-DoS attack-HOIC,DoS-DoS attack-HOIC,1,3
2026-08-31 10:10:59.500,31523,80,6,91062.91620431998,110,6,119460,858,1086.0,143.0,1.321262320622668,0.0012738445551973,0,1,0,DoS-DoS attack-HOIC,DoS-DoS attack-HOIC,1,3
2026-08-31 10:11:00.000,48401,53,6,622779.8463062178,140,8,161420,5624,1153.0,703.0,0.2682231947422124,0.000237644170529,0,1,0,DoS-DoS attack-HOIC,DoS-DoS attack-HOIC,1,3
2026-08-31 10:11:00.500,24578,53,6,96725.80337277714,90,12,45900,14124,510.0,1177.0,0.6205582988281262,0.0010545272970889,0,0,0,DoS-DoS attack-HOIC,DoS-DoS attack-HOIC,1,3
2026-08-31 10:11:01.000,63515,80,17,134190.28332078364,90,9,104040,10062,1156.0,1118.0,0.8503000155289536,0.0007377583349754,0,1,0,DoS-DoS attack-HOIC,DoS-DoS attack-HOIC,1,3
2026-08-31 10:11:01.500,56645,80,6,340975.85324907623,80,9,81440,1440,1018.0,160.0,0.2430670653297759,0.0002610155503661,0,1,0,DoS-DoS attack-HOIC,DoS-DoS attack-HOIC,1,3
2026-08-31 10:11:02.000,50155,22,1,1231582.0702687367,80,7,107840,8960,1348.0,1280.0,0.0948373663588374,7.064084651728471e-05,0,0,0,DoS-DoS attack-HOIC,DoS-DoS attack-HOIC,1,3
2026-08-31 10:11:02.500,59307,8080,6,118947.39145394322,110,10,38280,10660,348.0,1066.0,0.4114423981700791,0.0010088493620843,0,0,0,DoS-DoS attack-HOIC,DoS-DoS attack-HOIC,1,3
2026-08-31 10:11:03.000,20628,445,6,77882.6703309313,80,10,61760,11550,772.0,1155.0,0.9412877046855938,0.0011555844144278,1,0,0,DoS-DoS attack-HOIC,DoS-DoS attack-HOIC,1,3
2026-08-31 10:11:03.500,17947,445,6,711431.1083631174,140,9,80500,4014,575.0,446.0,0.1187943554974205,0.0002094370041545,0,1,0,DoS-DoS attack-HOIC,DoS-DoS attack-HOIC,1,3
2026-08-31 10:11:04.000,48615,22,6,347193.50675156346,130,9,53950,6435,415.0,715.0,0.1739231835388835,0.000400353109413,0,1,0,DoS-DoS attack-HOIC,DoS-DoS attack-HOIC,1,3
2026-08-31 10:11:04.500,63285,445,6,1213989.7681780022,140,6,75320,2880,538.0,480.0,0.0644156994146014,0.0001202646050451,0,0,0,DoS-DoS attack-HOIC,DoS-DoS attack-HOIC,1,3
2026-08-31 10:11:05.000,51637,80,6,79271.98310638528,80,15,54000,7065,675.0,471.0,0.770322598216646,0.001198405745199,0,1,0,DoS-DoS attack-HOIC,DoS-DoS attack-HOIC,1,3
2026-08-31 10:11:05.500,55360,53,6,519127.3472827269,70,11,12670,10428,181.0,948.0,0.0444938994650486,0.000156031078737,0,1,0,DoS-DoS attack-HOIC,DoS-DoS attack-HOIC,1,3
2026-08-31 10:11:06.000,9571,445,6,132555.46154023113,110,7,122650,700,1115.0,100.0,0.93055388708565,0.0008826494105311,1,0,0,DoS-DoS attack-HOIC,DoS-DoS attack-HOIC,1,3
2026-08-31 10:11:06.500,61972,22,1,85252.08616449735,130,8,147290,6120,1133.0,765.0,1.7994867560893977,0.0016187287161223,0,0,0,DoS-DoS attack-HOIC,DoS-DoS attack-HOIC,1,3
2026-08-31 10:11:07.000,45307,8080,1,575104.5226909061,130,12,38870,15720,299.0,1310.0,0.0949218756681393,0.0002469116384846,1,0,0,DoS-DoS attack-HOIC,DoS-DoS attack-HOIC,1,3
2026-08-31 10:11:07.500,34026,22,6,450312.8113388319,90,10,122040,9780,1356.0,978.0,0.2927298461821609,0.0002220678547884,1,1,0,DoS-DoS attack-HOIC,DoS-DoS attack-HOIC,1,3
2026-08-31 10:11:08.000,15586,443,6,702896.5323619331,90,5,37530,4540,417.0,908.0,0.0598523368126945,0.0001351550272689,0,0,0,DoS-DoS attack-HOIC,DoS-DoS attack-HOIC,1,3
2026-08-31 10:11:08.500,51724,22,6,185142.5549203286,140,10,154280,14350,1102.0,1435.0,0.910811671921982,0.0008101865076694,0,1,0,DoS-DoS attack-HOIC,DoS-DoS attack-HOIC,1,3
2026-08-31 10:11:09.000,8504,80,6,297077.9434447734,90,9,34830,12168,387.0,1352.0,0.1582009066491161,0.0003332458776599,0,0,0,DoS-DoS attack-HOIC,DoS-DoS attack-HOIC,1,3
2026-08-31 10:11:09.500,27696,53,6,259993.4605720818,110,11,95370,11957,867.0,1087.0,0.4128065365940852,0.0004653963208501,1,1,0,DoS-DoS attack-HOIC,DoS-DoS attack-HOIC,1,3
2026-08-31 10:11:10.000,5237,53,6,2070386.8727959164,8,10,4360,4450,545.0,445.0,0.004255243363314,8.694027303025394e-06,1,0,0,Reconnaissance-PortScan,Reconnaissance-PortScan,1,1
2026-08-31 10:11:10.500,11317,445,6,172831.44046938885,8,9,3368,12339,421.0,1371.0,0.090880455294667,9.836173298588775e-05,1,0,0,Reconnaissance-PortScan,Reconnaissance-PortScan,1,1
2026-08-31 10:11:11.000,35465,80,17,174649.13668912495,17,9,7888,5868,464.0,652.0,0.0787636300985444,0.0001488699027742,1,0,0,Reconnaissance-PortScan,Reconnaissance-PortScan,1,1
2026-08-31 10:11:11.500,56884,443,6,218902.3779797281,15,14,22485,20090,1499.0,1435.0,0.194493090440515,0.0001324791455731,1,0,0,Reconnaissance-PortScan,Reconnaissance-PortScan,1,1
2026-08-31 10:11:12.000,63531,80,6,415738.2682724594,12,8,4332,2032,361.0,254.0,0.0153077079632135,4.810719033065215e-05,1,0,0,Reconnaissance-PortScan,Reconnaissance-PortScan,1,1
2026-08-31 10:11:12.500,58158,22,6,145391.93520438395,14,10,4046,3010,289.0,301.0,0.0485308898983685,0.000165071054076,1,0,0,Reconnaissance-PortScan,Reconnaissance-PortScan,1,1
2026-08-31 10:11:13.000,3124,80,6,1234260.4583586722,7,10,1533,9540,219.0,954.0,0.0089713641273376,1.3773429979656787e-05,1,0,0,Reconnaissance-PortScan,Reconnaissance-PortScan,1,1
2026-08-31 10:11:13.500,45641,80,6,154408.97817890547,14,6,14602,8454,1043.0,1409.0,0.1493177422092196,0.0001295261469545,1,0,0,Reconnaissance-PortScan,Reconnaissance-PortScan,1,1
2026-08-31 10:11:14.000,63021,443,1,1130797.0678633342,10,8,680,11808,68.0,1476.0,0.0110435376556873,1.5917975480651195e-05,1,0,0,Reconnaissance-PortScan,Reconnaissance-PortScan,1,1
2026-08-31 10:11:14.500,29196,22,6,54614.58554704888,10,13,13890,2106,1389.0,162.0,0.2928887921943676,0.0004211329220099,1,0,0,Reconnaissance-PortScan,Reconnaissance-PortScan,1,1
2026-08-31 10:11:15.000,21156,8080,17,534375.3618595588,11,9,8547,7227,777.0,803.0,0.0295185765017557,3.7426875239959146e-05,1,0,0,Reconnaissance-PortScan,Reconnaissance-PortScan,1,1
2026-08-31 10:11:15.500,53349,8080,6,1187500.041116753,6,9,1356,3231,226.0,359.0,0.0038627367083268,1.2631578509898268e-05,1,0,0,Reconnaissance-PortScan,Reconnaissance-PortScan,1,1
2026-08-31 10:11:16.000,19223,53,6,92412.00570057446,11,10,1034,14000,94.0,1400.0,0.1626844897954606,0.0002272432011244,1,0,0,Reconnaissance-PortScan,Reconnaissance-PortScan,1,1
2026-08-31 10:11:16.500,37633,445,6,1726144.7181381306,8,7,7336,1379,917.0,197.0,0.0050488234899271,8.689885524831621e-06,1,0,0,Reconnaissance-PortScan,Reconnaissance-PortScan,1,1
2026-08-31 10:11:17.000,43989,80,6,301546.63210966595,11,8,6083,11120,553.0,1390.0,0.0570492194824883,6.300849678354234e-05,1,0,0,Reconnaissance-PortScan,Reconnaissance-PortScan,1,1
2026-08-31 10:11:17.500,9040,53,17,1456754.6654622103,14,5,20622,5640,1473.0,1128.0,0.0180277438764797,1.304269033786901e-05,1,0,0,Reconnaissance-PortScan,Reconnaissance-PortScan,1,1
2026-08-31 10:11:18.000,40803,443,17,564772.9852201779,7,9,392,3672,56.0,408.0,0.0071958116026808,2.8329966939688287e-05,1,0,0,Reconnaissance-PortScan,Reconnaissance-PortScan,1,1
2026-08-31 10:11:18.500,38285,8080,6,179472.23716893294,12,12,1524,10908,127.0,909.0,0.0692697667082923,0.0001337254183557,1,0,0,Reconnaissance-PortScan,Reconnaissance-PortScan,1,1
2026-08-31 10:11:19.000,32905,80,6,104313.7879364634,13,10,16718,10670,1286.0,1067.0,0.2625539781381177,0.0002204885897902,1,0,0,Reconnaissance-PortScan,Reconnaissance-PortScan,1,1
2026-08-31 10:11:19.500,18082,443,6,181012.50518858567,8,7,8968,5075,1121.0,725.0,0.0775802753770722,8.286720292359781e-05,1,0,0,Reconnaissance-PortScan,Reconnaissance-PortScan,1,1
2026-08-31 10:11:20.000,25496,22,17,48816.01169356458,18,11,13374,10483,743.0,953.0,0.4887125999737898,0.0005940673764194,0,0,0,SSH-Bruteforce,SSH-Bruteforce,1,2
2026-08-31 10:11:20.500,42370,22,6,77665.33490445191,12,7,9168,7861,764.0,1123.0,0.2192612704079288,0.0002446393879705,0,0,0,SSH-Bruteforce,SSH-Bruteforce,1,2
2026-08-31 10:11:21.000,35950,22,6,55276.11819946485,10,9,12930,9972,1293.0,1108.0,0.4143199765442017,0.0003437289125115,1,0,0,SSH-Bruteforce,SSH-Bruteforce,1,2
2026-08-31 10:11:21.500,52837,22,6,274907.58639589563,12,10,14604,6230,1217.0,623.0,0.075785467663446,8.002689299202326e-05,0,1,0,SSH-Bruteforce,SSH-Bruteforce,1,2
2026-08-31 10:11:22.000,35856,22,6,793785.31747235,13,7,17368,4074,1336.0,582.0,0.0270123414073815,2.5195729323180264e-05,0,1,0,SSH-Bruteforce,SSH-Bruteforce,1,2
2026-08-31 10:11:22.500,62219,22,6,76216.48459481406,11,11,12199,2145,1109.0,195.0,0.188200755707565,0.0002886514658091,0,1,0,SSH-Bruteforce,SSH-Bruteforce,1,2
2026-08-31 10:11:23.000,37045,22,6,69815.22458447776,11,7,10274,6489,934.0,927.0,0.2401052219966061,0.0002578234203865,1,1,0,SSH-Bruteforce,SSH-Bruteforce,1,2
2026-08-31 10:11:23.500,55155,22,17,515610.8794468862,10,7,4910,5537,491.0,791.0,0.0202614033493712,3.2970599879325255e-05,1,0,0,SSH-Bruteforce,SSH-Bruteforce,1,2
2026-08-31 10:11:24.000,25111,22,6,109814.23196946426,6,9,8214,927,1369.0,103.0,0.0832405767014735,0.0001365943168714,1,0,0,SSH-Bruteforce,SSH-Bruteforce,1,2
2026-08-31 10:11:24.500,13852,22,6,51354.26104560244,16,7,7456,3220,466.0,460.0,0.2078892730720211,0.000447869359372,1,0,0,SSH-Bruteforce,SSH-Bruteforce,1,2
2026-08-31 10:11:25.000,62634,22,1,91269.93723510877,9,9,1413,3258,157.0,362.0,0.0511778592271391,0.0001972171839196,1,0,0,SSH-Bruteforce,SSH-Bruteforce,1,2
2026-08-31 10:11:25.500,32152,22,6,1286746.9523768364,6,8,4362,9376,727.0,1172.0,0.0106765358756178,1.0880150113455375e-05,1,0,0,SSH-Bruteforce,SSH-Bruteforce,1,2
2026-08-31 10:11:26.000,59107,22,17,861502.8209282701,15,7,15915,4102,1061.0,586.0,0.0232349790546237,2.553677070498691e-05,1,1,0,SSH-Bruteforce,SSH-Bruteforce,1,2
2026-08-31 10:11:26.500,2425,22,6,218527.86096009708,12,5,7428,1450,619.0,290.0,0.0406263986687484,7.77932842271597e-05,0,0,0,SSH-Bruteforce,SSH-Bruteforce,1,2
2026-08-31 10:11:27.000,20667,22,6,533296.366042089,15,12,4350,10860,290.0,905.0,0.0285207268757469,5.062850924688809e-05,0,1,0,SSH-Bruteforce,SSH-Bruteforce,1,2
2026-08-31 10:11:27.500,16217,22,17,385311.9048558483,9,9,3978,4941,442.0,549.0,0.0231474810079,4.671540062139256e-05,0,1,0,SSH-Bruteforce,SSH-Bruteforce,1,2
2026-08-31 10:11:28.000,27877,22,6,565243.8732231035,15,4,14400,1920,960.0,480.0,0.028872493401215,3.36138097195518e-05,0,0,0,SSH-Bruteforce,SSH-Bruteforce,1,2
2026-08-31 10:11:28.500,45888,22,6,573908.3344354256,13,11,3107,5423,239.0,493.0,0.0148630007407762,4.1818524944739626e-05,1,0,0,SSH-Bruteforce,SSH-Bruteforce,1,2
2026-08-31 10:11:29.000,21331,22,6,495418.2663573485,10,6,12090,4098,1209.0,683.0,0.0326754201428591,3.2295942814785385e-05,1,1,0,SSH-Bruteforce,SSH-Bruteforce,1,2
2026-08-31 10:11:29.500,38006,22,6,154692.18208957862,16,9,17824,7704,1114.0,856.0,0.1650244999683764,0.000161611269947,0,1,0,SSH-Bruteforce,SSH-Bruteforce,1,2
2026-08-31 10:11:30.000,20635,80,6,19893.77568452158,90,10,85770,7180,953.0,718.0,4.6723156743743175,0.0050266978745285,0,1,0,DoS-DoS attack-HOIC,DoS-DoS attack-HOIC,1,3
2026-08-31 10:11:30.500,44815,445,6,304004.9962070329,90,5,128790,1565,1431.0,313.0,0.428792294936291,0.0003124948641705,1,1,0,DoS-DoS attack-HOIC,DoS-DoS attack-HOIC,1,3
2026-08-31 10:11:31.000,12974,443,1,1108083.9177282746,120,11,43080,1089,359.0,99.0,0.039860699440665,0.0001182220930228,1,0,0,DoS-DoS attack-HOIC,DoS-DoS attack-HOIC,1,3
2026-08-31 10:11:31.500,11728,53,6,421400.79350061936,50,14,11900,5334,238.0,381.0,0.0408969329564532,0.0001518744173849,1,1,0,DoS-DoS attack-HOIC,DoS-DoS attack-HOIC,1,3
2026-08-31 10:11:32.000,44135,80,6,893060.8209483182,130,9,23920,13113,184.0,1457.0,0.0414675004556363,0.0001556444944598,0,0,0,DoS-DoS attack-HOIC,DoS-DoS attack-HOIC,1,3
2026-08-31 10:11:32.500,12891,443,6,2391212.875978783,100,12,112200,1824,1122.0,152.0,0.0476845876604985,4.68381552828864e-05,1,0,0,DoS-DoS attack-HOIC,DoS-DoS attack-HOIC,1,3
2026-08-31 10:11:33.000,3769,443,6,89333.84264307671,100,10,18200,12840,182.0,1284.0,0.3474607055754022,0.0012313362633148,0,0,0,DoS-DoS attack-HOIC,DoS-DoS attack-HOIC,1,3
2026-08-31 10:11:33.500,56267,445,6,588466.9028259934,80,16,102880,1712,1286.0,107.0,0.177736418982853,0.0001631357677676,1,0,0,DoS-DoS attack-HOIC,DoS-DoS attack-HOIC,1,3
2026-08-31 10:11:34.000,4890,22,1,560879.4180804346,130,6,151190,8268,1163.0,1378.0,0.2842999669035626,0.0002424763605393,1,1,0,DoS-DoS attack-HOIC,DoS-DoS attack-HOIC,1,3
2026-08-31 10:11:34.500,33269,22,6,1954898.9254179047,140,10,152460,5060,1089.0,506.0,0.080577055903553,7.673030971008731e-05,0,1,0,DoS-DoS attack-HOIC,DoS-DoS attack-HOIC,1,3
2026-08-31 10:11:35.000,45748,80,6,2120289.0213218057,130,12,194350,10764,1495.0,897.0,0.0967386983266851,6.697200172776743e-05,1,0,0,DoS-DoS attack-HOIC,DoS-DoS attack-HOIC,1,3
2026-08-31 10:11:35.500,64169,22,6,580262.9078183483,130,10,73450,3020,565.0,302.0,0.1317850908068401,0.0002412699452459,0,1,0,DoS-DoS attack-HOIC,DoS-DoS attack-HOIC,1,3
2026-08-31 10:11:36.000,6842,443,6,139602.249078049,150,9,24150,10746,161.0,1194.0,0.2499673194949075,0.0011389501318113,1,0,0,DoS-DoS attack-HOIC,DoS-DoS attack-HOIC,1,3
2026-08-31 10:11:36.500,52398,22,6,801121.5241543879,70,8,21280,3704,304.0,463.0,0.0311862797920198,9.736350559468256e-05,1,0,0,DoS-DoS attack-HOIC,DoS-DoS attack-HOIC,1,3
2026-08-31 10:11:37.000,49885,8080,6,56600.661867097646,160,6,171200,7980,1070.0,1330.0,3.1656873622621307,0.0029328278944944,0,1,0,DoS-DoS attack-HOIC,DoS-DoS attack-HOIC,1,3
2026-08-31 10:11:37.500,52968,22,17,758655.7253056694,150,9,115500,6831,770.0,759.0,0.1612470530675811,0.0002095812299232,1,1,0,DoS-DoS attack-HOIC,DoS-DoS attack-HOIC,1,3
2026-08-31 10:11:38.000,60065,443,6,1205063.5718165955,70,9,89810,11475,1283.0,1275.0,0.0840495077338331,6.555670741938901e-05,1,1,0,DoS-DoS attack-HOIC,DoS-DoS attack-HOIC,1,3
2026-08-31 10:11:38.500,31140,445,6,241308.13342018137,60,9,26100,5418,435.0,602.0,0.1306130860654111,0.0002859414600708,1,1,0,DoS-DoS attack-HOIC,DoS-DoS attack-HOIC,1,3
2026-08-31 10:11:39.000,16517,80,6,497985.3812843907,70,6,66640,6132,952.0,1022.0,0.1461328037599157,0.0001526149217522,1,0,0,DoS-DoS attack-HOIC,DoS-DoS attack-HOIC,1,3
2026-08-31 10:11:39.500,29062,53,6,281184.67834903515,90,9,13230,8622,147.0,958.0,0.0777140494550628,0.0003520817726547,1,0,0,DoS-DoS attack-HOIC,DoS-DoS attack-HOIC,1,3
2026-08-31 10:11:40.000,21471,22,6,287917.732412566,12,10,10776,3270,898.0,327.0,0.0487847687664656,7.641071570997033e-05,1,0,0,BENIGN,BENIGN,0,0
2026-08-31 10:11:40.500,31455,443,6,185800.6731766436,11,13,7425,6032,675.0,464.0,0.0724270788108606,0.0001291706837676,1,1,0,BENIGN,BENIGN,0,0
2026-08-31 10:11:41.000,18932,53,6,718014.6887064507,14,7,13608,4151,972.0,593.0,0.0247334772938233,2.9247312527185717e-05,1,1,0,BENIGN,BENIGN,0,0
2026-08-31 10:11:41.500,30360,53,6,1375817.4116340876,8,9,6464,7182,808.0,798.0,0.0099184672940671,1.2356290781118386e-05,1,0,0,BENIGN,BENIGN,0,0
2026-08-31 10:11:42.000,42016,8080,6,1413002.0004597472,9,6,9648,1698,1072.0,283.0,0.0080297126233565,1.0615696223369329e-05,0,1,0,BENIGN,BENIGN,0,0
2026-08-31 10:11:42.500,56374,53,6,96053.4092700986,11,8,15730,8312,1430.0,1039.0,0.2502982474041271,0.0001978066176141,1,0,0,BENIGN,BENIGN,0,0
2026-08-31 10:11:43.000,5049,445,17,1038696.4194788252,15,15,17820,20955,1188.0,1397.0,0.0373304454241619,2.888235622759144e-05,1,0,0,BENIGN,BENIGN,0,0
2026-08-31 10:11:43.500,52742,443,17,668621.5277675606,17,7,20825,2569,1225.0,367.0,0.0349884037951329,3.5894746135042794e-05,1,0,0,BENIGN,BENIGN,0,0
2026-08-31 10:11:44.000,52979,443,6,145736.2238886478,9,17,675,12818,75.0,754.0,0.0925850803530061,0.0001784045126493,0,1,0,BENIGN,BENIGN,0,0
2026-08-31 10:11:44.500,62264,22,17,34827.58801762422,9,13,9603,15197,1067.0,1169.0,0.7120791706944898,0.0006316831352934,0,1,0,BENIGN,BENIGN,0,0
2026-08-31 10:11:45.000,21117,22,6,155985.5156316425,11,6,4972,5040,452.0,840.0,0.0641854466987905,0.0001089844780143,0,0,0,BENIGN,BENIGN,0,0
2026-08-31 10:11:45.500,7179,22,6,1216393.797871606,11,5,12650,5710,1150.0,1142.0,0.0150937961308045,1.3153634972378669e-05,0,1,0,BENIGN,BENIGN,0,0
2026-08-31 10:11:46.000,47631,445,6,501440.2010278992,10,6,5220,7368,522.0,1228.0,0.0251036912755397,3.1908091865954534e-05,0,1,0,BENIGN,BENIGN,0,0
2026-08-31 10:11:46.500,34511,53,6,638369.7167758628,7,6,6657,4020,951.0,670.0,0.0167254174489319,2.036437452806172e-05,0,1,0,BENIGN,BENIGN,0,0
2026-08-31 10:11:47.000,48682,53,6,148632.15194438418,13,7,8346,7840,642.0,1120.0,0.1088997218109817,0.000134560387756,1,0,0,BENIGN,BENIGN,0,0
2026-08-31 10:11:47.500,56692,8080,17,635391.4505692121,13,11,14573,10989,1121.0,999.0,0.0402303178248591,3.777199075958924e-05,0,1,0,BENIGN,BENIGN,0,0
2026-08-31 10:11:48.000,21987,445,6,14262.244397212922,12,13,14436,12987,1203.0,999.0,1.9227689006739512,0.001752879791301,1,1,0,BENIGN,BENIGN,0,0
2026-08-31 10:11:48.500,51148,22,6,235258.95735232832,11,6,2321,7506,211.0,1251.0,0.0417709918898653,7.226079801849104e-05,1,1,0,BENIGN,BENIGN,0,0
2026-08-31 10:11:49.000,53894,80,6,492757.9069577104,11,10,3289,11150,299.0,1115.0,0.0293024217284577,4.261727656330859e-05,1,0,0,BENIGN,BENIGN,0,0
2026-08-31 10:11:49.500,57571,8080,17,78968.58299565791,13,10,832,11350,64.0,1135.0,0.1542638798410146,0.0002912550678331,0,0,0,BENIGN,BENIGN,0,0
2026-08-31 10:11:50.000,65134,80,6,865812.8706138362,13,14,3081,11088,237.0,792.0,0.0163649680903807,3.118456760817836e-05,1,0,0,BENIGN,BENIGN,0,0
2026-08-31 10:11:50.500,54578,53,6,133960.17973610634,18,8,11124,2904,618.0,363.0,0.1047176857077017,0.0001940875269746,1,1,0,BENIGN,BENIGN,0,0
2026-08-31 10:11:51.000,21960,8080,6,528180.4605527639,10,8,4620,11208,462.0,1401.0,0.0299670305545487,3.407926143428597e-05,0,0,0,BENIGN,BENIGN,0,0
2026-08-31 10:11:51.500,52383,8080,6,259762.63019923968,11,8,12991,1552,1181.0,194.0,0.0559857281560691,7.314370040330835e-05,0,1,0,BENIGN,BENIGN,0,0
2026-08-31 10:11:52.000,5450,443,1,453224.1582208916,18,7,14958,686,831.0,98.0,0.0345171362026785,5.516034294726174e-05,1,0,0,BENIGN,BENIGN,0,0
2026-08-31 10:11:52.500,24327,53,1,56836.68182306739,9,13,405,17394,45.0,1338.0,0.3131604348803593,0.0003870739686144,0,1,0,BENIGN,BENIGN,0,0
2026-08-31 10:11:53.000,46304,53,6,8528.727326465902,15,9,17400,2160,1160.0,240.0,2.2934254113586414,0.0028140189096425,0,0,0,BENIGN,BENIGN,0,0
2026-08-31 10:11:53.500,28630,445,1,1201558.7932777433,9,8,999,2672,111.0,334.0,0.0030551979815779,1.4148288119538504e-05,1,0,0,BENIGN,BENIGN,0,0
2026-08-31 10:11:54.000,48856,8080,6,157102.0179665576,10,12,9680,16620,968.0,1385.0,0.1674071430700809,0.0001400363934426,1,1,0,BENIGN,BENIGN,0,0
2026-08-31 10:11:54.500,29175,53,17,856502.8035793866,11,15,5181,20880,471.0,1392.0,0.0304272208926636,3.035600104406031e-05,1,0,0,BENIGN,BENIGN,0,0
2026-08-31 10:11:55.000,14791,8080,6,3669500.2834376665,7,6,7014,8718,1002.0,1453.0,0.0042872322618324,3.542716717761333e-06,1,1,0,BENIGN,BENIGN,0,0
2026-08-31 10:11:55.500,12332,445,6,118767.847827395,10,7,4190,7259,419.0,1037.0,0.0963981431714989,0.0001431363816853,1,1,0,BENIGN,BENIGN,0,0
2026-08-31 10:11:56.000,45269,445,6,154058.55384253812,10,6,5890,8082,589.0,1347.0,0.0906927895310099,0.0001038566155522,1,1,0,BENIGN,BENIGN,0,0
2026-08-31 10:11:56.500,63546,443,6,543628.1873638286,7,8,5929,9912,847.0,1239.0,0.0291394014657795,2.759238823222604e-05,1,1,0,BENIGN,BENIGN,0,0
2026-08-31 10:11:57.000,59011,8080,6,1682654.105015206,11,8,1045,5192,95.0,649.0,0.0037066441530516,1.1291684929931208e-05,1,1,0,BENIGN,BENIGN,0,0
2026-08-31 10:11:57.500,46695,53,6,1237365.3891602308,15,8,9810,3104,654.0,388.0,0.0104366908215042,1.8587880509106247e-05,0,1,0,BENIGN,BENIGN,0,0
2026-08-31 10:11:58.000,25794,53,6,349457.4108006709,17,10,19822,14950,1166.0,1495.0,0.0995028261650996,7.726263391400237e-05,0,0,0,BENIGN,BENIGN,0,0
2026-08-31 10:11:58.500,29596,8080,6,792641.7040715163,11,8,2805,8016,255.0,1002.0,0.0136518176425488,2.397047733189423e-05,0,0,0,BENIGN,BENIGN,0,0
2026-08-31 10:11:59.000,42472,8080,6,72944.2009637046,6,13,360,5473,60.0,421.0,0.079965232631758,0.0002604730704617,0,0,0,BENIGN,BENIGN,0,0
2026-08-31 10:11:59.500,3228,8080,6,1895748.184090207,7,8,1743,10680,249.0,1335.0,0.0065530855332964,7.912443290625944e-06,0,0,0,BENIGN,BENIGN,0,0
2026-08-31 10:12:00.000,28257,22,1,1667048.4262668802,16,15,5280,7965,330.0,531.0,0.0079451801106827,1.8595740538404253e-05,1,0,0,BENIGN,BENIGN,0,0
2026-08-31 10:12:00.500,22753,53,6,89401.25268997047,13,6,9802,2220,754.0,370.0,0.1344723886626699,0.0002125249862411,0,0,0,BENIGN,BENIGN,0,0
2026-08-31 10:12:01.000,32155,445,6,177925.58795233624,12,6,10488,5484,874.0,914.0,0.0897678640993503,0.0001011658874147,0,1,0,BENIGN,BENIGN,0,0
2026-08-31 10:12:01.500,53452,53,6,52766.37497063112,13,8,2951,1576,227.0,197.0,0.0857932727359368,0.0003979807217704,1,1,0,BENIGN,BENIGN,0,0
2026-08-31 10:12:02.000,34894,22,17,158533.19620153945,16,9,19424,4239,1214.0,471.0,0.1492621139639749,0.0001576956788699,0,1,0,BENIGN,BENIGN,0,0
2026-08-31 10:12:02.500,39035,8080,6,846289.6376585956,12,7,2760,9716,230.0,1388.0,0.0147419978275635,2.2450942507511053e-05,1,0,0,BENIGN,BENIGN,0,0
2026-08-31 10:12:03.000,40406,443,6,237661.36101778163,16,10,7136,11790,446.0,1179.0,0.0796343163152534,0.0001093993566626,0,1,0,BENIGN,BENIGN,0,0
2026-08-31 10:12:03.500,50091,8080,17,46275.3273299877,8,9,2024,5922,253.0,658.0,0.1717113731388704,0.0003673663910597,0,1,0,BENIGN,BENIGN,0,0
2026-08-31 10:12:04.000,59609,8080,17,209446.57461582465,14,6,8302,3948,593.0,658.0,0.0584874688062317,9.548974498976604e-05,1,1,0,BENIGN,BENIGN,0,0
2026-08-31 10:12:04.500,42499,22,6,1991849.04545284,8,9,7992,5985,999.0,665.0,0.0070170980234861,8.534783315394146e-06,0,1,0,BENIGN,BENIGN,0,0
2026-08-31 10:12:05.000,47705,53,6,496698.7454132283,14,8,17598,3792,1257.0,474.0,0.0430643326505162,4.429244124877784e-05,0,0,0,BENIGN,BENIGN,0,0
2026-08-31 10:12:05.500,22631,8080,6,269064.9636489565,16,17,21008,14195,1313.0,835.0,0.1308345743766932,0.0001226469606121,0,1,0,BENIGN,BENIGN,0,0
2026-08-31 10:12:06.000,25992,53,17,91083.89240709777,11,9,6952,8739,632.0,971.0,0.1722697568538976,0.0002195777921788,1,1,0,BENIGN,BENIGN,0,0
2026-08-31 10:12:06.500,34422,80,6,2140703.371231012,10,8,800,4888,80.0,611.0,0.002657070604183,8.408451279060214e-06,1,1,0,BENIGN,BENIGN,0,0
2026-08-31 10:12:07.000,12932,445,6,859763.1525189313,11,7,4499,2135,409.0,305.0,0.0077160785275416,2.09359984166038e-05,1,0,0,BENIGN,BENIGN,0,0
2026-08-31 10:12:07.500,27447,53,17,165278.99188770252,8,13,472,18993,59.0,1461.0,0.1177705634364446,0.0001270578901703,1,0,0,BENIGN,BENIGN,0,0
2026-08-31 10:12:08.000,44639,443,6,36322.28096498012,12,4,12864,564,1072.0,141.0,0.3696904390241793,0.0004405009699424,1,1,0,BENIGN,BENIGN,0,0
2026-08-31 10:12:08.500,10195,445,6,29145.999605392197,7,6,6048,6756,864.0,1126.0,0.4393055708831521,0.0004460303359482,0,1,0,BENIGN,BENIGN,0,0
2026-08-31 10:12:09.000,13745,443,6,64131.58960559025,11,7,13926,7252,1266.0,1036.0,0.3302272737498413,0.0002806729118659,0,0,0,BENIGN,BENIGN,0,0
2026-08-31 10:12:09.500,61770,8080,6,434666.1025577769,12,12,684,8976,57.0,748.0,0.0222239552220286,5.521479558267996e-05,1,0,0,BENIGN,BENIGN,0,0
2026-08-31 10:12:10.000,62239,445,6,1320874.4226866015,8,7,6296,7378,787.0,1054.0,0.0103522331608815,1.1356113603424229e-05,1,1,0,BENIGN,BENIGN,0,0
2026-08-31 10:12:10.500,56859,53,6,343327.57772182475,12,7,4296,6041,358.0,863.0,0.0301082717219829,5.534073355109566e-05,0,0,0,BENIGN,BENIGN,0,0
2026-08-31 10:12:11.000,50453,445,6,925581.1442038332,12,6,10800,1566,900.0,261.0,0.0133602548812761,1.94472414574616e-05,1,0,0,BENIGN,BENIGN,0,0
2026-08-31 10:12:11.500,17640,8080,6,295192.9779407672,13,7,13091,6678,1007.0,954.0,0.0669697502197938,6.77522891595871e-05,0,0,0,BENIGN,BENIGN,0,0
2026-08-31 10:12:12.000,43536,22,1,616500.9603393448,14,10,18830,4750,1345.0,475.0,0.0382481156016986,3.892937974727602e-05,1,1,0,BENIGN,BENIGN,0,0
2026-08-31 10:12:12.500,39482,443,6,658146.7751553792,8,6,2328,7518,291.0,1253.0,0.0149601887778389,2.127185079115837e-05,1,0,0,BENIGN,BENIGN,0,0
2026-08-31 10:12:13.000,47193,8080,1,95558.28342106922,10,9,3790,6111,379.0,679.0,0.1036121584074086,0.0001988315331522,0,0,0,BENIGN,BENIGN,0,0
2026-08-31 10:12:13.500,8683,22,6,224094.50112157187,14,10,11060,9840,790.0,984.0,0.0932642251124629,0.0001070976747702,0,1,0,BENIGN,BENIGN,0,0
2026-08-31 10:12:14.000,61638,445,17,507092.58925046574,12,7,12084,2611,1007.0,373.0,0.0289789287227228,3.746850260168314e-05,1,1,0,BENIGN,BENIGN,0,0
2026-08-31 10:12:14.500,44393,445,6,36660.00728235617,8,9,4008,8514,501.0,946.0,0.341571126817831,0.0004637205842439,1,1,0,BENIGN,BENIGN,0,0
2026-08-31 10:12:15.000,12728,8080,6,224348.2731938761,13,10,8710,13640,670.0,1364.0,0.0996218944805047,0.000102519175528,0,0,0,BENIGN,BENIGN,0,0
2026-08-31 10:12:15.500,33817,53,6,382643.3555246808,8,10,3520,3900,440.0,390.0,0.0193914251813722,4.704119316235866e-05,0,0,0,BENIGN,BENIGN,0,0
2026-08-31 10:12:16.000,49176,445,17,2789610.3062433368,9,5,3690,3045,410.0,609.0,0.0024143157146008,5.018622123891952e-06,1,1,0,BENIGN,BENIGN,0,0
2026-08-31 10:12:16.500,47497,53,6,321734.4793413903,9,9,2889,6903,321.0,767.0,0.0304350345655848,5.594675471614857e-05,0,1,0,BENIGN,BENIGN,0,0
2026-08-31 10:12:17.000,32250,53,6,846564.0157676816,13,10,5577,1540,429.0,154.0,0.008406924777522,2.716864829043252e-05,1,1,0,BENIGN,BENIGN,0,0
2026-08-31 10:12:17.500,24876,53,6,282876.1634511041,6,10,2256,9480,376.0,948.0,0.0414881192406079,5.656185308876343e-05,1,1,0,BENIGN,BENIGN,0,0
2026-08-31 10:12:18.000,33106,80,17,795776.2143215298,6,5,8448,2030,1408.0,406.0,0.0131670183291439,1.3822981639681516e-05,1,1,0,BENIGN,BENIGN,0,0
2026-08-31 10:12:18.500,23818,22,6,452446.4691297593,6,8,1872,10656,312.0,1332.0,0.0276894635155836,3.094288707041593e-05,1,0,0,BENIGN,BENIGN,0,0
2026-08-31 10:12:19.000,42444,22,6,1088396.845052435,11,9,14476,7587,1316.0,843.0,0.020271098818496,1.8375650472280368e-05,1,0,0,BENIGN,BENIGN,0,0
2026-08-31 10:12:19.500,53940,445,6,264615.78293818125,12,11,12708,12639,1059.0,1149.0,0.0957879372031395,8.691847381040006e-05,1,1,0,BENIGN,BENIGN,0,0
2026-08-31 10:12:20.000,56775,445,17,463555.0501401643,12,7,8148,6545,679.0,935.0,0.0316963432827241,4.098758064192187e-05,1,0,0,BENIGN,BENIGN,0,0
2026-08-31 10:12:20.500,61799,53,6,497151.3813887149,3,7,4311,7056,1437.0,1008.0,0.0228642631305165,2.0114597633954895e-05,0,1,0,BENIGN,BENIGN,0,0
2026-08-31 10:12:21.000,14403,80,6,270112.5777246215,12,8,10284,3336,857.0,417.0,0.0504234201688352,7.40432014226656e-05,0,0,0,BENIGN,BENIGN,0,0
2026-08-31 10:12:21.500,55278,53,6,77924.75315912574,17,9,765,10890,45.0,1210.0,0.1495673650028035,0.0003336552115034,1,0,0,BENIGN,BENIGN,0,0
2026-08-31 10:12:22.000,8030,80,6,49114.89265562232,12,10,17724,10510,1477.0,1051.0,0.5748561885743918,0.0004479293103576,0,1,0,BENIGN,BENIGN,0,0
2026-08-31 10:12:22.500,53659,53,6,8406.042520103338,14,16,8750,2512,625.0,157.0,1.3397505377434191,0.0035688613152461,1,1,0,BENIGN,BENIGN,0,0
2026-08-31 10:12:23.000,52170,443,6,1033891.9355516334,15,9,16785,9477,1119.0,1053.0,0.0254011073079256,2.321325776369719e-05,1,1,0,BENIGN,BENIGN,0,0
2026-08-31 10:12:23.500,9706,443,6,134904.64798743778,16,6,23376,7188,1461.0,1198.0,0.2265600218650768,0.0001630781468731,0,1,0,BENIGN,BENIGN,0,0
2026-08-31 10:12:24.000,34864,8080,6,118815.7161314078,9,7,7749,3962,861.0,566.0,0.0985644019185326,0.0001346623201004,0,0,0,BENIGN,BENIGN,0,0
2026-08-31 10:12:24.500,33454,53,6,665970.1386750012,14,13,3878,11089,277.0,853.0,0.022473980634557,4.0542358330529886e-05,1,0,0,BENIGN,BENIGN,0,0
2026-08-31 10:12:25.000,24115,445,6,192843.0884047426,8,11,4232,2695,529.0,245.0,0.0359203954725215,9.852569856762091e-05,0,1,0,BENIGN,BENIGN,0,0
2026-08-31 10:12:25.500,61541,22,6,352655.1181781096,11,5,11935,6480,1085.0,1296.0,0.0522181560687778,4.5370105734479794e-05,1,0,0,BENIGN,BENIGN,0,0
2026-08-31 10:12:26.000,34007,8080,6,88673.61383283445,11,6,5280,5130,480.0,855.0,0.1173968168078808,0.0001917143021838,0,1,0,BENIGN,BENIGN,0,0
2026-08-31 10:12:26.500,25013,445,6,1606269.4908427012,16,15,17664,1575,1104.0,105.0,0.0119774422097669,1.9299376708912897e-05,1,1,0,BENIGN,BENIGN,0,0
2026-08-31 10:12:27.000,10939,443,6,953859.3096458948,10,6,8970,258,897.0,43.0,0.0096743826962584,1.6773962195506597e-05,1,1,0,BENIGN,BENIGN,0,0
2026-08-31 10:12:27.500,43576,53,6,996777.349242374,11,16,3267,672,297.0,42.0,0.0039517350619518,2.7087292884665932e-05,1,1,0,BENIGN,BENIGN,0,0
2026-08-31 10:12:28.000,20014,8080,6,261089.70788653372,11,8,957,10576,87.0,1322.0,0.044172556984017,7.27719225436854e-05,0,1,0,BENIGN,BENIGN,0,0
2026-08-31 10:12:28.500,25758,53,6,718501.7314214949,11,9,5962,3276,542.0,364.0,0.0128573107006921,2.783570188502307e-05,1,0,0,BENIGN,BENIGN,0,0
2026-08-31 10:12:29.000,15848,443,6,77670.11751116064,8,6,1424,7818,178.0,1303.0,0.1189904212193587,0.0001802495019553,1,0,0,BENIGN,BENIGN,0,0
2026-08-31 10:12:29.500,54957,8080,17,4328.18050552697,14,7,17710,4508,1265.0,644.0,5.133334878315464,0.0048519233254399,0,0,0,BENIGN,BENIGN,0,0
2026-08-31 10:12:30.000,37105,443,6,10087.543940300478,12,14,6576,11690,548.0,835.0,1.8107479967366995,0.0025774361061619,0,1,0,BENIGN,BENIGN,0,0
2026-08-31 10:12:30.500,12057,80,6,441671.9172317864,13,11,9009,6314,693.0,574.0,0.0346931724699437,5.433897665461392e-05,1,1,0,BENIGN,BENIGN,0,0
2026-08-31 10:12:31.000,43760,443,6,303847.1718756196,10,6,13490,8286,1349.0,1381.0,0.0716676079782548,5.2658051416792674e-05,0,0,0,BENIGN,BENIGN,0,0
2026-08-31 10:12:31.500,17265,53,6,364921.5048235608,12,12,15552,7656,1296.0,638.0,0.0635972385639072,6.576756831841495e-05,1,0,0,BENIGN,BENIGN,0,0
2026-08-31 10:12:32.000,60420,22,6,3745.5644958619023,7,7,9653,7798,1379.0,1114.0,4.659110788958179,0.0037377543433278,1,1,0,BENIGN,BENIGN,0,0
2026-08-31 10:12:32.500,57939,443,6,274685.0198663241,12,11,6000,9581,500.0,871.0,0.0567231515101015,8.373226909263441e-05,1,0,0,BENIGN,BENIGN,0,0
2026-08-31 10:12:33.000,6963,445,6,633044.9718228756,13,5,9217,5530,709.0,1106.0,0.0232953433897477,2.8433998848271425e-05,0,1,0,BENIGN,BENIGN,0,0
2026-08-31 10:12:33.500,48488,22,6,292320.1417484717,8,7,11072,8869,1384.0,1267.0,0.0682163051784374,5.131360401567432e-05,0,1,0,BENIGN,BENIGN,0,0
2026-08-31 10:12:34.000,48586,80,6,658793.2835813201,11,10,13618,3860,1238.0,386.0,0.026530325119165,3.1876463411286495e-05,0,1,0,BENIGN,BENIGN,0,0
2026-08-31 10:12:34.500,36087,8080,6,132646.60167008056,9,11,9918,12331,1102.0,1121.0,0.1677313984542215,0.0001507765728385,1,0,0,BENIGN,BENIGN,0,0
2026-08-31 10:12:35.000,55861,8080,17,838703.1664297618,7,7,3304,686,472.0,98.0,0.0047573446240071,1.6692437277218177e-05,1,1,0,BENIGN,BENIGN,0,0
2026-08-31 10:12:35.500,35488,22,6,443889.5889677393,14,7,7336,5033,524.0,719.0,0.0278650374037501,4.730906180602747e-05,1,1,0,BENIGN,BENIGN,0,0
2026-08-31 10:12:36.000,12209,8080,1,118344.37449777988,6,4,6726,2200,1121.0,550.0,0.0754239484312218,8.449915800047266e-05,0,0,0,BENIGN,BENIGN,0,0
2026-08-31 10:12:36.500,28069,443,6,135065.48298580016,12,14,6420,19334,535.0,1381.0,0.1906778803049245,0.0001924992190699,0,1,0,BENIGN,BENIGN,0,0
2026-08-31 10:12:37.000,52122,22,6,494471.6610333097,11,11,10054,16456,914.0,1496.0,0.0536127792320095,4.4491932972622e-05,1,1,0,BENIGN,BENIGN,0,0
2026-08-31 10:12:37.500,45793,53,6,885800.7855018075,13,9,8320,12915,640.0,1435.0,0.0239726588046889,2.483628413954116e-05,0,0,0,BENIGN,BENIGN,0,0
2026-08-31 10:12:38.000,48142,443,6,268608.56982106005,19,15,22743,3690,1197.0,246.0,0.0984071357686945,0.0001265782399324,0,0,0,BENIGN,BENIGN,0,0
2026-08-31 10:12:38.500,20191,443,17,149405.50440639476,8,8,5552,1200,694.0,150.0,0.0451924447253436,0.0001070911012448,0,1,0,BENIGN,BENIGN,0,0
2026-08-31 10:12:39.000,37436,443,6,1008746.712286573,11,13,7106,806,646.0,62.0,0.0078433960711376,2.3791899103552135e-05,0,0,0,BENIGN,BENIGN,0,0
2026-08-31 10:12:39.500,22649,53,17,553223.8906868931,15,10,2925,14910,195.0,1491.0,0.0322383040572115,4.518966085956201e-05,1,0,0,BENIGN,BENIGN,0,0
2026-08-31 10:12:40.000,40212,80,6,297181.05648240645,14,13,3360,10738,240.0,826.0,0.0474390937511194,9.0853704871629e-05,1,1,0,BENIGN,BENIGN,0,0
2026-08-31 10:12:40.500,64045,445,17,334617.8709220565,14,4,14854,4296,1061.0,1074.0,0.0572294598213147,5.379270374849425e-05,1,1,0,BENIGN,BENIGN,0,0
2026-08-31 10:12:41.000,28100,8080,6,114239.17047700014,15,8,8070,4888,538.0,611.0,0.1134286947704557,0.0002013319941133,0,1,0,BENIGN,BENIGN,0,0
2026-08-31 10:12:41.500,57733,22,6,492823.928683616,11,8,16115,6288,1465.0,786.0,0.0454584258101796,3.85533227868327e-05,0,1,0,BENIGN,BENIGN,0,0
2026-08-31 10:12:42.000,45629,80,6,222162.10155004065,11,9,5797,4986,527.0,554.0,0.0485366312448472,9.002435545738155e-05,0,1,0,BENIGN,BENIGN,0,0
2026-08-31 10:12:42.500,20053,22,6,2718235.6188317216,25,9,4975,1647,199.0,183.0,0.0024361390727495,1.2508113632359755e-05,1,1,0,BENIGN,BENIGN,0,0
2026-08-31 10:12:43.000,23997,8080,6,327139.72183031094,13,10,16562,10310,1274.0,1031.0,0.0821422719590047,7.030635066452479e-05,0,0,0,BENIGN,BENIGN,0,0
2026-08-31 10:12:43.500,40145,53,6,332654.74111878,17,8,19261,6784,1133.0,848.0,0.0782943898879146,7.515299470907526e-05,1,1,0,BENIGN,BENIGN,0,0
2026-08-31 10:12:44.000,32457,443,17,417184.64975939447,12,5,10440,1665,870.0,333.0,0.0290159285742925,4.0749342070464537e-05,1,0,0,BENIGN,BENIGN,0,0
2026-08-31 10:12:44.500,44333,443,6,1242989.631128048,15,10,15165,3640,1011.0,364.0,0.015128847038557,2.0112798509116013e-05,1,0,0,BENIGN,BENIGN,0,0
2026-08-31 10:12:45.000,2956,53,6,806768.4003548296,13,13,17901,3016,1377.0,232.0,0.0259268954888926,3.222734057040721e-05,0,1,0,BENIGN,BENIGN,0,0
2026-08-31 10:12:45.500,45278,80,6,299946.89342521835,14,8,6580,10832,470.0,1354.0,0.0580502761691732,7.334631723649272e-05,1,0,0,BENIGN,BENIGN,0,0
2026-08-31 10:12:46.000,2781,80,6,634165.4770395613,11,10,15895,14820,1445.0,1482.0,0.0484337308030401,3.311438537730241e-05,1,1,0,BENIGN,BENIGN,0,0
2026-08-31 10:12:46.500,31746,22,6,441229.1523205101,9,8,11070,3992,1230.0,499.0,0.0341364570324618,3.8528732542281935e-05,0,0,0,BENIGN,BENIGN,0,0
2026-08-31 10:12:47.000,38877,53,6,338998.3146863323,10,12,14540,13332,1454.0,1111.0,0.0822186978273539,6.489707779139594e-05,1,0,0,BENIGN,BENIGN,0,0
2026-08-31 10:12:47.500,39429,80,6,106792.05237388774,23,9,31786,10530,1382.0,1170.0,0.3962467155129273,0.0002996477667174,0,0,0,BENIGN,BENIGN,0,0
2026-08-31 10:12:48.000,2140,53,6,311751.1067579936,16,9,2496,11943,156.0,1327.0,0.046315793870607,8.019217721207674e-05,1,0,0,BENIGN,BENIGN,0,0
2026-08-31 10:12:48.500,44551,8080,6,141061.16957404363,12,10,8832,13160,736.0,1316.0,0.1559039958682411,0.0001559607088532,0,0,0,BENIGN,BENIGN,0,0
2026-08-31 10:12:49.000,12715,443,6,1231624.3420641003,10,4,2420,4884,242.0,1221.0,0.0059303797030349,1.1367102388073532e-05,1,0,0,BENIGN,BENIGN,0,0
2026-08-31 10:12:49.500,1516,443,6,204290.08756999797,10,9,12250,5085,1225.0,565.0,0.0848548268070607,9.300500198062616e-05,1,1,0,BENIGN,BENIGN,0,0
2026-08-31 10:12:50.000,28906,443,6,1521034.876607742,6,10,6006,9580,1001.0,958.0,0.0102469708220352,1.0519153929973316e-05,1,0,0,Reconnaissance-PortScan,Reconnaissance-PortScan,1,1
2026-08-31 10:12:50.500,9835,53,6,380772.2112647388,10,7,5010,476,501.0,68.0,0.0144075639911697,4.464611517497e-05,1,0,0,Reconnaissance-PortScan,Reconnaissance-PortScan,1,1
2026-08-31 10:12:51.000,28832,53,6,499217.5026026282,12,10,11796,5770,983.0,577.0,0.0351870675768963,4.406896770418539e-05,1,0,0,Reconnaissance-PortScan,Reconnaissance-PortScan,1,1
2026-08-31 10:12:51.500,25296,22,6,391470.78908727056,11,8,8129,1456,739.0,182.0,0.0244845854836396,4.853491123517515e-05,1,0,0,Reconnaissance-PortScan,Reconnaissance-PortScan,1,1
2026-08-31 10:12:52.000,29423,443,1,69275.19305881899,9,9,2160,5994,240.0,666.0,0.1177044716699626,0.0002598332707946,1,0,0,Reconnaissance-PortScan,Reconnaissance-PortScan,1,1
2026-08-31 10:12:52.500,7498,22,6,235659.221824097,15,9,19410,7920,1294.0,880.0,0.1159725462355985,0.0001018419725449,1,0,0,Reconnaissance-PortScan,Reconnaissance-PortScan,1,1
2026-08-31 10:12:53.000,27980,443,17,52206.10065703521,8,10,4440,2570,555.0,257.0,0.1342754948259593,0.0003447872905659,1,0,0,Reconnaissance-PortScan,Reconnaissance-PortScan,1,1
2026-08-31 10:12:53.500,48177,22,6,487694.1001226755,16,10,20304,6320,1269.0,632.0,0.054591597463978,5.3312106898416016e-05,1,0,0,Reconnaissance-PortScan,Reconnaissance-PortScan,1,1
2026-08-31 10:12:54.000,43530,22,6,296084.9041080727,16,9,22304,6768,1394.0,752.0,0.0981880521284755,8.443524020404128e-05,1,0,0,Reconnaissance-PortScan,Reconnaissance-PortScan,1,1
2026-08-31 10:12:54.500,55134,8080,6,752505.1018873462,18,9,11610,954,645.0,106.0,0.0166962323156633,3.5880155406153294e-05,1,0,0,Reconnaissance-PortScan,Reconnaissance-PortScan,1,1
2026-08-31 10:12:55.000,15003,22,1,124532.36102681325,13,9,10179,7200,783.0,800.0,0.139554087430034,0.0001766609081915,1,0,0,Reconnaissance-PortScan,Reconnaissance-PortScan,1,1
2026-08-31 10:12:55.500,45547,53,6,89901.99930991673,11,8,10054,1464,914.0,183.0,0.1281172842331696,0.0002113412398359,1,0,0,Reconnaissance-PortScan,Reconnaissance-PortScan,1,1
2026-08-31 10:12:56.000,43589,22,17,260717.71373963388,13,10,5018,12040,386.0,1204.0,0.0654270849290306,8.821801813622378e-05,1,0,0,Reconnaissance-PortScan,Reconnaissance-PortScan,1,1
2026-08-31 10:12:56.500,29352,443,17,1305816.1122364977,11,7,4268,9863,388.0,1409.0,0.0108215849593778,1.3784482999702912e-05,1,0,0,Reconnaissance-PortScan,Reconnaissance-PortScan,1,1
2026-08-31 10:12:57.000,48399,22,6,619664.9746947052,18,7,22014,3528,1223.0,504.0,0.0412190474573325,4.034438127136924e-05,1,0,0,Reconnaissance-PortScan,Reconnaissance-PortScan,1,1
2026-08-31 10:12:57.500,13891,80,6,271436.5380121185,8,7,10520,945,1315.0,135.0,0.042238233966371,5.526153593506891e-05,1,0,0,Reconnaissance-PortScan,Reconnaissance-PortScan,1,1
2026-08-31 10:12:58.000,60258,445,6,364151.1413053084,10,8,12850,3576,1285.0,447.0,0.0451076438774008,4.943002494783972e-05,1,0,0,Reconnaissance-PortScan,Reconnaissance-PortScan,1,1
2026-08-31 10:12:58.500,26875,443,6,43985.74315197053,11,9,9867,10629,897.0,1181.0,0.465969164702452,0.0004546927836674,1,0,0,Reconnaissance-PortScan,Reconnaissance-PortScan,1,1
2026-08-31 10:12:59.000,32303,80,17,2085911.9113914256,13,11,5629,9273,433.0,843.0,0.0071441176008185,1.1505759120899566e-05,1,0,0,Reconnaissance-PortScan,Reconnaissance-PortScan,1,1
2026-08-31 10:12:59.500,52919,443,17,548917.2526523907,6,10,8754,7960,1459.0,796.0,0.0304490338369449,2.9148291336072714e-05,1,0,0,Reconnaissance-PortScan,Reconnaissance-PortScan,1,1
2026-08-31 10:13:00.000,31551,22,6,168019.0133763775,8,9,8264,12987,1033.0,1443.0,0.1264797332854888,0.0001011790252624,1,1,0,SSH-Bruteforce,SSH-Bruteforce,1,2
2026-08-31 10:13:00.500,8890,22,6,440713.2981589317,9,9,9153,6768,1017.0,752.0,0.0361255266545128,4.084287920238872e-05,1,1,0,SSH-Bruteforce,SSH-Bruteforce,1,2
2026-08-31 10:13:01.000,16473,22,6,57976.18708386768,7,4,1442,1268,206.0,317.0,0.0467433292157056,0.0001897330706172,1,1,0,SSH-Bruteforce,SSH-Bruteforce,1,2
2026-08-31 10:13:01.500,11709,22,6,1688301.1987369368,7,10,7105,4000,1015.0,400.0,0.0065776177901444,1.00692933302526e-05,1,1,0,SSH-Bruteforce,SSH-Bruteforce,1,2
2026-08-31 10:13:02.000,24568,22,17,96055.65292785411,16,12,7856,17196,491.0,1433.0,0.2608071387137213,0.0002914976801845,0,0,0,SSH-Bruteforce,SSH-Bruteforce,1,2
2026-08-31 10:13:02.500,6475,22,6,522105.1189660952,11,13,13211,3263,1201.0,251.0,0.0315530329070653,4.596775462969336e-05,0,0,0,SSH-Bruteforce,SSH-Bruteforce,1,2
2026-08-31 10:13:03.000,22666,22,6,140819.8240538299,12,6,10788,7932,899.0,1322.0,0.1329358286338628,0.0001278229121479,1,0,0,SSH-Bruteforce,SSH-Bruteforce,1,2
2026-08-31 10:13:03.500,42340,22,6,632147.017858399,10,9,2490,10440,249.0,1160.0,0.0204541026604855,3.005629934642109e-05,1,0,0,SSH-Bruteforce,SSH-Bruteforce,1,2
2026-08-31 10:13:04.000,64088,22,6,749891.3922103934,14,12,11298,15276,807.0,1273.0,0.0354371316642475,3.467168748665752e-05,0,0,0,SSH-Bruteforce,SSH-Bruteforce,1,2
2026-08-31 10:13:04.500,64785,22,6,559539.7536125652,6,13,1518,10621,253.0,817.0,0.0216946158363366,3.395647919024599e-05,1,1,0,SSH-Bruteforce,SSH-Bruteforce,1,2
2026-08-31 10:13:05.000,40978,22,6,476606.34293175046,14,1,19922,60,1423.0,60.0,0.0419255855401868,3.147251441811646e-05,1,1,0,SSH-Bruteforce,SSH-Bruteforce,1,2
2026-08-31 10:13:05.500,39894,22,6,1114988.4873066316,12,8,15576,6144,1298.0,768.0,0.0194800217644148,1.7937404939608535e-05,0,1,0,SSH-Bruteforce,SSH-Bruteforce,1,2
2026-08-31 10:13:06.000,32054,22,6,40945.0082352414,10,13,10120,19448,1012.0,1496.0,0.7221393099471747,0.0005617290357408,0,1,0,SSH-Bruteforce,SSH-Bruteforce,1,2
2026-08-31 10:13:06.500,59237,22,17,200921.91077925955,11,6,16060,3930,1460.0,655.0,0.0994913890748673,8.460998570649046e-05,0,1,0,SSH-Bruteforce,SSH-Bruteforce,1,2
2026-08-31 10:13:07.000,59253,22,6,142700.65743282434,7,8,2401,3280,343.0,410.0,0.0398106084569105,0.0001051151429068,0,0,0,SSH-Bruteforce,SSH-Bruteforce,1,2
2026-08-31 10:13:07.500,60369,22,6,2212006.406021946,16,7,18752,10192,1172.0,1456.0,0.0130849530639116,1.039779990567886e-05,1,0,0,SSH-Bruteforce,SSH-Bruteforce,1,2
2026-08-31 10:13:08.000,31897,22,6,246648.230320378,15,9,13440,5967,896.0,663.0,0.0786829079373685,9.73045700261166e-05,1,0,0,SSH-Bruteforce,SSH-Bruteforce,1,2
2026-08-31 10:13:08.500,63877,22,6,659528.5534958936,12,13,10800,16666,900.0,1282.0,0.0416448990024729,3.790586452566166e-05,1,0,0,SSH-Bruteforce,SSH-Bruteforce,1,2
2026-08-31 10:13:09.000,59651,22,6,577155.2624718474,11,10,9317,6710,847.0,671.0,0.0277689575783848,3.6385356532481576e-05,1,1,0,SSH-Bruteforce,SSH-Bruteforce,1,2
2026-08-31 10:13:09.500,1643,22,6,119180.14384206753,11,13,15983,10400,1453.0,800.0,0.221370768210751,0.0002013758267466,0,1,0,SSH-Bruteforce,SSH-Bruteforce,1,2
2026-08-31 10:13:10.000,34674,80,6,136559.43639142605,70,9,11130,7974,159.0,886.0,0.1398951292083723,0.0005785026804575,1,0,0,DoS-DoS attack-HOIC,DoS-DoS attack-HOIC,1,3
2026-08-31 10:13:10.500,26396,53,6,165144.88822423737,70,9,89110,8883,1273.0,987.0,0.5933759200648657,0.0004783678189781,1,0,0,DoS-DoS attack-HOIC,DoS-DoS attack-HOIC,1,3
2026-08-31 10:13:11.000,4666,443,6,264772.605401502,210,15,97860,17385,466.0,1159.0,0.4352602861647621,0.0008497857988378,0,0,0,DoS-DoS attack-HOIC,DoS-DoS attack-HOIC,1,3
2026-08-31 10:13:11.500,64636,22,6,133498.78350048963,90,10,88560,14950,984.0,1495.0,0.7753628705677812,0.0007490704961528,1,0,0,DoS-DoS attack-HOIC,DoS-DoS attack-HOIC,1,3
2026-08-31 10:13:12.000,29025,22,1,9923.570344335414,120,9,44280,2043,369.0,227.0,4.667977184216,0.0129993535989435,0,0,0,DoS-DoS attack-HOIC,DoS-DoS attack-HOIC,1,3
2026-08-31 10:13:12.500,35088,80,6,1057609.2121333105,80,6,103120,3240,1289.0,540.0,0.1005664462627503,8.13154793023367e-05,0,0,0,DoS-DoS attack-HOIC,DoS-DoS attack-HOIC,1,3
2026-08-31 10:13:13.000,30314,443,6,1684992.275703082,170,2,114580,1830,674.0,915.0,0.0690863701145073,0.000102077619274,0,1,0,DoS-DoS attack-HOIC,DoS-DoS attack-HOIC,1,3
2026-08-31 10:13:13.500,15146,443,6,208948.8267305845,130,7,157300,2898,1210.0,414.0,0.7666853291255378,0.0006556629301876,0,1,0,DoS-DoS attack-HOIC,DoS-DoS attack-HOIC,1,3
2026-08-31 10:13:14.000,25844,80,6,206627.84760868445,100,8,140300,3784,1403.0,473.0,0.6973116240648055,0.000522678822069,0,1,0,DoS-DoS attack-HOIC,DoS-DoS attack-HOIC,1,3
2026-08-31 10:13:14.500,3919,443,6,3558.539602992268,80,9,48240,13374,603.0,1486.0,17.314406104978175,0.0250102597354993,1,1,0,DoS-DoS attack-HOIC,DoS-DoS attack-HOIC,1,3
2026-08-31 10:13:15.000,56769,53,6,570108.9956198646,12,6,2628,7242,219.0,1207.0,0.017312478974473,3.15729099838415e-05,1,0,0,BENIGN,BENIGN,0,0
2026-08-31 10:13:15.500,51105,80,1,872743.0798369211,9,9,2961,4842,329.0,538.0,0.0089407755617708,2.0624626440071225e-05,1,0,0,BENIGN,BENIGN,0,0
2026-08-31 10:13:16.000,6390,53,6,79268.31725002745,7,6,1582,270,226.0,45.0,0.0233636850637916,0.0001639999491518,0,0,0,BENIGN,BENIGN,0,0
2026-08-31 10:13:16.500,9735,443,6,86978.13143735782,12,7,6300,9660,525.0,1380.0,0.1834943995050013,0.0002184457136964,0,0,0,BENIGN,BENIGN,0,0
2026-08-31 10:13:17.000,20620,80,6,780522.1276493059,16,15,22400,19395,1400.0,1293.0,0.0535474889422267,3.971700340253691e-05,1,1,0,BENIGN,BENIGN,0,0
2026-08-31 10:13:17.500,19817,443,6,478935.08517746266,9,6,10539,7110,1171.0,1185.0,0.0368505055191183,3.13194845479503e-05,0,0,0,BENIGN,BENIGN,0,0
2026-08-31 10:13:18.000,9223,80,6,22948.96810249533,11,5,13079,3280,1189.0,656.0,0.7128425086395407,0.0006971991037491,0,0,0,BENIGN,BENIGN,0,0
2026-08-31 10:13:18.500,11741,443,6,487154.5980434359,13,13,10556,9750,812.0,750.0,0.0416828663449721,5.337114768882478e-05,0,1,0,BENIGN,BENIGN,0,0
2026-08-31 10:13:19.000,37215,53,6,184748.1963060288,9,7,9873,3598,1097.0,514.0,0.0729154615234057,8.66043637721395e-05,1,0,0,BENIGN,BENIGN,0,0
2026-08-31 10:13:19.500,11235,53,17,230006.9707485566,10,9,13390,5517,1339.0,613.0,0.0822018564813285,8.260619205295617e-05,0,1,0,BENIGN,BENIGN,0,0
2026-08-31 10:13:20.000,46574,443,6,734254.452404648,14,8,3094,6680,221.0,835.0,0.0133114616708928,2.9962365127853752e-05,0,0,0,BENIGN,BENIGN,0,0
2026-08-31 10:13:20.500,64093,80,6,832832.7133928746,8,4,10416,2188,1302.0,547.0,0.0151338915933084,1.4408655912385036e-05,0,1,0,BENIGN,BENIGN,0,0
2026-08-31 10:13:21.000,24384,22,6,255710.08927252208,11,10,15521,6310,1411.0,631.0,0.085374026739633,8.212425273841302e-05,1,1,0,BENIGN,BENIGN,0,0
2026-08-31 10:13:21.500,57770,53,6,1470176.560891229,7,8,1295,1712,185.0,214.0,0.0020453325675092,1.020285617314215e-05,0,0,0,BENIGN,BENIGN,0,0
2026-08-31 10:13:22.000,22566,53,6,260827.62481919903,10,8,11070,5848,1107.0,731.0,0.0648627614160065,6.901109501643917e-05,1,0,0,BENIGN,BENIGN,0,0
2026-08-31 10:13:22.500,32336,445,6,738845.3823800264,14,8,7532,10672,538.0,1334.0,0.0246384432167843,2.977618934131269e-05,0,1,0,BENIGN,BENIGN,0,0
2026-08-31 10:13:23.000,46266,22,6,330705.34120651934,14,9,11788,7443,842.0,827.0,0.058151464773014,6.954831728871728e-05,0,0,0,BENIGN,BENIGN,0,0
2026-08-31 10:13:23.500,37459,443,17,1139103.955424943,13,10,17654,6110,1358.0,611.0,0.0208620116597929,2.0191309046256387e-05,1,1,0,BENIGN,BENIGN,0,0
2026-08-31 10:13:24.000,29271,80,6,1191687.4429382612,9,9,5130,2025,570.0,225.0,0.0060040911250171,1.5104631761049356e-05,1,0,0,BENIGN,BENIGN,0,0
2026-08-31 10:13:24.500,61169,445,6,45738.01411241316,11,14,2750,8764,250.0,626.0,0.2517380831005024,0.0005465912869126,1,1,0,BENIGN,BENIGN,0,0
2026-08-31 10:13:25.000,23381,443,17,1378305.1799304849,8,10,7456,11570,932.0,1157.0,0.0138039095237395,1.3059517051787644e-05,0,0,0,BENIGN,BENIGN,0,0
2026-08-31 10:13:25.500,56412,8080,6,873015.111074391,14,12,20510,6636,1465.0,553.0,0.0310945362289105,2.9781844174157347e-05,1,1,0,BENIGN,BENIGN,0,0
2026-08-31 10:13:26.000,42069,53,6,783454.4022810765,12,11,15528,13651,1294.0,1241.0,0.0372440309412661,2.935716479828372e-05,1,1,0,BENIGN,BENIGN,0,0
2026-08-31 10:13:26.500,28715,8080,6,112141.6876368514,8,7,11216,4851,1402.0,693.0,0.1432741056171461,0.0001337593567098,1,0,0,BENIGN,BENIGN,0,0
2026-08-31 10:13:27.000,13448,53,6,817683.617150949,8,5,352,2975,44.0,595.0,0.0040688108825655,1.5898569724482007e-05,0,0,0,BENIGN,BENIGN,0,0
2026-08-31 10:13:27.500,19876,53,6,949002.6372696992,12,9,4200,3006,350.0,334.0,0.0075932349573399,2.21284948798416e-05,1,1,0,BENIGN,BENIGN,0,0
2026-08-31 10:13:28.000,23625,8080,1,170647.15619972593,11,11,2211,14234,201.0,1294.0,0.0963684386265953,0.0001289209881292,0,1,0,BENIGN,BENIGN,0,0
2026-08-31 10:13:28.500,53795,8080,6,1520993.649756171,9,5,2295,6495,255.0,1299.0,0.0057791168302059,9.204509172114086e-06,0,1,0,BENIGN,BENIGN,0,0
2026-08-31 10:13:29.000,19044,443,6,25573.04545292274,3,12,2475,13872,825.0,1156.0,0.6392277378031026,0.0005865550906616,0,0,0,BENIGN,BENIGN,0,0
2026-08-31 10:13:29.500,9179,445,6,81206.08715529733,13,12,11375,996,875.0,83.0,0.1523407965072676,0.0003078586947442,1,1,0,BENIGN,BENIGN,0,0
2026-08-31 10:13:30.000,4607,445,6,385642.0855224157,14,7,17276,4046,1234.0,578.0,0.0552896086809688,5.445463757153863e-05,1,1,0,BENIGN,BENIGN,0,0
2026-08-31 10:13:30.500,16539,8080,6,428766.2442969724,10,6,2910,468,291.0,78.0,0.0078784187068176,3.731637042897646e-05,1,0,0,BENIGN,BENIGN,0,0
2026-08-31 10:13:31.000,37801,443,6,518030.1743803973,13,13,14313,18824,1101.0,1448.0,0.0639673162649157,5.019012653190721e-05,1,1,0,BENIGN,BENIGN,0,0
2026-08-31 10:13:31.500,20734,445,1,8557.377382997189,7,9,1869,13482,267.0,1498.0,1.79389073252306,0.0018697317256445,0,0,0,BENIGN,BENIGN,0,0
2026-08-31 10:13:32.000,44202,443,6,1614043.7439062418,9,11,8532,3608,948.0,328.0,0.0075214814008349,1.2391237892644046e-05,1,1,0,BENIGN,BENIGN,0,0
2026-08-31 10:13:32.500,25556,443,6,22806.35749144228,12,7,16092,2009,1341.0,287.0,0.7936822001871753,0.0008331010332885,1,0,0,BENIGN,BENIGN,0,0
2026-08-31 10:13:33.000,64215,53,6,77194.82661154764,12,7,3888,2786,324.0,398.0,0.0864565708880945,0.0002461304834992,0,0,0,BENIGN,BENIGN,0,0
2026-08-31 10:13:33.500,19625,445,6,7056.82407257717,13,11,8944,2728,688.0,248.0,1.654001837571294,0.0034009633397627,1,0,0,BENIGN,BENIGN,0,0
2026-08-31 10:13:34.000,64251,445,6,418345.3302603049,11,6,4455,978,405.0,163.0,0.012986878559131,4.063628483438745e-05,0,0,0,BENIGN,BENIGN,0,0
2026-08-31 10:13:34.500,5991,53,6,1346090.0297228664,15,10,16965,10140,1131.0,1014.0,0.020136097438727,1.857230901930184e-05,0,0,0,BENIGN,BENIGN,0,0
2026-08-31 10:13:35.000,19777,8080,6,548228.0565637972,10,11,11670,4862,1167.0,442.0,0.0301553337188145,3.830522671758442e-05,1,0,0,BENIGN,BENIGN,0,0
2026-08-31 10:13:35.500,21046,53,6,864836.1050912512,12,14,17568,4522,1464.0,323.0,0.0255424118739975,3.0063499715886672e-05,0,1,0,BENIGN,BENIGN,0,0
2026-08-31 10:13:36.000,44487,445,6,6685.093697652344,16,5,20944,3510,1309.0,702.0,3.657989112704256,0.0031413172228179,0,0,0,BENIGN,BENIGN,0,0
2026-08-31 10:13:36.500,10159,445,6,390459.7491099998,13,7,3003,4305,231.0,615.0,0.018716397827101,5.122166893021644e-05,0,1,0,BENIGN,BENIGN,0,0
2026-08-31 10:13:37.000,6746,8080,17,307688.58290776063,18,10,12294,2800,683.0,280.0,0.0490560938493916,9.10011016154079e-05,1,0,0,BENIGN,BENIGN,0,0
2026-08-31 10:13:37.500,28437,53,6,345542.5981764517,12,10,16308,2060,1359.0,206.0,0.0531569771611452,6.366798222698144e-05,1,0,0,BENIGN,BENIGN,0,0
2026-08-31 10:13:38.000,28260,80,6,37476.6490818049,9,10,10863,6000,1207.0,600.0,0.4499601861065926,0.0005069823599611,1,1,0,BENIGN,BENIGN,0,0
2026-08-31 10:13:38.500,16538,80,6,576695.8701168254,12,7,11352,1309,946.0,187.0,0.0219543795193394,3.294630841698515e-05,0,0,0,BENIGN,BENIGN,0,0
2026-08-31 10:13:39.000,44920,8080,1,349804.4209589068,6,6,4620,4440,770.0,740.0,0.0259001872386436,3.4304883759792875e-05,1,1,0,BENIGN,BENIGN,0,0
2026-08-31 10:13:39.500,38236,53,17,724401.68459389,13,11,845,7282,65.0,662.0,0.0112189137224935,3.313078987816468e-05,1,1,0,BENIGN,BENIGN,0,0
2026-08-31 10:13:40.000,41410,53,6,332076.4378004646,16,12,21024,3648,1314.0,304.0,0.0742961474854224,8.431793651069346e-05,0,1,0,BENIGN,BENIGN,0,0
2026-08-31 10:13:40.500,21355,443,17,80895.85359779549,9,10,6759,5400,751.0,540.0,0.1503043661415583,0.000234869887054,1,0,0,BENIGN,BENIGN,0,0
2026-08-31 10:13:41.000,19084,445,6,522427.1765635617,10,11,6540,3498,654.0,318.0,0.0192141612269027,4.019699001444088e-05,1,1,0,BENIGN,BENIGN,0,0
2026-08-31 10:13:41.500,2220,22,6,94604.42719912356,12,6,2784,4728,232.0,788.0,0.0794043177640586,0.0001902659371343,0,1,0,BENIGN,BENIGN,0,0
2026-08-31 10:13:42.000,13321,8080,6,1029406.1510209552,13,9,5460,8478,420.0,942.0,0.0135398452651958,2.1371545116538208e-05,1,1,0,BENIGN,BENIGN,0,0
2026-08-31 10:13:42.500,3811,22,6,474815.4952106525,6,7,6390,1386,1065.0,198.0,0.0163768876084939,2.7379055929838052e-05,0,0,0,BENIGN,BENIGN,0,0
2026-08-31 10:13:43.000,24840,22,6,85515.1024925334,15,10,16620,11230,1108.0,1123.0,0.3256734680189962,0.000292346021561,1,0,0,BENIGN,BENIGN,0,0
2026-08-31 10:13:43.500,59829,8080,17,1639552.588329341,17,12,16626,6456,978.0,538.0,0.0140782309540794,1.7687752260129286e-05,1,0,0,BENIGN,BENIGN,0,0
2026-08-31 10:13:44.000,41719,53,6,365284.8376075648,12,6,504,8280,42.0,1380.0,0.0240469877077033,4.927661415512984e-05,1,0,0,BENIGN,BENIGN,0,0
2026-08-31 10:13:44.500,20726,8080,6,37846.087254683,9,12,8721,6324,969.0,527.0,0.3975311871681807,0.0005548790249605,0,0,0,BENIGN,BENIGN,0,0
2026-08-31 10:13:45.000,26266,22,6,492864.4911053797,7,12,8386,6048,1198.0,504.0,0.0292859401725919,3.8550149873856695e-05,1,1,0,BENIGN,BENIGN,0,0
2026-08-31 10:13:45.500,56865,445,6,145978.20187743075,11,9,14894,2403,1354.0,267.0,0.1184902935942337,0.0001370067567719,1,1,0,BENIGN,BENIGN,0,0
2026-08-31 10:13:46.000,63986,445,6,814038.9102622789,11,6,3487,4230,317.0,705.0,0.0094798908290745,2.088352262462965e-05,0,1,0,BENIGN,BENIGN,0,0
2026-08-31 10:13:46.500,3200,445,6,851385.7258470943,14,11,3010,15609,215.0,1419.0,0.0218690535142061,2.936389375665463e-05,1,1,0,BENIGN,BENIGN,0,0
2026-08-31 10:13:47.000,21151,53,6,1930364.557068606,14,7,4494,6027,321.0,861.0,0.0054502658378282,1.087877412740171e-05,0,0,0,BENIGN,BENIGN,0,0
2026-08-31 10:13:47.500,42584,80,17,348446.6251876125,10,8,11830,6704,1183.0,838.0,0.0531903558815899,5.165783996269662e-05,1,0,0,BENIGN,BENIGN,0,0
2026-08-31 10:13:48.000,28252,8080,6,303445.18384153827,11,6,13607,4752,1237.0,792.0,0.0605018664886182,5.6023298126614245e-05,1,0,0,BENIGN,BENIGN,0,0
2026-08-31 10:13:48.500,54598,445,6,700147.1633450079,6,8,2988,10320,498.0,1290.0,0.0190074325749316,1.999579621648961e-05,1,0,0,BENIGN,BENIGN,0,0
2026-08-31 10:13:49.000,21232,8080,6,71052.9710953729,8,11,7920,13552,990.0,1232.0,0.3021970744637352,0.0002674061296018,1,1,0,BENIGN,BENIGN,0,0
2026-08-31 10:13:49.500,29506,445,6,395838.3335604154,10,13,3800,17511,380.0,1347.0,0.0538376357028822,5.810452917114594e-05,1,1,0,BENIGN,BENIGN,0,0
2026-08-31 10:13:50.000,10195,53,6,395101.8022246207,12,9,8832,2709,736.0,301.0,0.029210193258361,5.315085854133793e-05,1,1,0,BENIGN,BENIGN,0,0
2026-08-31 10:13:50.500,36243,80,6,46865.93054813526,11,7,8415,6293,765.0,899.0,0.3138313872111283,0.0003840743112456,0,0,0,BENIGN,BENIGN,0,0
2026-08-31 10:13:51.000,34420,80,17,270628.7435673569,7,11,1120,4433,160.0,403.0,0.0205188847518435,6.651178201570024e-05,1,1,0,BENIGN,BENIGN,0,0
2026-08-31 10:13:51.500,43613,445,6,959630.9883097616,10,6,6140,822,614.0,137.0,0.0072548720130327,1.667307558295376e-05,0,1,0,BENIGN,BENIGN,0,0
2026-08-31 10:13:52.000,41570,53,1,969504.6841351824,7,3,2205,3225,315.0,1075.0,0.0056007981073218,1.0314545317351464e-05,1,0,0,BENIGN,BENIGN,0,0
2026-08-31 10:13:52.500,4720,443,17,52256.91760738074,10,6,10080,4938,1008.0,823.0,0.2873877887318211,0.0003061795591762,0,0,0,BENIGN,BENIGN,0,0
2026-08-31 10:13:53.000,61798,8080,6,47551.58612724009,19,6,19494,3732,1026.0,622.0,0.4884379657277199,0.0005257448180139,0,1,0,BENIGN,BENIGN,0,0
2026-08-31 10:13:53.500,21082,8080,17,152377.13973150594,15,13,1020,12558,68.0,966.0,0.0891078545182948,0.000183754597622,0,0,0,BENIGN,BENIGN,0,0
2026-08-31 10:13:54.000,21337,22,6,1038785.8955925902,8,16,5792,23680,724.0,1480.0,0.0283715827532521,2.3103894750205305e-05,1,1,0,BENIGN,BENIGN,0,0
2026-08-31 10:13:54.500,20173,53,17,69000.73287920482,11,10,14377,1740,1307.0,174.0,0.2335772291850759,0.0003043445934656,1,1,0,BENIGN,BENIGN,0,0
2026-08-31 10:13:55.000,54545,22,6,636477.128345197,8,8,2880,2384,360.0,298.0,0.0082705249968736,2.513837385067972e-05,0,1,0,BENIGN,BENIGN,0,0
2026-08-31 10:13:55.500,46764,445,17,53328.243985367975,10,10,6820,9550,682.0,955.0,0.3069667923328185,0.0003750357878226,0,1,0,BENIGN,BENIGN,0,0
2026-08-31 10:13:56.000,42099,22,17,487937.9091062655,13,12,5083,6672,391.0,556.0,0.0240911800054441,5.123602723403689e-05,0,1,0,BENIGN,BENIGN,0,0
2026-08-31 10:13:56.500,5980,80,17,220080.5300381365,8,7,4568,9499,571.0,1357.0,0.0639175123620578,6.815686965457221e-05,0,0,0,BENIGN,BENIGN,0,0
2026-08-31 10:13:57.000,11219,8080,6,777744.7350806756,15,8,17160,1520,1144.0,190.0,0.0240181632316959,2.957268492125309e-05,0,0,0,BENIGN,BENIGN,0,0
2026-08-31 10:13:57.500,18100,22,6,133084.53853426472,10,6,13560,7926,1356.0,1321.0,0.1614462523973333,0.0001202243339084,0,0,0,BENIGN,BENIGN,0,0
2026-08-31 10:13:58.000,53338,80,6,509718.2805889042,10,12,3330,10884,333.0,907.0,0.0278859922059278,4.3161096702575854e-05,1,1,0,BENIGN,BENIGN,0,0
2026-08-31 10:13:58.500,2129,53,6,134386.02273236812,10,6,4970,7272,497.0,1212.0,0.0910957832532121,0.0001190600009844,1,1,0,BENIGN,BENIGN,0,0
2026-08-31 10:13:59.000,64835,22,6,625288.175888835,11,8,8646,8104,786.0,1013.0,0.0267876487124074,3.0385989584223323e-05,0,0,0,BENIGN,BENIGN,0,0
2026-08-31 10:13:59.500,53184,445,6,1034460.6749735142,15,10,11580,1810,772.0,181.0,0.0129439429876958,2.4167182575981844e-05,1,0,0,BENIGN,BENIGN,0,0
2026-08-31 10:14:00.000,52337,445,6,67796.35734592118,12,8,13476,2320,1123.0,290.0,0.2329918688267167,0.0002950011000591,0,0,0,BENIGN,BENIGN,0,0
2026-08-31 10:14:00.500,64256,445,1,1007185.4133244184,13,7,7566,6979,582.0,997.0,0.0144412337663299,1.9857316969859e-05,0,1,0,BENIGN,BENIGN,0,0
2026-08-31 10:14:01.000,16441,8080,6,450178.2474214858,16,11,6704,10406,419.0,946.0,0.0380071673778596,5.997624308604388e-05,1,0,0,BENIGN,BENIGN,0,0
2026-08-31 10:14:01.500,25753,22,17,67973.14785977163,8,2,2904,1366,363.0,683.0,0.0628189238518246,0.0001471169176857,0,0,0,BENIGN,BENIGN,0,0
2026-08-31 10:14:02.000,47980,53,6,278907.82801250875,15,11,16875,12210,1125.0,1110.0,0.1042817629258248,9.32207610820508e-05,1,1,0,BENIGN,BENIGN,0,0
2026-08-31 10:14:02.500,31123,22,17,87689.0354323509,8,9,7872,12915,984.0,1435.0,0.2370535825276117,0.0001938668832909,0,0,0,BENIGN,BENIGN,0,0
2026-08-31 10:14:03.000,53875,8080,17,602566.5533858866,8,11,9672,1463,1209.0,133.0,0.0184792865406259,3.1531786643187594e-05,0,0,0,BENIGN,BENIGN,0,0
2026-08-31 10:14:03.500,33622,80,6,711205.6675187441,10,6,8820,4800,882.0,800.0,0.0191505785482924,2.2497008573618183e-05,1,1,0,BENIGN,BENIGN,0,0
2026-08-31 10:14:04.000,30985,8080,6,55910.96187404582,11,10,4411,3950,401.0,395.0,0.1495413371234775,0.0003755971868906,1,1,0,BENIGN,BENIGN,0,0
2026-08-31 10:14:04.500,13626,445,6,352751.452248032,14,12,1288,6852,92.0,571.0,0.0230757377408207,7.37062876242432e-05,1,0,0,BENIGN,BENIGN,0,0
2026-08-31 10:14:05.000,53962,80,6,842687.3903771268,13,7,5733,5117,441.0,731.0,0.012875474492404,2.3733593534385385e-05,0,1,0,BENIGN,BENIGN,0,0
2026-08-31 10:14:05.500,10280,445,6,1375711.4851591203,18,5,12960,6675,720.0,1335.0,0.014272614724581,1.6718621780767165e-05,1,0,0,BENIGN,BENIGN,0,0
2026-08-31 10:14:06.000,21608,443,6,360277.55154531164,15,10,15480,14920,1032.0,1492.0,0.0843793899141474,6.939094565308179e-05,0,0,0,BENIGN,BENIGN,0,0
2026-08-31 10:14:06.500,48004,8080,6,1500666.198622234,13,4,11804,2748,908.0,687.0,0.0096970265694418,1.1328302067104908e-05,0,0,0,BENIGN,BENIGN,0,0
2026-08-31 10:14:07.000,35705,8080,6,383600.31451424106,8,2,5968,1482,746.0,741.0,0.0194212562344737,2.606880031472984e-05,1,0,0,BENIGN,BENIGN,0,0
2026-08-31 10:14:07.500,26816,53,6,250594.8449274814,6,11,6876,8393,1146.0,763.0,0.0609310219602056,6.783858624163307e-05,0,1,0,BENIGN,BENIGN,0,0
2026-08-31 10:14:08.000,22928,22,6,942606.0119679295,12,8,5016,7648,418.0,956.0,0.013435093601224,2.1217772585634943e-05,1,1,0,BENIGN,BENIGN,0,0
2026-08-31 10:14:08.500,44385,80,6,339605.0871559142,13,11,8905,1133,685.0,103.0,0.0295578611138293,7.067031945924528e-05,1,1,0,BENIGN,BENIGN,0,0
2026-08-31 10:14:09.000,65527,80,1,319237.1866186152,11,7,10692,6755,972.0,965.0,0.0546521543566194,5.638440869027051e-05,0,0,0,BENIGN,BENIGN,0,0
2026-08-31 10:14:09.500,35564,53,6,336978.73269451514,17,11,2040,13497,120.0,1227.0,0.0461067672588817,8.309129711325794e-05,0,0,0,BENIGN,BENIGN,0,0
2026-08-31 10:14:10.000,27560,53,1,937956.5637224464,21,6,16170,217800,770.0,36300.0,0.2494465192172164,2.878598118931848e-05,1,0,1,Data-Exfiltration,Data-Exfiltration,1,5
2026-08-31 10:14:10.500,20188,22,6,891721.6969812546,9,12,4977,229800,553.0,19150.0,0.2632850594441716,2.3549948454608428e-05,1,1,1,Data-Exfiltration,Data-Exfiltration,1,5
2026-08-31 10:14:11.000,64067,445,6,258354.7771254817,13,8,17836,161000,1372.0,20125.0,0.6922109278676822,8.128357537196832e-05,0,0,1,Data-Exfiltration,Data-Exfiltration,1,5
2026-08-31 10:14:11.500,14020,22,6,202707.4495872208,11,10,10560,240500,960.0,24050.0,1.2385336626693082,0.0001035975739506,1,0,1,Data-Exfiltration,Data-Exfiltration,1,5
2026-08-31 10:14:12.000,57599,8080,6,338566.0782388388,13,9,10426,155700,802.0,17300.0,0.4906752645133603,6.497992980806091e-05,0,0,1,Data-Exfiltration,Data-Exfiltration,1,5
2026-08-31 10:14:12.500,63114,445,6,425219.321770099,10,8,5330,188800,533.0,23600.0,0.4565408721017475,4.233109616149722e-05,0,1,1,Data-Exfiltration,Data-Exfiltration,1,5
2026-08-31 10:14:13.000,3895,443,6,136125.67743746913,7,5,9093,135000,1299.0,27000.0,1.0585291673248456,8.81538312610477e-05,1,0,1,Data-Exfiltration,Data-Exfiltration,1,5
2026-08-31 10:14:13.500,47026,22,6,789830.5492988002,10,11,9800,177650,980.0,16150.0,0.2373293868717056,2.658798145801984e-05,0,0,1,Data-Exfiltration,Data-Exfiltration,1,5
2026-08-31 10:14:14.000,50836,53,6,333235.8439125339,14,10,15400,196250,1100.0,19625.0,0.6351357570321922,7.202106387324645e-05,1,1,1,Data-Exfiltration,Data-Exfiltration,1,5
2026-08-31 10:14:14.500,23650,445,6,203267.0009007404,10,9,7800,220275,780.0,24475.0,1.1220463674777856,9.347311622088316e-05,1,1,1,Data-Exfiltration,Data-Exfiltration,1,5
2026-08-31 10:14:15.000,61003,22,6,56484.13119340875,14,11,5096,375100,364.0,34100.0,6.731023243162774,0.0004426021869747,0,0,1,Data-Exfiltration,Data-Exfiltration,1,5
2026-08-31 10:14:15.500,11545,80,6,136459.2366140808,8,9,8952,28575,1119.0,3175.0,0.2750052024941319,0.0001245793280145,0,0,1,Data-Exfiltration,Data-Exfiltration,1,5
2026-08-31 10:14:16.000,62322,443,6,1490729.035782253,8,18,9472,270900,1184.0,15050.0,0.1880771040667329,1.7441130732509153e-05,0,1,1,Data-Exfiltration,Data-Exfiltration,1,5
2026-08-31 10:14:16.500,44434,8080,6,181993.4389888621,10,15,3530,490500,353.0,32700.0,2.7145484074461,0.0001373675893896,1,1,1,Data-Exfiltration,Data-Exfiltration,1,5
2026-08-31 10:14:17.000,2156,80,6,92478.08579302947,10,12,12740,352800,1274.0,29400.0,3.95272022367082,0.0002378941974086,1,1,1,Data-Exfiltration,Data-Exfiltration,1,5
2026-08-31 10:14:17.500,34491,80,1,308716.41334387736,10,11,1420,132275,142.0,12025.0,0.433067353133399,6.80235941194613e-05,1,0,1,Data-Exfiltration,Data-Exfiltration,1,5
2026-08-31 10:14:18.000,15558,443,6,183425.95080194483,11,15,5258,401625,478.0,26775.0,2.218241193238528,0.0001417465733987,1,1,1,Data-Exfiltration,Data-Exfiltration,1,5
2026-08-31 10:14:18.500,24878,8080,6,17896.10872461834,7,7,5992,104650,856.0,14950.0,6.18246131830734,0.0007822929670134,1,0,1,Data-Exfiltration,Data-Exfiltration,1,5
2026-08-31 10:14:19.000,44022,53,1,195149.26511490264,8,11,6288,319825,786.0,29075.0,1.6710951988021876,9.736137098871116e-05,1,1,1,Data-Exfiltration,Data-Exfiltration,1,5
2026-08-31 10:14:19.500,64838,445,6,392750.3541189624,9,8,693,281600,77.0,35200.0,0.718759377381254,4.32844931170143e-05,0,0,1,Data-Exfiltration,Data-Exfiltration,1,5
2026-08-31 10:14:20.000,40089,8080,6,401160.1129185016,4,6,3408,118800,852.0,19800.0,0.3046364682367637,2.492770262476791e-05,0,0,1,Data-Exfiltration,Data-Exfiltration,1,5
2026-08-31 10:14:20.500,46631,22,6,220462.40986930332,13,5,19201,117500,1477.0,23500.0,0.6200648903132274,8.164657190245933e-05,0,1,1,Data-Exfiltration,Data-Exfiltration,1,5
2026-08-31 10:14:21.000,8836,80,6,296472.4535213181,14,10,18018,130000,1287.0,13000.0,0.4992639222866754,8.095187162966808e-05,1,1,1,Data-Exfiltration,Data-Exfiltration,1,5
2026-08-31 10:14:21.500,62868,22,6,1683657.7294936737,12,3,12672,55650,1056.0,18550.0,0.040579506631755,8.909174196837416e-06,0,0,1,Data-Exfiltration,Data-Exfiltration,1,5
2026-08-31 10:14:22.000,5581,53,6,236884.1350954555,11,6,14916,210750,1356.0,35125.0,0.95264294461737,7.176504240113835e-05,1,1,1,Data-Exfiltration,Data-Exfiltration,1,5
2026-08-31 10:14:22.500,3203,22,6,149355.88039591536,11,7,2134,171850,194.0,24550.0,1.1648955469791415,0.000120517517965,0,0,1,Data-Exfiltration,Data-Exfiltration,1,5
2026-08-31 10:14:23.000,44822,8080,6,139504.59150513838,10,8,10950,259400,1095.0,32425.0,1.9379290463759604,0.0001290280112253,0,0,1,Data-Exfiltration,Data-Exfiltration,1,5
2026-08-31 10:14:23.500,10089,22,1,306027.5389584907,8,5,10376,104000,1297.0,20800.0,0.373744142064863,4.247983708857819e-05,0,1,1,Data-Exfiltration,Data-Exfiltration,1,5
2026-08-31 10:14:24.000,9299,53,17,712559.4856973817,9,6,4752,194700,528.0,32450.0,0.2799092623151277,2.1050874068582497e-05,0,0,1,Data-Exfiltration,Data-Exfiltration,1,5
2026-08-31 10:14:24.500,51598,53,6,115328.4682355045,14,9,19544,37125,1396.0,4125.0,0.4913704383844442,0.0001994303778581,1,1,1,Data-Exfiltration,Data-Exfiltration,1,5
2026-08-31 10:14:25.000,48881,53,6,617725.0744884366,19,5,20520,91125,1080.0,18225.0,0.1807357424994451,3.885223538883679e-05,1,0,1,Data-Exfiltration,Data-Exfiltration,1,5
2026-08-31 10:14:25.500,61043,8080,6,10688.342646065475,16,6,23632,77400,1477.0,12900.0,9.452541263978455,0.0020583172441159,0,0,1,Data-Exfiltration,Data-Exfiltration,1,5
2026-08-31 10:14:26.000,36972,53,6,271444.58623667486,13,8,3627,144800,279.0,18100.0,0.5468040532778103,7.736385643335793e-05,0,1,1,Data-Exfiltration,Data-Exfiltration,1,5
2026-08-31 10:14:26.500,21724,80,6,747753.5105010256,8,12,10792,123300,1349.0,10275.0,0.1793264733834008,2.674678181896025e-05,1,0,1,Data-Exfiltration,Data-Exfiltration,1,5
2026-08-31 10:14:27.000,62343,53,6,206798.76018768095,13,12,5005,354900,385.0,29575.0,1.7403634318501875,0.0001208904733089,1,0,1,Data-Exfiltration,Data-Exfiltration,1,5
2026-08-31 10:14:27.500,40488,22,17,414755.1195076277,14,4,20132,58100,1438.0,14525.0,0.1886221442932062,4.339910263418695e-05,0,0,1,Data-Exfiltration,Data-Exfiltration,1,5
2026-08-31 10:14:28.000,43375,445,6,114693.52121871297,14,11,770,164725,55.0,14975.0,1.4429324187369106,0.0002179722074287,0,1,1,Data-Exfiltration,Data-Exfiltration,1,5
2026-08-31 10:14:28.500,28818,22,6,677388.9151840154,7,9,4382,49050,626.0,5450.0,0.0788793539449877,2.3620108981879837e-05,0,1,1,Data-Exfiltration,Data-Exfiltration,1,5
2026-08-31 10:14:29.000,29807,445,6,26847.616402905347,10,10,9890,289250,989.0,28925.0,11.142143697203853,0.0007449450890689,0,0,1,Data-Exfiltration,Data-Exfiltration,1,5
2026-08-31 10:14:29.500,18022,22,6,957108.1314024368,14,9,4186,136350,299.0,15150.0,0.1468339839434926,2.403072259563621e-05,0,0,1,Data-Exfiltration,Data-Exfiltration,1,5
2026-08-31 10:14:30.000,14893,8080,17,110445.7859756723,9,5,3600,3935,400.0,787.0,0.0682235173823425,0.0001267590236699,1,0,0,Reconnaissance-PortScan,Reconnaissance-PortScan,1,1
2026-08-31 10:14:30.500,61339,22,6,1037318.6769794064,9,6,13158,5940,1462.0,990.0,0.0184109285060091,1.4460358550117175e-05,1,0,0,Reconnaissance-PortScan,Reconnaissance-PortScan,1,1
2026-08-31 10:14:31.000,45549,8080,6,217340.8233689405,14,9,6986,3069,499.0,341.0,0.0462637430174302,0.0001058245737842,1,0,0,Reconnaissance-PortScan,Reconnaissance-PortScan,1,1
2026-08-31 10:14:31.500,29176,8080,6,641298.047170358,12,9,11640,13329,970.0,1481.0,0.0389350943914191,3.27460844334896e-05,1,0,0,Reconnaissance-PortScan,Reconnaissance-PortScan,1,1
2026-08-31 10:14:32.000,21978,53,6,192261.93066188236,13,11,14924,6875,1148.0,625.0,0.1133817803858558,0.0001248297045396,1,0,0,Reconnaissance-PortScan,Reconnaissance-PortScan,1,1
2026-08-31 10:14:32.500,32579,80,6,1181760.6351034767,8,8,9008,11840,1126.0,1480.0,0.017641474407377,1.3539120803819654e-05,1,0,0,Reconnaissance-PortScan,Reconnaissance-PortScan,1,1
2026-08-31 10:14:33.000,64377,445,6,67702.07286243115,11,7,1529,8295,139.0,1185.0,0.1451063399271548,0.0002658707368372,1,0,0,Reconnaissance-PortScan,Reconnaissance-PortScan,1,1
2026-08-31 10:14:33.500,17678,53,6,98323.71549431606,18,6,14292,576,794.0,96.0,0.151214790081314,0.0002440916708334,1,0,0,Reconnaissance-PortScan,Reconnaissance-PortScan,1,1
2026-08-31 10:14:34.000,46050,53,6,339651.8478077383,13,10,4342,10630,334.0,1063.0,0.0440804314659114,6.771639885893424e-05,1,0,0,Reconnaissance-PortScan,Reconnaissance-PortScan,1,1
2026-08-31 10:14:34.500,36260,8080,6,42745.41536937936,15,9,18375,10818,1225.0,1202.0,0.6829504343542505,0.0005614637215942,1,0,0,Reconnaissance-PortScan,Reconnaissance-PortScan,1,1
2026-08-31 10:14:35.000,48000,8080,6,109065.6821067724,8,14,7744,17668,968.0,1262.0,0.2329972133011771,0.000201713312318,1,0,0,Reconnaissance-PortScan,Reconnaissance-PortScan,1,1
2026-08-31 10:14:35.500,16066,445,6,1439120.259820358,10,8,12410,6080,1241.0,760.0,0.0128481270927139,1.250764130172264e-05,1,0,0,Reconnaissance-PortScan,Reconnaissance-PortScan,1,1
2026-08-31 10:14:36.000,26990,22,6,1875157.501714209,12,9,4404,12816,367.0,1424.0,0.0091832286003528,1.1199059268723016e-05,1,0,0,Reconnaissance-PortScan,Reconnaissance-PortScan,1,1
2026-08-31 10:14:36.500,49431,22,6,236010.2944353116,15,9,20865,4041,1391.0,449.0,0.1055292950612001,0.0001016904794615,1,0,0,Reconnaissance-PortScan,Reconnaissance-PortScan,1,1
2026-08-31 10:14:37.000,45338,53,1,1283835.665928019,15,7,12045,4795,803.0,685.0,0.0131169435830372,1.7136149574039108e-05,1,0,0,Reconnaissance-PortScan,Reconnaissance-PortScan,1,1
2026-08-31 10:14:37.500,46119,443,17,393536.3030303842,7,13,7735,16978,1105.0,1306.0,0.0627972560830404,5.082123261687403e-05,1,0,0,Reconnaissance-PortScan,Reconnaissance-PortScan,1,1
2026-08-31 10:14:38.000,15294,443,1,157179.01028996246,17,10,4777,11530,281.0,1153.0,0.1037479493532852,0.0001717786614667,1,0,0,Reconnaissance-PortScan,Reconnaissance-PortScan,1,1
2026-08-31 10:14:38.500,31932,22,6,606000.3392941046,11,10,15455,1010,1405.0,101.0,0.0271699517840327,3.465344594380124e-05,1,0,0,Reconnaissance-PortScan,Reconnaissance-PortScan,1,1
2026-08-31 10:14:39.000,16547,443,6,537792.4429459355,12,8,13848,10200,1154.0,1275.0,0.0447161359646892,3.718906850024056e-05,1,0,0,Reconnaissance-PortScan,Reconnaissance-PortScan,1,1
2026-08-31 10:14:39.500,63457,22,6,2260659.022884858,9,11,9819,3157,1091.0,287.0,0.0057399191424205,8.846977716431228e-06,1,0,0,Reconnaissance-PortScan,Reconnaissance-PortScan,1,1
2026-08-31 10:14:40.000,48092,22,6,153974.55922512934,13,11,6474,5896,498.0,536.0,0.0803379471352159,0.0001558699055169,1,1,0,SSH-Bruteforce,SSH-Bruteforce,1,2
2026-08-31 10:14:40.500,21015,22,17,557461.5488044749,14,9,9884,855,706.0,95.0,0.0192641089288365,4.125845100691327e-05,1,0,0,SSH-Bruteforce,SSH-Bruteforce,1,2
2026-08-31 10:14:41.000,11799,22,6,26712.917544506567,18,7,26064,3486,1448.0,498.0,1.1062063864684375,0.0009358768075029,0,0,0,SSH-Bruteforce,SSH-Bruteforce,1,2
2026-08-31 10:14:41.500,13289,22,6,60319.4516504489,6,11,1554,10538,259.0,958.0,0.2004660133196908,0.0002818328007306,1,0,0,SSH-Bruteforce,SSH-Bruteforce,1,2
2026-08-31 10:14:42.000,20483,22,6,1963.0359475714429,11,8,9878,10816,898.0,1352.0,10.541834407150365,0.0096788853646398,1,0,0,SSH-Bruteforce,SSH-Bruteforce,1,2
2026-08-31 10:14:42.500,62274,22,6,3762601.7180160936,5,16,1515,23232,303.0,1452.0,0.0065770979376957,5.581244461616005e-06,0,1,0,SSH-Bruteforce,SSH-Bruteforce,1,2
2026-08-31 10:14:43.000,17697,22,6,810435.756691717,12,6,1920,8904,160.0,1484.0,0.0133557779385884,2.2210273733794484e-05,0,0,0,SSH-Bruteforce,SSH-Bruteforce,1,2
2026-08-31 10:14:43.500,58296,22,6,772581.7788744434,16,11,17744,6556,1109.0,596.0,0.0314529809842106,3.49477566491229e-05,0,0,0,SSH-Bruteforce,SSH-Bruteforce,1,2
2026-08-31 10:14:44.000,28080,22,6,356395.5070262075,10,6,13430,6018,1343.0,1003.0,0.0545685891545883,4.4893944183124906e-05,1,0,0,SSH-Bruteforce,SSH-Bruteforce,1,2
2026-08-31 10:14:44.500,7638,22,6,178385.39062651907,10,8,11780,9152,1178.0,1144.0,0.1173414477794954,0.0001009051242132,1,0,0,SSH-Bruteforce,SSH-Bruteforce,1,2
2026-08-31 10:14:45.000,37044,22,6,82003.71512553224,10,4,12310,1932,1231.0,483.0,0.17367505821488,0.0001707239724061,0,0,0,SSH-Bruteforce,SSH-Bruteforce,1,2
2026-08-31 10:14:45.500,8439,22,6,167508.9645121938,11,7,5214,5817,474.0,831.0,0.0658531919856651,0.0001074569355218,1,1,0,SSH-Bruteforce,SSH-Bruteforce,1,2
2026-08-31 10:14:46.000,24179,22,17,235779.3964864207,4,9,5236,12150,1309.0,1350.0,0.0737384192951055,5.513628499001332e-05,1,1,0,SSH-Bruteforce,SSH-Bruteforce,1,2
2026-08-31 10:14:46.500,50454,22,1,705929.375608539,14,6,7322,8082,523.0,1347.0,0.0218208797254016,2.83314460210356e-05,1,1,0,SSH-Bruteforce,SSH-Bruteforce,1,2
2026-08-31 10:14:47.000,44908,22,6,387896.9090708701,15,5,21570,2650,1438.0,530.0,0.0624392704169512,5.1560091178324725e-05,1,1,0,SSH-Bruteforce,SSH-Bruteforce,1,2
2026-08-31 10:14:47.500,17988,22,6,40325.0771168098,15,9,4785,13059,319.0,1451.0,0.4425038033749118,0.0005951631518156,0,1,0,SSH-Bruteforce,SSH-Bruteforce,1,2
2026-08-31 10:14:48.000,38750,22,6,9096.75587768132,12,9,13020,5706,1085.0,634.0,2.05853605738266,0.0023085152838318,1,0,0,SSH-Bruteforce,SSH-Bruteforce,1,2
2026-08-31 10:14:48.500,58621,22,6,53977.59475397189,5,6,3765,2682,753.0,447.0,0.1194384453066282,0.0002037882578521,1,1,0,SSH-Bruteforce,SSH-Bruteforce,1,2
2026-08-31 10:14:49.000,38068,22,6,264239.1884919933,7,8,749,2928,107.0,366.0,0.0139154226927708,5.676675017448007e-05,1,1,0,SSH-Bruteforce,SSH-Bruteforce,1,2
2026-08-31 10:14:49.500,58173,22,17,1352973.0859301144,11,9,8602,8829,782.0,981.0,0.0128834787484985,1.4782260052204204e-05,0,1,0,SSH-Bruteforce,SSH-Bruteforce,1,2
2026-08-31 10:14:50.000,38568,445,6,507230.9117561081,140,11,156940,10868,1121.0,988.0,0.3308315721841866,0.0002976947904737,1,0,0,DoS-DoS attack-HOIC,DoS-DoS attack-HOIC,1,3
2026-08-31 10:14:50.500,51000,80,17,809304.6705408583,120,8,159240,9912,1327.0,1239.0,0.2090090495645671,0.0001581604612671,1,0,0,DoS-DoS attack-HOIC,DoS-DoS attack-HOIC,1,3
2026-08-31 10:14:51.000,33276,443,6,314030.58700794604,110,8,163460,3376,1486.0,422.0,0.5312730889824618,0.0003757595752711,1,0,0,DoS-DoS attack-HOIC,DoS-DoS attack-HOIC,1,3
2026-08-31 10:14:51.500,4856,53,6,224446.87599057745,150,3,159150,3159,1061.0,1053.0,0.7231510765139026,0.0006816757832691,0,0,0,DoS-DoS attack-HOIC,DoS-DoS attack-HOIC,1,3
2026-08-31 10:14:52.000,26299,80,6,57369.047750858015,150,9,49500,11889,330.0,1321.0,1.0700717964833422,0.0027715293560874,1,1,0,DoS-DoS attack-HOIC,DoS-DoS attack-HOIC,1,3
2026-08-31 10:14:52.500,15925,22,17,1043466.8577712702,60,9,12480,3474,208.0,386.0,0.0152894170821324,6.612572261922637e-05,0,1,0,DoS-DoS attack-HOIC,DoS-DoS attack-HOIC,1,3
2026-08-31 10:14:53.000,39237,22,6,764297.8292289252,120,9,71400,2799,595.0,311.0,0.0970812648701176,0.0001687823713021,1,1,0,DoS-DoS attack-HOIC,DoS-DoS attack-HOIC,1,3
2026-08-31 10:14:53.500,35172,53,6,92032.3962319994,130,8,50960,10592,392.0,1324.0,0.6688079688607572,0.0014994719863332,0,0,0,DoS-DoS attack-HOIC,DoS-DoS attack-HOIC,1,3
2026-08-31 10:14:54.000,62264,445,6,358986.9790481824,90,5,117270,2175,1303.0,435.0,0.3327279454908616,0.0002646335536994,0,1,0,DoS-DoS attack-HOIC,DoS-DoS attack-HOIC,1,3
2026-08-31 10:14:54.500,43657,22,6,334105.1602867792,130,8,41860,1544,322.0,193.0,0.1299111931149014,0.0004130436054247,1,1,0,DoS-DoS attack-HOIC,DoS-DoS attack-HOIC,1,3
2026-08-31 10:14:55.000,61095,8080,6,490536.7116581393,15,10,16935,282500,1129.0,28250.0,0.6104232219067336,5.096458512755135e-05,1,0,1,Data-Exfiltration,Data-Exfiltration,1,5
2026-08-31 10:14:55.500,23942,53,6,1461119.117685581,15,14,20850,308000,1390.0,22000.0,0.2250672077432325,1.984779998343848e-05,0,0,1,Data-Exfiltration,Data-Exfiltration,1,5
2026-08-31 10:14:56.000,47718,80,6,433478.26472028496,8,7,3960,67725,495.0,9675.0,0.165371613371672,3.4603811126108406e-05,0,1,1,Data-Exfiltration,Data-Exfiltration,1,5
2026-08-31 10:14:56.500,64421,53,6,388500.6100803716,10,9,9980,253350,998.0,28150.0,0.6778110333951474,4.890597210537273e-05,1,1,1,Data-Exfiltration,Data-Exfiltration,1,5
2026-08-31 10:14:57.000,20564,443,6,25816.640790778318,16,11,16704,108625,1044.0,9875.0,4.8545820103838455,0.0010458370710718,1,1,1,Data-Exfiltration,Data-Exfiltration,1,5
2026-08-31 10:14:57.500,12604,445,6,32486.62835363941,12,4,6192,134400,516.0,33600.0,4.327688254572989,0.0004925103282773,1,1,1,Data-Exfiltration,Data-Exfiltration,1,5
2026-08-31 10:14:58.000,54483,445,6,103725.409016712,9,8,2916,220800,324.0,27600.0,2.1568100053708856,0.0001638942681404,1,1,1,Data-Exfiltration,Data-Exfiltration,1,5
2026-08-31 10:14:58.500,39426,53,6,16504.82219839466,9,8,630,81200,70.0,10150.0,4.95794495492231,0.0010300020070106,1,1,1,Data-Exfiltration,Data-Exfiltration,1,5
2026-08-31 10:14:59.000,58751,22,6,680026.6361068422,8,15,3896,395250,487.0,26350.0,0.586956420235602,3.382220457030472e-05,1,0,1,Data-Exfiltration,Data-Exfiltration,1,5
2026-08-31 10:14:59.500,39602,22,6,642465.4587500687,10,8,2530,63200,253.0,7900.0,0.1023090021475335,2.801707041922416e-05,1,0,1,Data-Exfiltration,Data-Exfiltration,1,5
2026-08-31 10:15:00.000,25941,8080,1,73123.79922200576,11,14,11968,91000,1088.0,6500.0,1.4081325243140763,0.0003418859559071,0,1,1,Data-Exfiltration,Data-Exfiltration,1,5
2026-08-31 10:15:00.500,23342,8080,6,904185.0346675424,9,5,12924,12500,1436.0,2500.0,0.0281181384616334,1.5483556421604336e-05,0,0,1,Data-Exfiltration,Data-Exfiltration,1,5
2026-08-31 10:15:01.000,11203,445,6,84082.73523907365,11,6,4796,174900,436.0,29150.0,2.137133139968585,0.0002021818147285,1,1,1,Data-Exfiltration,Data-Exfiltration,1,5
2026-08-31 10:15:01.500,13275,8080,6,179177.88286239884,16,10,6016,312000,376.0,31200.0,1.7748619132109875,0.0001451071950577,1,1,1,Data-Exfiltration,Data-Exfiltration,1,5
2026-08-31 10:15:02.000,46923,80,6,143159.4337931888,7,14,6825,423500,975.0,30250.0,3.0059143750987283,0.0001466895994354,1,0,1,Data-Exfiltration,Data-Exfiltration,1,5
2026-08-31 10:15:02.500,20517,8080,6,232852.12129259337,12,11,12084,31350,1007.0,2850.0,0.1865304028884372,9.877513621665184e-05,0,0,1,Data-Exfiltration,Data-Exfiltration,1,5
2026-08-31 10:15:03.000,21490,80,6,146959.92073208734,8,9,7152,115200,894.0,12800.0,0.8325535246764736,0.0001156777978251,0,1,1,Data-Exfiltration,Data-Exfiltration,1,5
2026-08-31 10:15:03.500,31230,8080,6,335644.8295112079,13,8,12246,212800,942.0,26600.0,0.6704885051291408,6.25661358465023e-05,1,0,1,Data-Exfiltration,Data-Exfiltration,1,5
2026-08-31 10:15:04.000,46499,445,6,261624.47177544967,17,6,12087,68250,711.0,11375.0,0.3070698985142412,8.791226540482653e-05,1,1,1,Data-Exfiltration,Data-Exfiltration,1,5
2026-08-31 10:15:04.500,61166,445,6,2155113.176255523,11,9,14773,321300,1343.0,35700.0,0.1559421582593459,9.280255079065916e-06,0,0,1,Data-Exfiltration,Data-Exfiltration,1,5
2026-08-31 10:15:05.000,20648,80,6,28775.548473995303,13,8,10504,11200,808.0,1400.0,0.7542514788926287,0.0007297862632116,0,1,1,Data-Exfiltration,Data-Exfiltration,1,5
2026-08-31 10:15:05.500,27588,53,6,76681.29811598557,15,14,9930,392700,662.0,28050.0,5.250693582918854,0.0003781886940979,0,0,1,Data-Exfiltration,Data-Exfiltration,1,5
2026-08-31 10:15:06.000,23436,445,6,27136.17627255768,9,11,5382,323950,598.0,29450.0,12.136271395453925,0.0007370235139891,1,1,1,Data-Exfiltration,Data-Exfiltration,1,5
2026-08-31 10:15:06.500,29014,53,6,491537.4796716641,3,6,1761,36300,587.0,6050.0,0.0774325490390876,1.830989572927113e-05,1,0,1,Data-Exfiltration,Data-Exfiltration,1,5
2026-08-31 10:15:07.000,52025,22,6,28025.60155457589,15,11,14430,345675,962.0,31425.0,12.849144350042051,0.0009277231726887,0,0,1,Data-Exfiltration,Data-Exfiltration,1,5
2026-08-31 10:15:07.500,58673,80,1,905286.8889069898,13,14,16393,178850,1261.0,12775.0,0.2156697533017103,2.982479955310141e-05,1,0,1,Data-Exfiltration,Data-Exfiltration,1,5
2026-08-31 10:15:08.000,61981,445,6,358657.0621181925,15,8,8895,233800,593.0,29225.0,0.6766770422974554,6.41281113036588e-05,1,1,1,Data-Exfiltration,Data-Exfiltration,1,5
2026-08-31 10:15:08.500,36541,443,6,374338.0051214097,15,9,7770,206550,518.0,22950.0,0.5725306996941545,6.41131802569042e-05,1,0,1,Data-Exfiltration,Data-Exfiltration,1,5
2026-08-31 10:15:09.000,14180,22,6,412305.5076990261,8,5,7064,125500,883.0,25100.0,0.3215188677361874,3.153001780702481e-05,0,0,1,Data-Exfiltration,Data-Exfiltration,1,5
2026-08-31 10:15:09.500,24088,53,6,93655.21405558405,11,10,1199,214250,109.0,21425.0,2.3004485350823853,0.0002242267044021,0,1,1,Data-Exfiltration,Data-Exfiltration,1,5
2026-08-31 10:15:10.000,26735,445,6,110130.29496847832,12,7,6528,208075,544.0,29725.0,1.9486282138982536,0.000172522919363,0,1,1,Data-Exfiltration,Data-Exfiltration,1,5
2026-08-31 10:15:10.500,31130,80,6,191962.38022691652,13,11,1937,124575,149.0,11325.0,0.6590457976394185,0.000125024496833,1,0,1,Data-Exfiltration,Data-Exfiltration,1,5
2026-08-31 10:15:11.000,17613,8080,6,450081.2664333628,11,8,15895,108000,1445.0,13500.0,0.2752725101825375,4.221459859936409e-05,1,0,1,Data-Exfiltration,Data-Exfiltration,1,5
2026-08-31 10:15:11.500,24760,443,6,117935.7140518704,19,9,8284,36000,436.0,4000.0,0.3754927025478314,0.0002374174797068,0,0,1,Data-Exfiltration,Data-Exfiltration,1,5
2026-08-31 10:15:12.000,21999,53,6,61836.77185453798,13,7,19136,113050,1472.0,16150.0,2.137660101170413,0.0003234321488161,1,0,1,Data-Exfiltration,Data-Exfiltration,1,5
2026-08-31 10:15:12.500,37242,22,6,1755230.8606412732,16,9,6240,285975,390.0,31775.0,0.1664823736585707,1.424314063776421e-05,0,1,1,Data-Exfiltration,Data-Exfiltration,1,5
2026-08-31 10:15:13.000,8238,80,6,11113.507428000828,11,14,11374,136150,1034.0,9725.0,13.274297140033914,0.0022495148484371,1,0,1,Data-Exfiltration,Data-Exfiltration,1,5
2026-08-31 10:15:13.500,31605,443,1,811508.3575917926,7,5,5796,107375,828.0,21475.0,0.1394575902267331,1.4787278390407416e-05,1,1,1,Data-Exfiltration,Data-Exfiltration,1,5
2026-08-31 10:15:14.000,21219,80,6,775667.4089693121,15,9,6900,282600,460.0,31400.0,0.3732269741498463,3.094109630257794e-05,1,1,1,Data-Exfiltration,Data-Exfiltration,1,5
2026-08-31 10:15:14.500,45606,445,6,176351.50258873604,9,3,8649,51975,961.0,17325.0,0.3437679810301458,6.804591865204787e-05,1,0,1,Data-Exfiltration,Data-Exfiltration,1,5
2026-08-31 10:15:15.000,61967,8080,1,72875.22306612642,10,8,1500,164600,150.0,20575.0,2.2792383060905315,0.0002469975286552,1,1,1,Data-Exfiltration,Data-Exfiltration,1,5
2026-08-31 10:15:15.500,28151,22,6,78694.66989282824,12,8,2976,291200,248.0,36400.0,3.73819472606273,0.0002541468186434,0,0,1,Data-Exfiltration,Data-Exfiltration,1,5
2026-08-31 10:15:16.000,6165,80,6,597723.9841693193,12,9,14892,120600,1241.0,13400.0,0.2266798783154599,3.513327314250774e-05,0,1,1,Data-Exfiltration,Data-Exfiltration,1,5
2026-08-31 10:15:16.500,29908,53,6,514738.9411194935,10,9,9700,96975,970.0,10775.0,0.2072409749414386,3.691191491809078e-05,1,1,1,Data-Exfiltration,Data-Exfiltration,1,5
2026-08-31 10:15:17.000,25909,445,17,763343.3018244214,10,5,4640,146500,464.0,29300.0,0.1979974143177641,1.965039840390672e-05,0,1,1,Data-Exfiltration,Data-Exfiltration,1,5
2026-08-31 10:15:17.500,3732,445,6,1386143.7629948005,12,11,4404,266200,367.0,24200.0,0.1952207319487559,1.6592795504949616e-05,1,0,1,Data-Exfiltration,Data-Exfiltration,1,5
2026-08-31 10:15:18.000,19399,22,6,588709.8451314485,14,11,700,139975,50.0,12725.0,0.2389547264428714,4.2465741326261134e-05,1,1,1,Data-Exfiltration,Data-Exfiltration,1,5
2026-08-31 10:15:18.500,16112,445,6,84713.44764783591,4,6,5260,58350,1315.0,9725.0,0.7508843254370386,0.0001180450126453,1,1,1,Data-Exfiltration,Data-Exfiltration,1,5
2026-08-31 10:15:19.000,58639,53,17,139488.44752435997,11,6,9845,122100,895.0,20350.0,0.9459206287853924,0.0001218738920713,0,1,1,Data-Exfiltration,Data-Exfiltration,1,5
2026-08-31 10:15:19.500,45626,80,6,923193.5715261264,9,5,11682,23500,1298.0,4700.0,0.0381090175286421,1.5164750309845668e-05,1,1,1,Data-Exfiltration,Data-Exfiltration,1,5
2026-08-31 10:15:20.000,46070,22,6,117422.16702772108,10,7,2930,51625,293.0,7375.0,0.4646056309152818,0.0001447767523702,1,1,1,Data-Exfiltration,Data-Exfiltration,1,5
2026-08-31 10:15:20.500,11038,445,6,37643.273098238045,9,8,1512,290400,168.0,36300.0,7.754692296832085,0.0004516079128166,0,1,1,Data-Exfiltration,Data-Exfiltration,1,5
2026-08-31 10:15:21.000,65449,445,6,607483.2639664824,10,8,1390,252400,139.0,31550.0,0.4177728261001525,2.963044591907776e-05,1,0,1,Data-Exfiltration,Data-Exfiltration,1,5
2026-08-31 10:15:21.500,4297,53,6,257522.5528781305,7,9,2303,281025,329.0,31225.0,1.100206552095962,6.213048069211441e-05,0,1,1,Data-Exfiltration,Data-Exfiltration,1,5
2026-08-31 10:15:22.000,48159,8080,17,1263114.7132512624,10,8,12890,76600,1289.0,9575.0,0.0708486719855743,1.425048715767503e-05,0,1,1,Data-Exfiltration,Data-Exfiltration,1,5
2026-08-31 10:15:22.500,38330,8080,6,525275.582368631,13,7,15444,125300,1188.0,17900.0,0.2679431611168029,3.8075251679191e-05,0,0,1,Data-Exfiltration,Data-Exfiltration,1,5
2026-08-31 10:15:23.000,31905,445,6,47385.60032525739,16,10,10960,36750,685.0,3675.0,1.0068459545188295,0.0005486898934707,0,1,1,Data-Exfiltration,Data-Exfiltration,1,5
2026-08-31 10:15:23.500,32510,80,6,1476878.517772499,10,9,7040,142650,704.0,15850.0,0.1013556620924761,1.2864971472757344e-05,0,1,1,Data-Exfiltration,Data-Exfiltration,1,5
2026-08-31 10:15:24.000,13565,22,17,149578.67357159796,11,11,15510,314325,1410.0,28575.0,2.20509376171242,0.0001470797906761,0,0,1,Data-Exfiltration,Data-Exfiltration,1,5
2026-08-31 10:15:24.500,9736,445,6,205650.4192586014,9,8,6633,263200,737.0,32900.0,1.3120955501071423,8.266455308217089e-05,0,0,1,Data-Exfiltration,Data-Exfiltration,1,5
2026-08-31 10:15:25.000,10192,443,6,257300.04713260345,14,7,3108,11200,222.0,1600.0,0.055608229220689,8.16167747857472e-05,1,1,1,Data-Exfiltration,Data-Exfiltration,1,5
2026-08-31 10:15:25.500,53898,22,17,26291.42928765788,13,13,5070,104650,390.0,8050.0,4.173223097071189,0.0009889154258462,1,1,1,Data-Exfiltration,Data-Exfiltration,1,5
2026-08-31 10:15:26.000,4575,8080,17,343101.0986717417,14,10,20174,231500,1441.0,23150.0,0.7335272342961836,6.995022776730376e-05,1,1,1,Data-Exfiltration,Data-Exfiltration,1,5
2026-08-31 10:15:26.500,13321,445,17,65805.75614469337,9,7,6723,170975,747.0,24425.0,2.700341282946056,0.0002431398244613,1,1,1,Data-Exfiltration,Data-Exfiltration,1,5
2026-08-31 10:15:27.000,44757,53,17,256222.0720053864,12,8,8604,131800,717.0,16475.0,0.5479777713747027,7.80572877374865e-05,1,0,1,Data-Exfiltration,Data-Exfiltration,1,5
2026-08-31 10:15:27.500,28152,443,6,215937.74713247764,17,9,14297,62325,841.0,6925.0,0.3548337472903435,0.000120405072036,1,1,1,Data-Exfiltration,Data-Exfiltration,1,5
2026-08-31 10:15:28.000,3856,445,6,741050.5156158739,14,7,5306,170975,379.0,24425.0,0.2378798695674845,2.833814909671022e-05,1,0,1,Data-Exfiltration,Data-Exfiltration,1,5
2026-08-31 10:15:28.500,29507,80,6,812708.7331620939,13,7,15652,62125,1204.0,8875.0,0.0957009526604046,2.4609062489014662e-05,1,1,1,Data-Exfiltration,Data-Exfiltration,1,5
2026-08-31 10:15:29.000,23087,443,17,83271.08381471463,10,14,1500,307650,150.0,21975.0,3.712573270341476,0.0002882152951259,0,0,1,Data-Exfiltration,Data-Exfiltration,1,5
2026-08-31 10:15:29.500,23987,445,6,228288.04169992005,15,6,4500,75300,300.0,12550.0,0.3495583886141521,9.19890496353032e-05,1,1,1,Data-Exfiltration,Data-Exfiltration,1,5
2026-08-31 10:15:30.000,14446,80,6,233686.0761356089,10,7,12510,110425,1251.0,15775.0,0.5260689983232021,7.274716697030492e-05,1,0,1,Data-Exfiltration,Data-Exfiltration,1,5
2026-08-31 10:15:30.500,33944,443,6,82089.82677202443,14,7,5740,153825,410.0,21975.0,1.9437853173170616,0.0002558173262536,0,0,1,Data-Exfiltration,Data-Exfiltration,1,5
2026-08-31 10:15:31.000,55930,80,6,800867.5900249565,9,9,12789,232875,1421.0,25875.0,0.3067473363346832,2.2475625464147364e-05,0,0,1,Data-Exfiltration,Data-Exfiltration,1,5
2026-08-31 10:15:31.500,12180,80,6,614181.1256774968,12,9,16032,325125,1336.0,36125.0,0.5554664344628283,3.41918680364741e-05,0,0,1,Data-Exfiltration,Data-Exfiltration,1,5
2026-08-31 10:15:32.000,12132,443,1,105596.24176961988,9,11,5787,51975,643.0,4725.0,0.5470081039489049,0.0001894006800141,1,0,1,Data-Exfiltration,Data-Exfiltration,1,5
2026-08-31 10:15:32.500,32869,443,17,228422.81519771487,8,16,3904,156400,488.0,9775.0,0.7017862898424948,0.0001050683136803,0,1,1,Data-Exfiltration,Data-Exfiltration,1,5
2026-08-31 10:15:33.000,3824,80,6,55915.7172928912,11,7,16280,84175,1480.0,12025.0,1.7965431697109937,0.0003219130660972,0,1,1,Data-Exfiltration,Data-Exfiltration,1,5
2026-08-31 10:15:33.500,64320,8080,6,494708.4737564512,10,6,9000,65100,900.0,10850.0,0.1497851844659975,3.234228004663914e-05,0,1,1,Data-Exfiltration,Data-Exfiltration,1,5
2026-08-31 10:15:34.000,39102,443,6,64696.7965959302,15,12,21765,428400,1451.0,35700.0,6.958072479878196,0.000417331327306,0,0,1,Data-Exfiltration,Data-Exfiltration,1,5
2026-08-31 10:15:34.500,43736,445,6,2132003.3646448613,17,7,23817,7875,1401.0,1125.0,0.0148648921129308,1.1257017881810537e-05,1,0,1,Data-Exfiltration,Data-Exfiltration,1,5
2026-08-31 10:15:35.000,3634,22,17,758616.444064644,13,11,17862,157575,1374.0,14325.0,0.2312591578659978,3.1636540688588764e-05,0,1,1,Data-Exfiltration,Data-Exfiltration,1,5
2026-08-31 10:15:35.500,13091,53,6,247343.7315961957,8,7,11136,45325,1392.0,6475.0,0.2282693789462733,6.064435068798108e-05,1,0,1,Data-Exfiltration,Data-Exfiltration,1,5
2026-08-31 10:15:36.000,34896,80,6,432043.5955250423,9,7,9990,159250,1110.0,22750.0,0.3917197286315825,3.7033299799724186e-05,0,0,1,Data-Exfiltration,Data-Exfiltration,1,5
2026-08-31 10:15:36.500,11752,80,17,1211483.4675295006,5,8,3475,10200,695.0,1275.0,0.0112878139623099,1.0730645814261703e-05,0,0,1,Data-Exfiltration,Data-Exfiltration,1,5
2026-08-31 10:15:37.000,30590,53,6,403829.47676294553,11,9,2068,187650,188.0,20850.0,0.4697973053281337,4.952585472418366e-05,0,0,1,Data-Exfiltration,Data-Exfiltration,1,5
2026-08-31 10:15:37.500,30807,8080,6,95882.09103286864,17,9,6613,325800,389.0,36200.0,3.466893518742504,0.0002711663848504,1,1,1,Data-Exfiltration,Data-Exfiltration,1,5
2026-08-31 10:15:38.000,57537,53,6,237973.31141513784,17,8,6154,148600,362.0,18575.0,0.6502998133413916,0.0001050537972106,0,1,1,Data-Exfiltration,Data-Exfiltration,1,5
2026-08-31 10:15:38.500,21607,443,6,926216.303392993,12,11,10848,136675,904.0,12425.0,0.1592748901719702,2.4832212427589705e-05,1,1,1,Data-Exfiltration,Data-Exfiltration,1,5
2026-08-31 10:15:39.000,21262,53,6,516711.54337000335,14,7,16562,46200,1183.0,6600.0,0.1214642885456947,4.0641631233223765e-05,0,0,1,Data-Exfiltration,Data-Exfiltration,1,5
2026-08-31 10:15:39.500,8287,80,6,525946.9693747765,6,10,6264,93750,1044.0,9375.0,0.1901598560725444,3.0421317987088916e-05,1,1,1,Data-Exfiltration,Data-Exfiltration,1,5
2026-08-31 10:15:40.000,61862,53,6,1008032.4189271844,9,11,3933,56650,437.0,5150.0,0.0601002496168481,1.9840631733934644e-05,1,0,1,Data-Exfiltration,Data-Exfiltration,1,5
2026-08-31 10:15:40.500,2938,22,17,1122031.0211425007,12,14,8220,482650,685.0,34475.0,0.4374834480920144,2.317226485707494e-05,0,1,1,Data-Exfiltration,Data-Exfiltration,1,5
2026-08-31 10:15:41.000,24773,445,6,1261569.5735973555,8,8,10080,235800,1260.0,29475.0,0.1949000714220826,1.268261405056663e-05,0,1,1,Data-Exfiltration,Data-Exfiltration,1,5
2026-08-31 10:15:41.500,20480,443,6,49826.85593766578,7,10,3164,134250,452.0,13425.0,2.757830037366373,0.0003411814708488,0,0,1,Data-Exfiltration,Data-Exfiltration,1,5
2026-08-31 10:15:42.000,26606,53,6,392769.4138728509,15,9,1140,42075,76.0,4675.0,0.1100263881873691,6.110455435605365e-05,1,1,1,Data-Exfiltration,Data-Exfiltration,1,5
2026-08-31 10:15:42.500,1430,80,6,674517.6338393351,8,11,1808,20625,226.0,1875.0,0.0332578406764244,2.8168277664693303e-05,0,0,1,Data-Exfiltration,Data-Exfiltration,1,5
2026-08-31 10:15:43.000,14713,445,6,707196.4160438392,12,7,5508,257250,459.0,36750.0,0.3715488286354609,2.6866651991847088e-05,1,1,1,Data-Exfiltration,Data-Exfiltration,1,5
2026-08-31 10:15:43.500,33958,443,6,466611.89766658354,14,13,10696,470600,764.0,36200.0,1.0314696268923564,5.786393389118883e-05,1,1,1,Data-Exfiltration,Data-Exfiltration,1,5
2026-08-31 10:15:44.000,34300,80,6,91233.18474960866,7,12,8211,308700,1173.0,25725.0,3.473637370382633,0.0002082575550778,1,1,1,Data-Exfiltration,Data-Exfiltration,1,5
2026-08-31 10:15:44.500,51837,8080,1,798311.571580673,13,7,2938,257950,226.0,36850.0,0.3267997224193663,2.5052874982319333e-05,1,1,1,Data-Exfiltration,Data-Exfiltration,1,5
2026-08-31 10:15:45.000,64824,22,6,636681.6872903974,15,9,7650,78075,510.0,8675.0,0.1346434202678009,3.769544574426622e-05,1,1,1,Data-Exfiltration,Data-Exfiltration,1,5
2026-08-31 10:15:45.500,37456,8080,6,45036.63255733752,10,9,11410,153225,1141.0,17025.0,3.655579705117658,0.0004218787888191,1,1,1,Data-Exfiltration,Data-Exfiltration,1,5
2026-08-31 10:15:46.000,20897,22,17,311633.188063829,10,6,14370,41850,1437.0,6975.0,0.1804044054084538,5.13424134922672e-05,1,0,1,Data-Exfiltration,Data-Exfiltration,1,5
2026-08-31 10:15:46.500,14074,53,6,95566.57224086265,5,8,4245,191200,849.0,23900.0,2.0451188673687706,0.000136030828498,0,1,1,Data-Exfiltration,Data-Exfiltration,1,5
2026-08-31 10:15:47.000,1704,443,6,205850.0368707837,10,11,3690,259600,369.0,23600.0,1.2790379054072367,0.000102016012813,0,1,1,Data-Exfiltration,Data-Exfiltration,1,5
2026-08-31 10:15:47.500,19932,53,6,9123.276329167064,9,6,10692,214500,1188.0,35750.0,24.68323786633866,0.0016441461863435,1,0,1,Data-Exfiltration,Data-Exfiltration,1,5
2026-08-31 10:15:48.000,19528,22,6,255687.7778177016,14,11,19306,246125,1379.0,22375.0,1.038105936291034,9.77754987445922e-05,0,0,1,Data-Exfiltration,Data-Exfiltration,1,5
2026-08-31 10:15:48.500,22668,22,6,399117.1125363298,6,7,5982,60025,997.0,8575.0,0.1653825354139328,3.257189328981967e-05,0,1,1,Data-Exfiltration,Data-Exfiltration,1,5
2026-08-31 10:15:49.000,63045,22,6,483243.0945883537,8,9,2872,147600,359.0,16400.0,0.3113795141243858,3.517898173822744e-05,1,1,1,Data-Exfiltration,Data-Exfiltration,1,5
2026-08-31 10:15:49.500,38149,445,6,544564.2191347342,11,7,5654,215250,514.0,30750.0,0.4056527994934022,3.30539528070168e-05,0,0,1,Data-Exfiltration,Data-Exfiltration,1,5
2026-08-31 10:15:50.000,2387,80,6,904833.36502684,11,11,9515,163075,865.0,14825.0,0.1907423031344263,2.4313869105726757e-05,1,1,1,Data-Exfiltration,Data-Exfiltration,1,5
2026-08-31 10:15:50.500,43315,443,6,121330.7129664187,7,6,3871,120750,553.0,20125.0,1.027118335851375,0.0001071451710872,1,1,1,Data-Exfiltration,Data-Exfiltration,1,5
2026-08-31 10:15:51.000,36084,53,6,64190.5234774826,8,11,2984,375100,373.0,34100.0,5.89002830104241,0.0002959938471868,0,1,1,Data-Exfiltration,Data-Exfiltration,1,5
2026-08-31 10:15:51.500,2562,53,6,953710.3339422808,11,13,12474,304525,1134.0,23425.0,0.3323849901954204,2.5164873594838126e-05,1,0,1,Data-Exfiltration,Data-Exfiltration,1,5
2026-08-31 10:15:52.000,37200,8080,6,85164.56605443072,10,8,5040,202200,504.0,25275.0,2.433406398656618,0.0002113555065422,1,1,1,Data-Exfiltration,Data-Exfiltration,1,5
2026-08-31 10:15:52.500,57918,22,6,1839664.231913008,11,11,15829,348700,1439.0,31700.0,0.1981497458473476,1.1958703995132478e-05,0,0,1,Data-Exfiltration,Data-Exfiltration,1,5
2026-08-31 10:15:53.000,42544,22,1,924286.2882599038,16,10,12208,58500,763.0,5850.0,0.0765001070527104,2.812981251584645e-05,0,1,1,Data-Exfiltration,Data-Exfiltration,1,5
2026-08-31 10:15:53.500,26699,22,6,347450.9655067964,9,9,423,277650,47.0,30850.0,0.8003230026613855,5.1805871292448166e-05,1,0,1,Data-Exfiltration,Data-Exfiltration,1,5
2026-08-31 10:15:54.000,19311,53,6,1992873.1198560123,12,6,2436,219750,203.0,36625.0,0.1114902889627706,9.032185652245738e-06,0,0,1,Data-Exfiltration,Data-Exfiltration,1,5
2026-08-31 10:15:54.500,1198,8080,6,51225.00492822375,13,11,10660,303050,820.0,27550.0,6.124157535530303,0.0004685211847015,1,1,1,Data-Exfiltration,Data-Exfiltration,1,5
2026-08-31 10:15:55.000,27756,80,6,180532.1107804936,17,10,23086,171250,1358.0,17125.0,1.0764622379313216,0.0001495578813197,0,0,1,Data-Exfiltration,Data-Exfiltration,1,5
2026-08-31 10:15:55.500,36022,445,17,508365.5952222431,7,12,2779,87300,397.0,7275.0,0.1771933444057087,3.737467715792212e-05,0,0,1,Data-Exfiltration,Data-Exfiltration,1,5
2026-08-31 10:15:56.000,38079,443,1,215396.7415150488,12,13,1440,437450,120.0,33650.0,2.0375888553029053,0.0001160648941251,0,1,1,Data-Exfiltration,Data-Exfiltration,1,5
2026-08-31 10:15:56.500,54336,80,6,1318138.4631263246,7,12,5691,73800,813.0,6150.0,0.0603055006913783,1.4414267189193598e-05,1,0,1,Data-Exfiltration,Data-Exfiltration,1,5
2026-08-31 10:15:57.000,13136,53,6,33939.29350439305,9,4,12042,53900,1338.0,13475.0,1.942939677634573,0.0003830368476729,0,0,1,Data-Exfiltration,Data-Exfiltration,1,5
2026-08-31 10:15:57.500,40898,445,6,398600.7548931429,9,10,8640,301500,960.0,30150.0,0.7780717828177766,4.766674364331513e-05,1,0,1,Data-Exfiltration,Data-Exfiltration,1,5
2026-08-31 10:15:58.000,10713,445,17,446856.6008999014,20,7,18760,10150,938.0,1450.0,0.0646963700237004,6.042206816464582e-05,1,0,1,Data-Exfiltration,Data-Exfiltration,1,5
2026-08-31 10:15:58.500,45838,445,6,528823.6504251445,15,12,14415,257400,961.0,21450.0,0.5139993261956723,5.105671801513218e-05,1,1,1,Data-Exfiltration,Data-Exfiltration,1,5
2026-08-31 10:15:59.000,20579,22,6,147632.86009847018,18,7,19980,127050,1110.0,18150.0,0.9959164910303356,0.0001693389939179,0,1,1,Data-Exfiltration,Data-Exfiltration,1,5
2026-08-31 10:15:59.500,51743,443,6,226723.86088903883,10,8,14550,11800,1455.0,1475.0,0.1162206743282912,7.939173198896557e-05,0,1,1,Data-Exfiltration,Data-Exfiltration,1,5
2026-08-31 10:16:00.000,65375,53,6,927926.7395156432,12,10,10368,121750,864.0,12175.0,0.1423797745795522,2.370876822802457e-05,1,0,1,Data-Exfiltration,Data-Exfiltration,1,5
2026-08-31 10:16:00.500,34943,53,6,108420.95482182884,11,10,11627,322250,1057.0,32225.0,3.079450836029574,0.0001936894951033,1,1,1,Data-Exfiltration,Data-Exfiltration,1,5
2026-08-31 10:16:01.000,8643,445,6,876850.0434639376,3,9,3426,261900,1142.0,29100.0,0.3025899376691839,1.368535029371493e-05,0,0,1,Data-Exfiltration,Data-Exfiltration,1,5
2026-08-31 10:16:01.500,7057,53,6,413516.944325329,11,7,7909,136150,719.0,19450.0,0.3483750834722258,4.352905061467916e-05,0,1,1,Data-Exfiltration,Data-Exfiltration,1,5
2026-08-31 10:16:02.000,42352,443,6,718136.3889985875,13,7,14118,58275,1086.0,8325.0,0.1008067563599458,2.7849862931483957e-05,0,0,1,Data-Exfiltration,Data-Exfiltration,1,5
2026-08-31 10:16:02.500,5970,443,6,625195.782210051,10,8,12910,20800,1291.0,2600.0,0.0539191097551823,2.8790981180459272e-05,0,1,1,Data-Exfiltration,Data-Exfiltration,1,5
2026-08-31 10:16:03.000,25642,8080,6,116288.639276708,11,7,5247,94150,477.0,13450.0,0.8547438564049072,0.0001547872613387,1,0,1,Data-Exfiltration,Data-Exfiltration,1,5
2026-08-31 10:16:03.500,35699,8080,6,420606.3985039436,18,9,24498,25875,1361.0,2875.0,0.1197628000381693,6.419303200187745e-05,1,0,1,Data-Exfiltration,Data-Exfiltration,1,5
2026-08-31 10:16:04.000,37282,80,6,1011429.1127409912,13,9,12805,211500,985.0,23500.0,0.2217703615332089,2.1751400787903058e-05,0,0,1,Data-Exfiltration,Data-Exfiltration,1,5
2026-08-31 10:16:04.500,19943,443,6,282919.2617299937,6,11,7938,185350,1323.0,16850.0,0.6831913769718304,6.008781408323909e-05,1,0,1,Data-Exfiltration,Data-Exfiltration,1,5
2026-08-31 10:16:05.000,5197,443,6,1699461.5382776298,12,12,9780,356400,815.0,29700.0,0.2154682478833627,1.4122120129992643e-05,0,1,1,Data-Exfiltration,Data-Exfiltration,1,5
2026-08-31 10:16:05.500,44857,443,6,300936.29376171925,10,6,7150,9900,715.0,1650.0,0.0566565095432908,5.31673989849064e-05,0,0,1,Data-Exfiltration,Data-Exfiltration,1,5
2026-08-31 10:16:06.000,27424,8080,6,77033.62970968471,12,8,588,267800,49.0,33475.0,3.484036789862152,0.0002596268678079,0,0,1,Data-Exfiltration,Data-Exfiltration,1,5
2026-08-31 10:16:06.500,51469,445,6,246684.9985075385,8,8,1576,143800,197.0,17975.0,0.5893183650146616,6.486004457568365e-05,0,0,1,Data-Exfiltration,Data-Exfiltration,1,5
2026-08-31 10:16:07.000,5793,445,6,1515186.7706575033,18,7,16326,21350,907.0,3050.0,0.024865581411724,1.649961607636427e-05,1,1,1,Data-Exfiltration,Data-Exfiltration,1,5
2026-08-31 10:16:07.500,38588,53,17,192626.02468690337,10,11,8230,144375,823.0,13125.0,0.7922345915621923,0.0001090195368618,1,1,1,Data-Exfiltration,Data-Exfiltration,1,5
2026-08-31 10:16:08.000,46838,445,6,1012848.6341931132,15,10,18315,11250,1221.0,1125.0,0.029189949022601,2.4682858973956605e-05,1,1,1,Data-Exfiltration,Data-Exfiltration,1,5
2026-08-31 10:16:08.500,15235,22,17,1065370.2882814675,15,14,5385,352800,359.0,25200.0,0.3362070483253486,2.722058266380532e-05,0,0,1,Data-Exfiltration,Data-Exfiltration,1,5
2026-08-31 10:16:09.000,24279,8080,6,215534.95889210465,15,6,18975,61050,1265.0,10175.0,0.371285476878705,9.743199018372764e-05,1,0,1,Data-Exfiltration,Data-Exfiltration,1,5
2026-08-31 10:16:09.500,28986,443,6,43464.41277161916,7,7,1120,89250,160.0,12750.0,2.079172228877251,0.0003221025916153,0,1,1,Data-Exfiltration,Data-Exfiltration,1,5
2026-08-31 10:16:10.000,20380,445,6,644688.934533649,9,8,1602,5824,178.0,728.0,0.0115187334574876,2.6369306326055773e-05,1,0,0,Reconnaissance-PortScan,Reconnaissance-PortScan,1,1
2026-08-31 10:16:10.500,21330,8080,6,186628.9122323049,15,19,10695,7771,713.0,409.0,0.0989450122070322,0.0001821797040528,1,0,0,Reconnaissance-PortScan,Reconnaissance-PortScan,1,1
2026-08-31 10:16:11.000,6021,445,6,763752.9896761742,10,8,14020,11224,1402.0,1403.0,0.03305257110728,2.356782918440188e-05,1,0,0,Reconnaissance-PortScan,Reconnaissance-PortScan,1,1
2026-08-31 10:16:11.500,57208,80,6,292285.284478043,10,10,13230,3170,1323.0,317.0,0.0561095644234217,6.84262980773436e-05,1,0,0,Reconnaissance-PortScan,Reconnaissance-PortScan,1,1
2026-08-31 10:16:12.000,18400,443,6,332053.2293976353,10,10,14960,3790,1496.0,379.0,0.0564668503102619,6.0231306997612695e-05,1,0,0,Reconnaissance-PortScan,Reconnaissance-PortScan,1,1
2026-08-31 10:16:12.500,41904,80,6,752334.9513208136,18,6,1494,5124,83.0,854.0,0.0087966137799305,3.190068460536911e-05,1,0,0,Reconnaissance-PortScan,Reconnaissance-PortScan,1,1
2026-08-31 10:16:13.000,39079,443,6,240927.4543765256,10,5,12220,3265,1222.0,653.0,0.0642724592738071,6.225940517320681e-05,1,0,0,Reconnaissance-PortScan,Reconnaissance-PortScan,1,1
2026-08-31 10:16:13.500,11602,8080,6,292709.34617233934,9,10,7695,11430,855.0,1143.0,0.0653378522053967,6.491080741974055e-05,1,0,0,Reconnaissance-PortScan,Reconnaissance-PortScan,1,1
2026-08-31 10:16:14.000,19648,53,6,235955.09781014585,14,9,19852,7488,1418.0,832.0,0.115869503361354,9.747617327399936e-05,1,0,0,Reconnaissance-PortScan,Reconnaissance-PortScan,1,1
2026-08-31 10:16:14.500,51652,445,6,228911.4702028141,14,2,1918,1284,137.0,642.0,0.0139879403903315,6.989601694106958e-05,1,0,0,Reconnaissance-PortScan,Reconnaissance-PortScan,1,1
2026-08-31 10:16:15.000,40218,445,6,373217.6283395332,14,8,3892,848,278.0,106.0,0.0127003647200737,5.894684047291605e-05,1,0,0,Reconnaissance-PortScan,Reconnaissance-PortScan,1,1
2026-08-31 10:16:15.500,45391,22,6,827216.1865201734,14,6,7196,1524,514.0,254.0,0.0105413798013029,2.417747660849294e-05,1,0,0,Reconnaissance-PortScan,Reconnaissance-PortScan,1,1
2026-08-31 10:16:16.000,1413,80,6,224526.9570513162,8,8,4504,3640,563.0,455.0,0.0362718138908191,7.12609310232203e-05,1,0,0,Reconnaissance-PortScan,Reconnaissance-PortScan,1,1
2026-08-31 10:16:16.500,34791,445,6,371436.347581243,17,10,10132,12080,596.0,1208.0,0.0598002864933503,7.26907858509121e-05,1,0,0,Reconnaissance-PortScan,Reconnaissance-PortScan,1,1
2026-08-31 10:16:17.000,46604,8080,1,555434.5367167047,14,8,20370,4728,1455.0,591.0,0.0451862430951951,3.960862810161344e-05,1,0,0,Reconnaissance-PortScan,Reconnaissance-PortScan,1,1
2026-08-31 10:16:17.500,49391,53,17,156971.57886712882,16,5,768,6745,48.0,1349.0,0.0478621674939059,0.0001337821798711,1,0,0,Reconnaissance-PortScan,Reconnaissance-PortScan,1,1
2026-08-31 10:16:18.000,2879,8080,6,162534.71168622177,13,8,18876,4880,1452.0,610.0,0.1461595480256555,0.0001292031700849,1,0,0,Reconnaissance-PortScan,Reconnaissance-PortScan,1,1
2026-08-31 10:16:18.500,41917,80,6,1354623.911658656,8,3,10184,1737,1273.0,579.0,0.0088002285337746,8.120335028229314e-06,1,0,0,Reconnaissance-PortScan,Reconnaissance-PortScan,1,1
2026-08-31 10:16:19.000,14818,22,6,642834.7525049535,10,8,11170,8880,1117.0,1110.0,0.0311899752176724,2.80009752577608e-05,1,0,0,Reconnaissance-PortScan,Reconnaissance-PortScan,1,1
2026-08-31 10:16:19.500,59026,445,6,430412.25614634063,12,9,7860,11700,655.0,1300.0,0.0454448025590031,4.8790432195248806e-05,1,0,0,Reconnaissance-PortScan,Reconnaissance-PortScan,1,1
2026-08-31 10:16:20.000,36555,22,6,521664.5597630094,9,7,1719,1092,191.0,156.0,0.0053885201655698,3.0671050391006124e-05,0,0,0,SSH-Bruteforce,SSH-Bruteforce,1,2
2026-08-31 10:16:20.500,53839,22,6,14868.62227897426,12,8,5388,1520,449.0,190.0,0.4646025614035933,0.0013451145379374,1,0,0,SSH-Bruteforce,SSH-Bruteforce,1,2
2026-08-31 10:16:21.000,6010,22,17,481302.1250320643,14,4,686,4584,49.0,1146.0,0.0109494633948258,3.7398546699595096e-05,1,1,0,SSH-Bruteforce,SSH-Bruteforce,1,2
2026-08-31 10:16:21.500,33322,22,6,356174.04515091,9,9,8964,10080,996.0,1120.0,0.0534682418854984,5.053709062901559e-05,1,0,0,SSH-Bruteforce,SSH-Bruteforce,1,2
2026-08-31 10:16:22.000,2505,22,6,394553.4333813251,7,8,4137,8184,591.0,1023.0,0.0312277094995643,3.801766435301231e-05,1,1,0,SSH-Bruteforce,SSH-Bruteforce,1,2
2026-08-31 10:16:22.500,57432,22,6,222693.61852603592,15,8,8925,11584,595.0,1448.0,0.0920951401069504,0.0001032809119147,1,0,0,SSH-Bruteforce,SSH-Bruteforce,1,2
2026-08-31 10:16:23.000,4755,22,6,42492.47817263856,15,11,13785,14113,919.0,1283.0,0.6565397263979411,0.0006118729975749,1,1,0,SSH-Bruteforce,SSH-Bruteforce,1,2
2026-08-31 10:16:23.500,57438,22,6,107426.0314606855,8,7,2456,9436,307.0,1348.0,0.1106994258020701,0.0001396309609006,0,0,0,SSH-Bruteforce,SSH-Bruteforce,1,2
2026-08-31 10:16:24.000,17859,22,6,1505369.2855948014,11,7,11583,7301,1053.0,1043.0,0.0125444302475011,1.195719892263397e-05,0,0,0,SSH-Bruteforce,SSH-Bruteforce,1,2
2026-08-31 10:16:24.500,60843,22,6,262715.51793654327,6,10,4236,4730,706.0,473.0,0.0341281705400606,6.090237883570943e-05,0,1,0,SSH-Bruteforce,SSH-Bruteforce,1,2
2026-08-31 10:16:25.000,28822,22,6,314319.7885415952,5,5,2450,1795,490.0,359.0,0.0135053539567496,3.181473252473416e-05,1,0,0,SSH-Bruteforce,SSH-Bruteforce,1,2
2026-08-31 10:16:25.500,27137,22,17,27074.890317307065,10,6,6330,1686,633.0,281.0,0.2960676812757118,0.0005909534556401,0,1,0,SSH-Bruteforce,SSH-Bruteforce,1,2
2026-08-31 10:16:26.000,20501,22,6,19145.01255176631,17,7,21420,3528,1260.0,504.0,1.3031070060420116,0.0012535901934026,1,0,0,SSH-Bruteforce,SSH-Bruteforce,1,2
2026-08-31 10:16:26.500,18290,22,6,631474.8713046646,14,14,6118,3388,437.0,242.0,0.0150536473133277,4.434064009816722e-05,0,1,0,SSH-Bruteforce,SSH-Bruteforce,1,2
2026-08-31 10:16:27.000,21816,22,6,386197.6547952298,13,7,12480,4116,960.0,588.0,0.0429728140331919,5.1786953522766863e-05,0,1,0,SSH-Bruteforce,SSH-Bruteforce,1,2
2026-08-31 10:16:27.500,21476,22,17,355356.2601263522,17,10,18955,7970,1115.0,797.0,0.075769032434292,7.598008823494469e-05,0,0,0,SSH-Bruteforce,SSH-Bruteforce,1,2
2026-08-31 10:16:28.000,63303,22,6,139278.27212950535,15,3,21465,3594,1431.0,1198.0,0.1799203825195371,0.0001292376745022,1,0,0,SSH-Bruteforce,SSH-Bruteforce,1,2
2026-08-31 10:16:28.500,44550,22,6,682757.3441341477,6,6,8622,5382,1437.0,897.0,0.0205109474399786,1.7575790436999664e-05,1,0,0,SSH-Bruteforce,SSH-Bruteforce,1,2
2026-08-31 10:16:29.000,53453,22,17,92103.61424301902,8,9,8976,7425,1122.0,825.0,0.1780711879008852,0.0001845747329013,0,1,0,SSH-Bruteforce,SSH-Bruteforce,1,2
2026-08-31 10:16:29.500,50103,22,17,105320.2355896254,14,5,4662,2900,333.0,580.0,0.071800067261024,0.0001804021790477,1,1,0,SSH-Bruteforce,SSH-Bruteforce,1,2
2026-08-31 10:16:30.000,42358,22,6,308752.9228416583,90,10,74430,5260,827.0,526.0,0.2581028197692153,0.000323883573559,0,1,0,DoS-DoS attack-HOIC,DoS-DoS attack-HOIC,1,3
2026-08-31 10:16:30.500,62914,443,17,168632.17861131675,80,7,79280,4277,991.0,611.0,0.4954985500580942,0.0005159157683384,1,1,0,DoS-DoS attack-HOIC,DoS-DoS attack-HOIC,1,3
2026-08-31 10:16:31.000,12913,53,6,142152.54459727675,110,10,99880,8790,908.0,879.0,0.7644604625279231,0.0008441635732341,0,1,0,DoS-DoS attack-HOIC,DoS-DoS attack-HOIC,1,3
2026-08-31 10:16:31.500,25359,80,6,518153.56747309,160,5,23840,3500,149.0,700.0,0.0527642801588782,0.0003184384135411,1,1,0,DoS-DoS attack-HOIC,DoS-DoS attack-HOIC,1,3
2026-08-31 10:16:32.000,12278,443,6,526301.2003987745,70,6,10220,2664,146.0,444.0,0.0244802785743089,0.0001444040027668,0,1,0,DoS-DoS attack-HOIC,DoS-DoS attack-HOIC,1,3
2026-08-31 10:16:32.500,22098,8080,6,870106.7523119544,100,4,105200,5984,1052.0,1496.0,0.1277820218074345,0.000119525563642,1,0,0,DoS-DoS attack-HOIC,DoS-DoS attack-HOIC,1,3
2026-08-31 10:16:33.000,12466,445,6,270392.10627423384,80,10,26880,6960,336.0,696.0,0.1251515825111687,0.0003328499534871,1,1,0,DoS-DoS attack-HOIC,DoS-DoS attack-HOIC,1,3
2026-08-31 10:16:33.500,47313,443,6,37946.75472956475,120,10,105360,13130,878.0,1313.0,3.1225331602983624,0.0034258529060577,0,0,0,DoS-DoS attack-HOIC,DoS-DoS attack-HOIC,1,3
2026-08-31 10:16:34.000,54771,53,6,159872.92240250067,130,8,150540,9144,1158.0,1143.0,0.998818296371582,0.0008631855721254,1,1,0,DoS-DoS attack-HOIC,DoS-DoS attack-HOIC,1,3
2026-08-31 10:16:34.500,38351,445,6,1956148.1012919685,70,10,71680,9880,1024.0,988.0,0.0416941845792327,4.089669894971336e-05,1,1,0,DoS-DoS attack-HOIC,DoS-DoS attack-HOIC,1,3
2026-08-31 10:16:35.000,17223,443,6,453490.3218186328,5,17,4420,22950,884.0,1350.0,0.0603540994869185,4.851261193687276e-05,1,1,1,Data-Exfiltration,Data-Exfiltration,1,5
2026-08-31 10:16:35.500,8315,80,6,618484.0812922564,13,12,1534,304200,118.0,25350.0,0.4943280017106636,4.042141221704682e-05,1,0,1,Data-Exfiltration,Data-Exfiltration,1,5
2026-08-31 10:16:36.000,41952,80,6,3692.5159847128007,12,9,15756,248175,1313.0,27575.0,71.47728009246666,0.005687179156453,1,1,1,Data-Exfiltration,Data-Exfiltration,1,5
2026-08-31 10:16:36.500,1136,8080,6,365119.0431518456,9,11,6921,314600,769.0,28600.0,0.8805922507237728,5.477665538013211e-05,1,1,1,Data-Exfiltration,Data-Exfiltration,1,5
2026-08-31 10:16:37.000,22539,22,6,19125.493661235043,12,8,4536,69200,378.0,8650.0,3.855377605802656,0.0010457246408274,1,1,1,Data-Exfiltration,Data-Exfiltration,1,5
2026-08-31 10:16:37.500,20605,445,6,421090.7331810655,11,12,1056,223200,96.0,18600.0,0.532559807955323,5.462005735843157e-05,1,0,1,Data-Exfiltration,Data-Exfiltration,1,5
2026-08-31 10:16:38.000,49716,53,1,1267705.4938643577,7,7,6713,76300,959.0,10900.0,0.0654828746906317,1.1043574448205035e-05,1,0,1,Data-Exfiltration,Data-Exfiltration,1,5
2026-08-31 10:16:38.500,60746,53,6,1727601.8686488485,9,9,1674,161325,186.0,17925.0,0.0943498632161919,1.0419067220605375e-05,0,1,1,Data-Exfiltration,Data-Exfiltration,1,5
2026-08-31 10:16:39.000,27524,22,6,388865.4900386941,14,6,10990,151350,785.0,25225.0,0.4174708328570674,5.143166599200042e-05,1,1,1,Data-Exfiltration,Data-Exfiltration,1,5
2026-08-31 10:16:39.500,33050,80,6,306433.60921109084,17,13,18360,293800,1080.0,22600.0,1.0186872151310844,9.790048838394584e-05,1,1,1,Data-Exfiltration,Data-Exfiltration,1,5
