Window_ID,Window_Timestamp,Flow_Count,Src Port_mean,Src Port_std,Src Port_max,Src Port_min,Dst Port_mean,Dst Port_std,Dst Port_max,Dst Port_min,Protocol_mean,Protocol_std,Protocol_max,Protocol_min,Flow Duration_mean,Flow Duration_std,Flow Duration_max,Flow Duration_min,Tot Fwd Pkts_mean,Tot Fwd Pkts_std,Tot Fwd Pkts_max,Tot Fwd Pkts_min,Tot Bwd Pkts_mean,Tot Bwd Pkts_std,Tot Bwd Pkts_max,Tot Bwd Pkts_min,TotLen Fwd Pkts_mean,TotLen Fwd Pkts_std,TotLen Fwd Pkts_max,TotLen Fwd Pkts_min,TotLen Bwd Pkts_mean,TotLen Bwd Pkts_std,TotLen Bwd Pkts_max,TotLen Bwd Pkts_min,Fwd Pkt Len Mean_mean,Fwd Pkt Len Mean_std,Fwd Pkt Len Mean_max,Fwd Pkt Len Mean_min,Bwd Pkt Len Mean_mean,Bwd Pkt Len Mean_std,Bwd Pkt Len Mean_max,Bwd Pkt Len Mean_min,Flow Byts/s_mean,Flow Byts/s_std,Flow Byts/s_max,Flow Byts/s_min,Flow Pkts/s_mean,Flow Pkts/s_std,Flow Pkts/s_max,Flow Pkts/s_min,SYN Flag Cnt_mean,SYN Flag Cnt_std,SYN Flag Cnt_max,SYN Flag Cnt_min,ACK Flag Cnt_mean,ACK Flag Cnt_std,ACK Flag Cnt_max,ACK Flag Cnt_min,RST Flag Cnt_mean,RST Flag Cnt_std,RST Flag Cnt_max,RST Flag Cnt_min,Unique_Src_Ports,Unique_Dst_Ports,SYN_ACK_Ratio,RST_SYN_Ratio,Port_Diversity,Connection_Failure_Rate,Traffic_Burst_Score,Port_Scan_Score,Attack,Attack_Stage
0,2026-08-31 10:00:00,10,24819.1,15502.580641443039,51081,1186,1784.1,3322.675710594968,8080,53,6.6,3.9777157040470135,17,1,312321.3040036216,234025.00409979938,721310.1899608106,30718.12101437328,10.0,2.3570226039551585,13,5,10.4,2.756809750418044,16,7,6223.2,3911.9108658329915,13596,480,7462.3,4799.573801680497,13772,1792,675.1,488.52418341140265,1392.0,60.0,694.6,407.1879718808556,1276.0,189.0,0.15470743152394845,0.21719775219808057,0.632753545849296,0.0057853057644574,0.0001863330980742237,0.00024353910624546043,0.0007161896387654,3.30299377631233e-05,0.4,0.5163977794943223,1,0,0.6,0.5163977794943222,1,0,0.0,0.0,0,0,10,4,0.5714285714285714,0.0,0.36363636363636365,0.0,0.9951219512195122,1.4545454545454546,0,0
1,2026-08-31 10:00:05,10,33853.5,19821.846562988692,61621,6371,1008.2,2492.7567871735905,8080,22,6.6,3.9777157040470135,17,1,267189.05156773067,252181.25261864928,913630.968994574,26252.38534351172,9.5,3.1710495984067415,15,4,8.8,3.8239014399199966,17,5,6586.0,4028.99954496564,14625,1962,6976.8,3233.557270595686,11687,1715,723.0,368.4091927915661,1138.0,218.0,845.1,436.0057211653179,1474.0,343.0,0.11391695616750781,0.12148908033932815,0.4067439913063606,0.0185285274812525,0.00015866288732592157,0.00020764163706370236,0.0007237437567728,1.9701608866883632e-05,0.5,0.5270462766947299,1,0,0.4,0.5163977794943223,1,0,0.0,0.0,0,0,10,5,1.0,0.0,0.45454545454545453,0.0,0.9408740359897172,2.272727272727273,0,0
2,2026-08-31 10:00:10,10,33034.4,18052.31771023076,60087,3667,1814.8,3307.2716449262725,8080,22,6.0,0.0,6,6,443550.6937127725,513936.8894558197,1606832.467643761,24960.19672895963,10.7,3.3015148038438356,15,5,8.5,2.5055493963954847,11,4,7014.0,4654.488992121238,17212,2980,6626.8,4615.98186978916,16357,712,703.9,455.3690688758833,1460.0,247.0,791.9,444.4485847029378,1487.0,89.0,0.2315506693039823,0.3504191255386932,0.8876574034668164,0.0078527166048768,0.00023047304384745635,0.0002711546769036158,0.000681084375167,1.2446848319665385e-05,0.5,0.5270462766947299,1,0,0.5,0.5270462766947299,1,0,0.0,0.0,0,0,10,5,0.8333333333333334,0.0,0.45454545454545453,0.0,0.9896907216494846,2.272727272727273,0,0
3,2026-08-31 10:00:15,10,38093.0,17554.154956084392,61509,8951,1859.0,3283.1661547963117,8080,53,7.7,5.143496432929214,17,1,370646.99642850214,480152.3251343636,1459116.1503671445,22533.13058000253,12.7,4.4484703987875305,20,5,8.7,4.423422506008969,15,2,11098.6,8276.471647588322,24894,2420,9769.2,7480.348949079849,21630,1824,839.5,428.2847572974473,1383.0,220.0,1078.7,423.27822475950205,1454.0,228.0,0.38017879310947894,0.4991350749047547,1.42057491177911,0.0123403162057646,0.00033604898693566165,0.00040590844937534603,0.0011538565356531,1.4392274387869697e-05,0.2,0.42163702135578396,1,0,0.4,0.5163977794943222,1,0,0.0,0.0,0,0,10,5,0.4,0.0,0.45454545454545453,0.0,1.0740276035131744,0.9090909090909091,0,0
4,2026-08-31 10:00:20,10,30683.2,20544.136145274046,55767,2195,1859.2,3283.070371872444,8080,53,7.1,3.478505426185217,17,6,537464.5354707352,750896.2910844297,2278444.0461143088,65785.95928071695,11.6,2.590581230363393,18,8,8.4,2.0110804171997807,12,6,10019.9,6212.028232925754,18864,1200,6902.4,4465.231192222862,12528,1512,834.6,468.57234707614197,1363.0,100.0,787.0,444.7196370248964,1409.0,252.0,0.10926556314571731,0.10763018970770499,0.3462744975615865,0.0088884388788856,0.0001383647741590906,0.00011889333262954414,0.0003496186762035,1.209860101481712e-05,0.8,0.42163702135578396,1,0,0.5,0.5270462766947299,1,0,0.0,0.0,0,0,10,5,1.3333333333333333,0.0,0.45454545454545453,0.0,1.0020040080160322,3.6363636363636362,0,0
5,2026-08-31 10:00:25,10,36841.4,19777.343975142645,63569,6456,129.8,166.7625057779276,443,22,8.8,5.865151319446072,17,1,263707.2751402595,198501.3230712593,554989.8272229315,2098.1177611591675,10.6,3.9777157040470135,20,6,8.7,3.1989581637360205,14,3,9782.3,7235.107248686781,22480,1304,6538.8,4710.001976880924,13113,1364,899.2,506.56573556098766,1476.0,163.0,749.0,460.0352643487719,1457.0,124.0,0.9451190843646693,2.3121471270358356,7.422843566782087,0.0142654430339094,0.0010428710589894647,0.0025202556973913984,0.0081025003618399,2.522568759467395e-05,0.6,0.5163977794943223,1,0,0.7,0.4830458915396479,1,0,0.0,0.0,0,0,10,4,0.75,0.0,0.36363636363636365,0.0,0.977710233029382,2.1818181818181817,0,0
6,2026-08-31 10:00:30,10,32446.9,17945.848541592506,63316,7612,283.9,206.88990631090084,445,22,7.7,5.143496432929215,17,1,365845.0577005416,463577.46102320065,1570037.3348319917,50997.35481909057,11.1,4.508017549014447,20,5,10.7,1.766981104093143,13,8,8376.5,5253.132657969169,21140,2941,8110.7,5786.2267507514,17880,1001,799.0,351.8617152613604,1267.0,173.0,784.2,540.6016812568915,1490.0,91.0,0.10339774822103398,0.08746851238818949,0.2830538965869226,0.0115341206212924,0.00015516678524357604,0.00013276273779428693,0.0003921772034456,1.52862606941862e-05,0.6,0.5163977794943223,1,0,0.8,0.42163702135578396,1,0,0.0,0.0,0,0,10,5,0.6666666666666666,0.0,0.45454545454545453,0.0,1.0665362035225048,2.727272727272727,0,0
7,2026-08-31 10:00:35,10,26346.6,16169.156950468658,64838,7328,927.5,2518.733511112281,8080,22,7.1,3.478505426185217,17,6,463988.5590913667,389574.1775549294,1278314.8745537638,37757.91477930543,10.6,2.7162065049951147,16,7,8.5,3.064129385141706,13,4,10564.4,4555.227429375325,16440,819,7238.6,4281.88660911675,13624,760,1046.8,430.7342052305059,1443.0,63.0,816.0,344.331558562706,1354.0,95.0,0.10838492334536229,0.14099105208333146,0.4756088915452087,0.0012352199222737,0.00011090390612035578,0.00013721553827356355,0.0004502367277129,1.6427877370328208e-05,0.4,0.5163977794943222,1,0,0.7,0.48304589153964794,1,0,0.0,0.0,0,0,10,5,0.5,0.0,0.45454545454545453,0.0,0.9353574926542606,1.8181818181818181,0,0
8,2026-08-31 10:00:40,10,22523.6,17795.166792012813,63056,3360,1042.0,2481.4779198426622,8080,22,8.2,4.638007234913623,17,6,797123.8826720752,815406.0978259406,2447401.7579172463,99769.607645218,11.1,2.8460498941515415,16,6,8.4,2.913569784454954,12,4,6775.8,4338.094225706849,13468,2088,6949.1,4473.566572409287,12716,564,600.2,351.711308382947,1216.0,210.0,855.6,441.82329298286464,1436.0,47.0,0.04903054970607139,0.05130871777022596,0.16622143157237,0.0035903381909155,7.654071585387666e-05,7.489256945594216e-05,0.0002004618487537,7.354738526969336e-06,0.6,0.5163977794943223,1,0,0.6,0.5163977794943223,1,0,0.0,0.0,0,0,10,5,0.8571428571428571,0.0,0.45454545454545453,0.0,0.9730538922155688,2.727272727272727,0,0
9,2026-08-31 10:00:45,10,39439.6,19819.024553864063,63429,2657,172.1,188.59860374173857,445,22,6.0,0.0,6,6,497438.29946805054,347719.6264003121,1006539.2812131746,30734.192931961086,10.3,3.3349995835415367,17,6,9.5,2.6352313834736494,13,4,7431.9,4719.545727904094,14722,1023,8157.1,5919.733917631396,17376,630,695.7,342.10396405511324,1282.0,93.0,837.1,508.24260392498036,1448.0,70.0,0.10576906835382036,0.1423283994822237,0.3978630583562594,0.0054043788609457,0.00011380308607112421,0.0001493388783334389,0.0004229816616479,1.8876560860010023e-05,0.5,0.5270462766947299,1,0,0.5,0.5270462766947299,1,0,0.0,0.0,0,0,10,5,0.8333333333333334,0.0,0.45454545454545453,0.0,0.99,2.272727272727273,0,0
10,2026-08-31 10:00:50,10,27369.0,23743.626129506374,61956,1121,1774.8,3328.008239840227,8080,22,7.1,3.478505426185217,17,6,516719.5794184506,828335.6241620568,2831268.751802723,71363.80217502092,11.1,2.8460498941515415,16,6,9.0,1.5634719199411433,12,7,8845.2,5549.3235984217035,19520,1320,4821.4,3130.7096888014953,9110,558,792.7,391.54765567765395,1271.0,120.0,535.1,326.99454633576585,911.0,62.0,0.08989684652696336,0.10002851379866737,0.2764098293541677,0.004689063866332,0.00011786977821664723,0.00010739998991102494,0.0003441700236006,6.71077233054447e-06,0.5,0.5270462766947299,1,0,0.6,0.5163977794943223,1,0,0.0,0.0,0,0,10,6,0.7142857142857143,0.0,0.5454545454545454,0.0,0.9970238095238095,2.727272727272727,0,0
11,2026-08-31 10:00:55,10,26172.6,20162.034460837527,63051,4774,1772.3,3329.4579488759623,8080,22,11.5,5.797509043642029,17,6,783528.8756130288,738290.2006521318,2385776.274317256,116796.09309297986,8.4,1.505545305418162,12,7,8.5,3.2744804507314167,14,3,5000.7,3147.767217498072,10485,1512,6999.5,4959.956434620503,15552,672,589.2,354.2453010744579,1165.0,178.0,790.3,416.76506838052325,1337.0,112.0,0.03413768736890329,0.02768500704749009,0.0702890717785843,0.0030480645139496,4.566975924181483e-05,3.400819932347806e-05,0.0001027431627307,7.544714143439816e-06,0.6,0.5163977794943222,1,0,0.5,0.5270462766947299,1,0,0.0,0.0,0,0,10,6,1.0,0.0,0.5454545454545454,0.0,0.8811261730969759,3.272727272727273,0,0
12,2026-08-31 10:01:00,10,31049.9,20806.351425840032,60658,2751,905.1,2523.8570768655745,8080,22,10.4,5.680375574437545,17,6,313927.2458956956,203611.84145352812,677924.0778292903,12761.01432619636,12.3,1.4944341180973264,15,10,9.0,3.3333333333333335,15,6,9604.0,4805.701821794606,16524,1120,5584.8,3874.893455166076,13113,469,777.5,405.00075445745915,1377.0,112.0,676.9,529.5640660014612,1457.0,67.0,0.17602391857656643,0.3692801468685011,1.222238263282835,0.0227577106409508,0.00024127282092176698,0.00049648134417111,0.0016456372077283,3.996172776936183e-05,0.8,0.42163702135578396,1,0,0.5,0.5270462766947299,1,0,0.0,0.0,0,0,10,5,1.3333333333333333,0.0,0.45454545454545453,0.0,1.0856269113149848,3.6363636363636362,0,0
13,2026-08-31 10:01:05,10,30588.3,21147.51178980638,64902,10307,1095.7,2460.335254933089,8080,53,6.6,3.977715704047013,17,1,467319.50833028427,241689.42154104653,795415.081360898,71463.1942376169,11.3,3.802046232695699,17,6,8.9,2.8067379246694513,12,5,7231.8,7618.798429615468,25381,1035,6766.8,5099.243599681123,17772,1500,610.8,504.80200739167697,1494.0,69.0,719.0,428.33605706008194,1481.0,250.0,0.05284876720062304,0.05726863868982853,0.1625592043891516,0.0039073938535881,7.269358361783188e-05,7.689624108050941e-05,0.000265871127089,1.5086462755166772e-05,0.5,0.5270462766947299,1,0,0.5,0.5270462766947299,1,0,0.0,0.0,0,0,10,5,0.8333333333333334,0.0,0.45454545454545453,0.0,1.0222672064777327,2.272727272727273,0,0
14,2026-08-31 10:01:10,10,23816.8,19628.276280237482,61043,1805,927.3,2518.776160051632,8080,22,5.5,1.5811388300841898,6,1,260039.02077010152,203940.15734332692,663274.216899862,3242.671116690151,11.6,3.687817782917155,17,7,8.7,2.3118054512532935,12,4,8906.3,6407.271269598487,22797,812,4529.0,3175.5547196950924,8664,440,735.4,411.0215457991358,1341.0,116.0,527.7,377.835369793071,1083.0,73.0,0.6959205182638142,1.7080532673537225,5.46247192760493,0.0157959109350114,0.0007094909744205996,0.0015489079852602204,0.004934203739721,3.0153441050638595e-05,1.0,0.0,1,1,0.0,0.0,0,0,0.0,0.0,0,0,10,6,10.0,0.0,0.5454545454545454,0.0,1.0221550855991943,5.454545454545454,1,1
15,2026-08-31 10:01:15,10,34726.3,17240.902026221764,57724,7847,890.4,2529.349332228438,8080,22,6.6,3.9777157040470135,17,1,497707.01272480265,439152.81348146027,1419144.1185867116,47937.2650094033,12.1,4.094712037087183,21,7,10.4,2.7162065049951147,14,6,11002.2,9199.92420017083,30492,765,7231.6,4261.530976851707,15059,689,883.6,522.3164643096069,1489.0,51.0,719.6,395.161626567043,1369.0,53.0,0.11256933204813349,0.2052758576181825,0.6878156270837333,0.0090299054442709,0.0001224370696829071,0.00017994574271493387,0.0006049573330531,1.4103717991832769e-05,1.0,0.0,1,1,0.0,0.0,0,0,0.0,0.0,0,0,10,5,10.0,0.0,0.45454545454545453,0.0,1.1061946902654867,4.545454545454546,1,1
16,2026-08-31 10:01:20,10,29127.5,12437.647135924777,51753,14589,22.0,0.0,22,22,7.1,3.478505426185217,17,6,612661.323035196,420757.6184969368,1221161.95243503,11411.492965000414,11.5,4.790035954399971,19,4,8.3,3.6224607965059086,16,4,8668.2,6161.608859164409,19873,1590,7181.1,6324.437567439846,20944,525,689.7,354.1587999126318,1169.0,242.0,819.4,525.6171399200923,1441.0,75.0,0.3242771273406055,0.925482659398109,2.9569312336187785,0.0090168418729834,0.00027806030877154,0.0007351683635849667,0.0023660357202295,1.4432781825455731e-05,0.4,0.5163977794943223,1,0,0.6,0.5163977794943222,1,0,0.0,0.0,0,0,10,1,0.5714285714285714,0.0,0.09090909090909091,0.0,0.9464627151051626,0.36363636363636365,1,2
17,2026-08-31 10:01:25,10,37712.4,19671.91807967218,65190,7876,22.0,0.0,22,22,7.1,3.478505426185217,17,6,272026.10146212403,151514.07174046338,477802.7384912371,99704.44905313678,11.4,2.8751811537130436,17,8,9.0,3.711842908553348,15,5,9614.0,4357.566395235865,15851,605,4897.9,4098.994333302309,13076,720,886.8,451.28429078698395,1441.0,55.0,577.3,450.1234522019734,1304.0,80.0,0.07377579701949726,0.05387271921364382,0.1693404873969905,0.0288130997288915,0.00010677746842060627,6.547925673715489e-05,0.0001905632113564,3.3832871431221776e-05,0.8,0.42163702135578396,1,0,0.4,0.5163977794943223,1,0,0.0,0.0,0,0,10,1,1.6,0.0,0.09090909090909091,0.0,0.9836065573770492,0.7272727272727273,1,2
18,2026-08-31 10:01:30,10,33320.4,21757.609658334357,62025,3575,241.8,213.64186023446914,445,22,9.3,5.313504806936128,17,6,245665.5365999756,262992.0404052026,835300.7316259138,6979.556282118813,134.0,37.475918193480524,190,70,7.7,2.6267851073127395,11,4,118476.0,60079.061281318674,209120,30170,5230.6,3218.018790083944,10307,784,873.3,392.08787280404374,1325.0,259.0,712.7,424.41438084337653,1426.0,98.0,3.727646573484126,7.620070640560425,24.9442790792576,0.0489679925455022,0.0034921107673394902,0.007176782842247008,0.0236404712698305,0.0001568297441131,0.5,0.5270462766947299,1,0,0.4,0.5163977794943222,1,0,0.0,0.0,0,0,10,5,1.0,0.0,0.45454545454545453,0.0,3.1460923623445827,2.272727272727273,1,3
19,2026-08-31 10:01:35,10,24152.9,17624.27563491775,58852,3309,1044.9,2480.242839813159,8080,22,10.4,5.680375574437545,17,6,571847.9645199707,417987.04798861855,1349690.9824771476,10171.689702263217,12.1,2.8460498941515415,17,8,9.1,1.66332999331662,12,7,9280.7,7156.071719564831,20349,583,7738.7,4089.4607916773903,15345,2261,717.3,455.93568016162595,1404.0,53.0,827.0,354.44667362587063,1395.0,323.0,0.26678788275122034,0.707282528129974,2.276514586566931,0.0079832106286347,0.0002564744747874331,0.0006066339714526374,0.0019662416536249,1.3805413814793835e-05,0.7,0.4830458915396479,1,0,0.4,0.5163977794943222,1,0,0.0,0.0,0,0,10,5,1.4,0.0,0.45454545454545453,0.0,0.4688191065900044,3.1818181818181817,0,0
20,2026-08-31 10:01:40,10,21473.1,13705.008406904875,48681,7554,941.6,2513.2155233219987,8080,22,7.1,3.478505426185217,17,6,767123.1936431613,895166.0420028702,2896211.3470180333,25236.770260244764,10.2,3.155242550986462,17,7,10.0,1.8257418583505538,14,8,8742.6,5840.243016252739,18938,2464,8283.1,3572.1946708804467,14430,2352,817.1,368.6357581980107,1344.0,308.0,871.5,396.9898543343954,1443.0,168.0,0.16617271640829667,0.3387284838396891,1.112662186932356,0.0044779190625394,0.00015493427664131217,0.00025998639862488904,0.0008717438786507,5.179180039948518e-06,0.2,0.42163702135578396,1,0,0.6,0.5163977794943223,1,0,0.0,0.0,0,0,10,6,0.2857142857142857,0.0,0.5454545454545454,0.0,0.451295799821269,1.0909090909090908,0,0
21,2026-08-31 10:01:45,10,21477.2,23303.403522518624,60635,1282,2619.6,3771.7696170954614,8080,22,7.1,3.4785054261852175,17,6,409179.4479653033,312215.96617413795,979894.1551541256,74322.68527692113,11.4,2.988868236194653,17,8,9.1,3.8137179293236207,14,2,10925.4,7658.429302264126,24701,1170,6839.4,5699.933707216836,17654,582,940.5,528.6564206657393,1453.0,117.0,780.3,536.2802024646776,1486.0,80.0,0.08474088366022829,0.11854364971304615,0.3996895414276358,0.0091117710264974,9.688921952483317e-05,8.855528596552317e-05,0.0002960065276849,1.5307775764299364e-05,0.4,0.5163977794943223,1,0,0.4,0.5163977794943222,1,0,0.0,0.0,0,0,10,5,0.8,0.0,0.45454545454545453,0.0,0.45657015590200445,1.8181818181818181,0,0
22,2026-08-31 10:01:50,10,29430.3,18278.846930871274,65439,3331,963.6,2507.8001072210236,8080,22,6.6,3.9777157040470135,17,1,802038.9573473154,633333.9849829342,1876677.486173408,70043.45865100579,11.8,3.2930904093942583,18,7,8.9,1.5951314818673865,11,7,8550.0,4118.191107755928,15470,1665,6240.2,3731.796939813312,13080,1611,777.4,384.67510100516427,1227.0,111.0,714.8,387.99077881367805,1308.0,165.0,0.05469026688410465,0.09419510057138833,0.3126059223598822,0.0076843251470597,6.56450503799119e-05,8.74971792265036e-05,0.0002998138641558,8.525705731430256e-06,0.8,0.42163702135578396,1,0,0.7,0.4830458915396479,1,0,0.0,0.0,0,0,10,5,1.0,0.0,0.45454545454545453,0.0,0.46040925266903915,3.6363636363636362,0,0
23,2026-08-31 10:01:55,10,41993.8,24224.376009851454,64394,3615,1050.7,2477.543454042061,8080,22,6.0,0.0,6,6,390500.84609478,210295.59858310854,683667.1084061067,115851.22037602506,11.4,3.7475918193480524,18,5,8.6,3.533962208186286,17,5,8343.7,4125.7103913548435,14807,1080,6454.8,4086.924782495731,13158,996,803.0,388.9855752823976,1461.0,60.0,755.9,411.8717303023142,1291.0,166.0,0.06029397420147485,0.05671513258073756,0.1664462397180416,0.0142998936189851,7.553759362394996e-05,5.651233615695316e-05,0.0001812669726743,2.0477802467979853e-05,0.7,0.48304589153964794,1,0,0.4,0.5163977794943222,1,0,0.0,0.0,0,0,10,6,1.4,0.0,0.5454545454545454,0.0,0.9699321047526673,3.8181818181818183,0,0
24,2026-08-31 10:02:00,10,43262.9,17851.88895980852,57505,2307,1008.8,2492.4984252753297,8080,22,8.9,7.264066813202276,17,1,559218.1937344916,436741.1357298858,1199838.2485218565,100943.89980158064,11.7,4.001388647846033,18,7,9.2,2.7406406388125957,12,3,8482.7,6251.8715606697415,20553,784,6497.6,4116.734984588312,11880,1152,749.5,472.8070430947492,1392.0,56.0,716.2,406.89359788524564,1313.0,144.0,0.05495803525925299,0.06879248044196327,0.2078808577271676,0.0057932743668201,7.600915863508246e-05,6.704281695736561e-05,0.0001981298526937,1.4078431025079336e-05,0.5,0.5270462766947299,1,0,0.5,0.5270462766947299,1,0,0.0,0.0,0,0,10,6,0.8333333333333334,0.0,0.5454545454545454,0.0,1.0165369649805447,2.727272727272727,0,0
25,2026-08-31 10:02:05,10,19839.6,18774.690772420196,64222,2149,2586.6,3794.272180244556,8080,53,8.2,4.638007234913623,17,6,463394.1356681247,510170.2367013071,1565110.708204426,32232.63645829332,9.2,2.573367875415838,12,3,8.6,2.9514591494904874,14,4,6259.2,4446.567185293992,13104,400,5516.6,4867.582315688149,18102,824,728.4,502.3199953991258,1493.0,40.0,634.6,401.47539014102585,1293.0,103.0,0.13312783285197952,0.24571247205669489,0.8023544715443925,0.0045256390424109,0.00014879150987605756,0.00020962461716236505,0.0006825380238951,7.667189251864703e-06,0.6,0.5163977794943223,1,0,0.3,0.4830458915396479,1,0,0.0,0.0,0,0,10,5,1.5,0.0,0.45454545454545453,0.0,0.8864541832669323,2.727272727272727,0,0
26,2026-08-31 10:02:10,10,40215.7,15304.59784255118,63393,24196,2493.5,3857.078579270413,8080,22,6.6,3.9777157040470135,17,1,609330.0909379157,433485.9563158803,1450429.8636628971,79319.18373443041,12.1,2.330951164939612,17,9,9.4,2.503331114069145,12,5,7409.9,5765.936243721974,18148,768,5935.9,4192.148784732399,12636,721,612.9,454.2956575232086,1396.0,64.0,611.8,381.90423465110257,1053.0,103.0,0.04510584885040353,0.05739426393059089,0.1771198257065584,0.0049698773728449,7.255706903884561e-05,7.774047872866802e-05,0.0002647531027003,1.3099564808936464e-05,0.2,0.42163702135578396,1,0,0.5,0.5270462766947299,1,0,0.0,0.0,0,0,10,5,0.3333333333333333,0.0,0.45454545454545453,0.0,1.0601577909270217,0.9090909090909091,0,0
27,2026-08-31 10:02:15,10,25075.8,15857.81568817093,50440,1669,1736.0,3347.411238554355,8080,22,10.4,5.680375574437545,17,6,526425.6136618583,466155.44673015986,1522322.122757454,63889.94881696099,11.8,3.8528488738133038,17,7,9.3,3.683295625749672,15,4,9110.5,7289.8323140293605,20094,1190,6167.4,4953.282081385813,14313,480,726.9,448.1841015574837,1393.0,147.0,641.5,484.36516298254884,1270.0,96.0,0.09572183885696164,0.13823510806422856,0.4583819605070894,0.0012152487126948,0.00010271492412361074,0.00011752406368514641,0.0003912978560635,7.225803156563817e-06,0.5,0.5270462766947299,1,0,0.3,0.4830458915396479,1,0,0.0,0.0,0,0,10,5,1.25,0.0,0.45454545454545453,0.0,1.0363457760314343,2.272727272727273,0,0
28,2026-08-31 10:02:20,10,36905.1,14817.783433353916,57720,17111,1859.2,3283.070371872444,8080,53,7.1,3.478505426185217,17,6,622477.4808437728,421803.2111164979,1457073.398826843,70601.45951758322,10.9,1.3703203194062976,13,9,8.4,3.1692971530679235,16,6,5627.3,4312.431900911595,16289,2484,6727.8,3456.284093261625,11536,2751,506.1,332.41154211809993,1253.0,207.0,860.2,437.0186367752397,1474.0,172.0,0.038516657930233573,0.03807350915556671,0.1222071053166986,0.0063594950178819,6.811756068318246e-05,8.111212148300976e-05,0.0002691162495383,1.2353530037930208e-05,0.4,0.5163977794943222,1,0,0.6,0.5163977794943222,1,0,0.0,0.0,0,0,10,5,0.5714285714285714,0.0,0.45454545454545453,0.0,0.9545004945598418,1.8181818181818181,0,0
29,2026-08-31 10:02:25,10,29594.4,21785.973658908766,60189,1611,2541.4,3825.1837777201417,8080,22,7.1,3.478505426185217,17,6,468939.7643538448,382637.6911958651,1031953.99526277,27563.364477845607,11.8,3.4253953543107007,16,5,8.4,1.776388345929897,11,6,8961.4,6188.46987370689,20430,2070,6995.5,3864.2951707480456,12710,1810,800.7,517.3505259170678,1402.0,207.0,837.4,407.6886611673723,1363.0,181.0,0.09955571838072019,0.12944439507976743,0.421755479274897,0.0164341578666262,0.00015689588285274295,0.00027121860731304517,0.0009070010306987,2.20922609589569e-05,0.7,0.48304589153964794,1,0,0.8,0.42163702135578396,1,0,0.0,0.0,0,0,10,4,0.7777777777777778,0.0,0.36363636363636365,0.0,1.0059760956175299,2.5454545454545454,0,0
30,2026-08-31 10:02:30,10,30196.0,15952.319733784454,60066,7474,1017.3,2488.8690894549763,8080,22,5.5,1.5811388300841898,6,1,522552.34024562145,316864.1363918968,912721.8178311615,55690.063831579886,13.4,2.8751811537130436,18,9,8.8,3.1198290551460244,13,2,10115.6,7242.7327285892425,21975,2244,7224.1,5284.642118651198,15444,690,736.3,480.2256529776161,1465.0,132.0,804.5,452.0821582165987,1440.0,69.0,0.0942934115052241,0.17996327906747464,0.5985987032593475,0.0144911164039288,9.542527703916067e-05,0.00013193448274503137,0.0004489131143953,2.2670707765846068e-05,1.0,0.0,1,1,0.0,0.0,0,0,0.0,0.0,0,0,10,6,10.0,0.0,0.5454545454545454,0.0,1.0591603053435115,5.454545454545454,1,1
31,2026-08-31 10:02:35,10,21983.3,14116.480518646755,42879,6457,4150.1,4144.72332409937,8080,53,6.6,3.9777157040470135,17,1,614245.6950161421,514496.07055597514,1627466.8279520357,24173.399626215964,11.6,2.1705094128132942,15,9,7.5,2.5055493963954847,13,4,11549.4,5058.3197078344765,16835,1740,4110.1,3339.2202166906504,9542,655,1006.9,416.4827460745256,1462.0,145.0,515.7,389.7027499689133,1306.0,131.0,0.07905008019405856,0.10639336350941882,0.3512952306169424,0.0094235488420018,0.0001342156029322076,0.00022401775760241884,0.0007032523457946,1.1060133264000322e-05,1.0,0.0,1,1,0.0,0.0,0,0,0.0,0.0,0,0,10,5,10.0,0.0,0.45454545454545453,0.0,0.9326171875,4.545454545454546,1,1
32,2026-08-31 10:02:40,10,33967.4,20761.781577375932,64783,10146,1096.1,2460.217490385758,8080,53,5.5,1.5811388300841898,6,1,404646.716459781,430189.72572732525,1424158.2784253394,5386.559961795687,9.9,2.5582111805799856,14,6,9.5,4.06201920231798,15,4,11316.0,3065.3088298281173,15624,6616,5771.3,4303.093901162537,12738,464,1157.6,204.45765657791674,1357.0,827.0,600.1,430.3707574741677,1158.0,116.0,0.44127053658846227,1.1513366188371816,3.712016594021951,0.0151201232594086,0.00041922200709608524,0.001029966523220912,0.0033416503472065,1.4043382889978442e-05,1.0,0.0,1,1,0.0,0.0,0,0,0.0,0.0,0,0,10,5,10.0,0.0,0.45454545454545453,0.0,0.9632571996027806,4.545454545454546,1,1
33,2026-08-31 10:02:45,10,20105.4,19752.839858837742,59438,1179,239.1,216.07069316416894,445,22,7.1,3.478505426185217,17,6,533968.0096782409,527286.6714338606,1860263.881034444,210867.08057373008,11.3,3.591656999213594,18,7,9.7,1.888562063228706,12,6,8113.9,5216.631106375071,18054,830,6260.7,3171.4663643179315,10010,1190,676.3,328.35653048342306,1062.0,83.0,666.5,380.5336165614456,1343.0,167.0,0.04354529202044662,0.031032377278060408,0.1102926624769686,0.0040621785158347,6.134785295855977e-05,3.103090232085944e-05,0.0001172217716453,1.1826279176934894e-05,1.0,0.0,1,1,0.0,0.0,0,0,0.0,0.0,0,0,10,4,10.0,0.0,0.36363636363636365,0.0,1.025390625,3.6363636363636362,1,1
34,2026-08-31 10:02:50,10,38313.9,16369.69946408438,60606,10818,284.3,207.23312154833422,445,22,6.0,0.0,6,6,470255.4024253101,595016.1529947317,2029668.4976046607,38097.263919445446,10.0,4.163331998932265,18,4,10.3,2.8303906287138374,15,6,7536.2,6893.056503145434,24426,1052,9098.9,3047.8281320019055,14964,4928,686.4,400.49308497290076,1357.0,144.0,924.9,307.52793911014544,1323.0,448.0,0.11861552804752928,0.14831519902772183,0.4639440783131661,0.0082673599258797,0.00013696480494934475,0.0001684044070233308,0.0005774692912525,1.2317282368712372e-05,1.0,0.0,1,1,0.0,0.0,0,0,0.0,0.0,0,0,10,5,10.0,0.0,0.45454545454545453,0.0,0.9902439024390244,4.545454545454546,1,1
35,2026-08-31 10:02:55,10,36955.4,19685.067387348317,64302,7394,932.7,2516.718368122354,8080,22,8.2,4.638007234913623,17,6,653956.2686828537,762062.2034261328,2728592.315316911,148292.262432662,11.2,2.3475755815545343,14,8,9.6,2.9514591494904874,15,5,11168.2,6671.30629886931,20314,657,8825.8,4926.0862490757645,17310,2508,980.3,511.43850504674015,1482.0,73.0,925.2,387.6340771626996,1499.0,228.0,0.04695282489554416,0.022536150338118975,0.0869364307189308,0.0099828031644721,5.826977697547722e-05,3.607262168231501e-05,0.0001281253632996,6.9632974824689495e-06,1.0,0.0,1,1,0.0,0.0,0,0,0.0,0.0,0,0,10,6,10.0,0.0,0.5454545454545454,0.0,1.0286844708209695,5.454545454545454,1,1
36,2026-08-31 10:03:00,10,38955.1,16518.307920136507,56291,9203,1855.9,3285.0749509460716,8080,22,7.7,5.143496432929214,17,1,446332.2647001517,497135.26556914346,1267204.3585554834,113.53199766673676,9.0,2.4037008503093262,13,6,9.9,3.142893217686178,14,3,7205.6,4862.4630064288285,16601,1953,9811.9,5694.144857268346,17364,2169,758.9,389.31462569209725,1317.0,279.0,960.3,428.000272585583,1485.0,289.0,11.313511840061121,35.39774601407561,112.0565051341672,0.0033442562353292,0.01510972618176637,0.047303842529005394,0.1497375088257225,8.113188343836048e-06,1.0,0.0,1,1,0.0,0.0,0,0,0.0,0.0,0,0,10,5,10.0,0.0,0.45454545454545453,0.0,0.9365708622398414,4.545454545454546,1,1
37,2026-08-31 10:03:05,10,32285.5,21834.932807824764,62176,3478,5716.3,3807.2006645303054,8080,80,8.2,4.638007234913623,17,6,375242.896066357,405999.36572608695,1321187.1371146208,34999.23282386662,10.4,3.777124126457412,17,5,8.4,3.3065591380365986,16,5,7181.8,4001.3683437322065,13077,1640,6076.6,5220.482229747661,16944,708,706.2,346.6864737931249,1453.0,205.0,680.3,399.75744034490606,1254.0,118.0,0.0974442141338501,0.09549042248131073,0.3021447663799446,0.0101317988151046,0.0001541616253619275,0.00015833626700034804,0.0004857249323348,1.2110320748975624e-05,1.0,0.0,1,1,0.0,0.0,0,0,0.0,0.0,0,0,10,3,10.0,0.0,0.2727272727272727,0.0,0.9371884346959123,2.727272727272727,1,1
38,2026-08-31 10:03:10,10,19696.9,20790.170259844755,59834,1165,983.3,2499.79150463927,8080,22,9.3,5.313504806936128,17,6,430291.8096732496,786282.659800369,2586309.7731957007,18119.501455745994,10.8,3.457680661303984,17,4,9.2,2.6583202716502514,13,5,9925.1,7101.791705853766,25058,1224,5621.4,4936.81949347058,14628,671,907.6,492.99407253592364,1486.0,136.0,595.7,437.98453803251493,1311.0,61.0,0.23156008862842392,0.3021812024029478,0.9914687425916237,0.0092166067061852,0.00037352858462345585,0.00042495129486753167,0.0011589722840719,6.573071863286005e-06,1.0,0.0,1,1,0.0,0.0,0,0,0.0,0.0,0,0,10,5,10.0,0.0,0.45454545454545453,0.0,1.0070493454179255,4.545454545454546,1,1
39,2026-08-31 10:03:15,10,27179.0,19487.791169516022,61986,7166,2490.4,3859.2698273118976,8080,22,7.7,5.143496432929215,17,1,523113.1238490897,351036.4556178109,1005090.8730809612,4980.066673638775,10.0,2.260776661041756,13,6,7.6,2.590581230363393,11,3,6123.0,4129.419625618647,14377,728,4991.7,2862.5971909749683,8960,680,590.8,362.2058346667909,1307.0,104.0,757.0,463.18366887349464,1430.0,68.0,0.32032409099567616,0.9306588571409307,2.9682333468674096,0.0057657683283302,0.0003801375654247508,0.0010662587051966446,0.0034136089092643,1.2142720242183744e-05,1.0,0.0,1,1,0.0,0.0,0,0,0.0,0.0,0,0,10,5,10.0,0.0,0.45454545454545453,0.0,0.9109730848861284,4.545454545454546,1,1
40,2026-08-31 10:03:20,10,36106.9,21329.546046375304,62733,5112,944.5,2512.1248310278424,8080,22,10.4,5.680375574437545,17,6,973404.9941834442,940667.1959484188,2422707.02632693,51219.55677309854,10.9,2.2335820757001272,14,7,9.2,3.6453928305312844,17,5,8345.8,4807.659046886656,20734,4004,6108.7,4111.206988221342,13284,1290,771.2,370.6893877928288,1481.0,308.0,692.9,462.5807917422522,1442.0,165.0,0.037501739347319374,0.04213011085715141,0.1497865362734183,0.0047345461737074,7.835628812712694e-05,0.00011024241003421189,0.0003709520580285,6.228495248252569e-06,0.7,0.4830458915396479,1,0,0.3,0.4830458915396479,1,0,0.0,0.0,0,0,10,5,1.75,0.0,0.45454545454545453,0.0,1.0479666319082377,3.1818181818181817,0,0
41,2026-08-31 10:03:25,10,31386.0,19820.199673845647,60699,6099,969.2,2505.5998084291114,8080,22,5.0,2.1081851067789197,6,1,334333.65632569336,327509.2694211811,878747.7040994845,299.0588357564428,9.1,2.2335820757001272,13,6,9.0,2.0548046676563256,12,5,9119.6,3842.5162531283527,16575,4290,8169.3,4281.25417891118,14928,1240,1021.8,371.22703445615474,1474.0,429.0,943.0,479.5613736646344,1426.0,124.0,5.64232439831516,16.985487436690775,53.95593619438148,0.0192304963236982,0.006197371052220547,0.017851836451442244,0.0568449997090037,2.107066799528658e-05,0.7,0.4830458915396479,1,0,0.4,0.5163977794943222,1,0,0.0,0.0,0,0,10,6,1.4,0.0,0.5454545454545454,0.0,0.9516298633017877,3.8181818181818183,0,0
42,2026-08-31 10:03:30,10,27787.3,17755.818483277842,53166,8254,1808.2,3311.148300313151,8080,22,7.1,3.478505426185217,17,6,371604.19450201944,403903.783832812,1178515.3543676273,35311.360073131415,10.0,1.8257418583505538,12,7,9.2,4.366539438350085,18,3,9055.2,4349.408179409138,17496,902,8928.7,5020.41164868203,18486,3882,917.1,394.19748293914256,1458.0,82.0,997.5,316.3869817521293,1492.0,528.0,0.13410526700241204,0.18371329536670003,0.6295141265492917,0.0114093626377081,0.00014915811337175275,0.0002052444940818391,0.0007079874561938,1.5335164835629167e-05,0.2,0.42163702135578396,1,0,0.4,0.5163977794943222,1,0,0.0,0.0,0,0,10,5,0.4,0.0,0.45454545454545453,0.0,1.0052356020942408,0.9090909090909091,0,0
43,2026-08-31 10:03:35,10,40441.9,18198.21503731738,59511,5517,942.2,2512.9769331744105,8080,53,7.1,3.478505426185217,17,6,356135.67258427764,463529.3374106048,1533108.2645374597,31058.43180608941,12.4,2.6331223544175333,16,8,8.8,2.8982753492378874,13,4,6967.5,6697.450182304042,21555,624,7513.1,4567.897679579864,15906,1030,524.5,432.96298276462903,1437.0,48.0,915.9,480.06005411360314,1446.0,103.0,0.12647697754045817,0.13922206022676212,0.4476139276488914,0.0051157851210505,0.00020507799406869527,0.0002504813068560957,0.0008049343942423,1.1088584148372609e-05,0.5,0.5270462766947299,1,0,0.7,0.48304589153964794,1,0,0.0,0.0,0,0,10,4,0.625,0.0,0.36363636363636365,0.0,1.0961737331954498,1.8181818181818181,0,0
44,2026-08-31 10:03:40,10,43912.6,20359.10408528714,65331,7840,3416.9,4016.405370477438,8080,22,7.2,5.553777493242275,17,1,482835.85018187726,548002.9280218093,1555551.2648309409,36573.40658065671,9.7,2.5841396591085743,15,6,9.3,2.057506581601462,13,7,5161.6,2568.0585922703035,10451,3066,5704.5,3792.648686018197,11672,1672,585.7,386.25899486110495,1493.0,229.0,652.6,483.1961184538726,1459.0,209.0,0.1149682007517058,0.12698006514757396,0.377943473960843,0.0059322743975057,0.00020007507828678767,0.0002193838164900239,0.0006288722365248,1.0285742657048362e-05,0.6,0.5163977794943223,1,0,0.4,0.5163977794943222,1,0,0.0,0.0,0,0,10,5,1.2,0.0,0.45454545454545453,0.0,0.9683995922528034,2.727272727272727,0,0
45,2026-08-31 10:03:45,10,33378.2,20474.680313879275,64263,6851,155.1,200.43089693069888,445,22,7.1,3.478505426185217,17,6,669775.0662524069,486986.0562581665,1365113.5311510123,6658.546538187224,10.7,2.2135943621178655,14,6,9.5,2.798809270624444,14,6,10104.9,3708.574342730041,16620,5520,5110.7,5368.949722452448,17604,819,970.9,348.8248366539669,1457.0,510.0,513.1,476.5215280201585,1467.0,117.0,0.27598287952932776,0.7597187663524981,2.435967051160116,0.0103158368847052,0.00028951449551395956,0.0007445822256166281,0.0024029268075562,1.518056223129697e-05,0.5,0.5270462766947299,1,0,0.6,0.5163977794943223,1,0,0.0,0.0,0,0,10,3,0.7142857142857143,0.0,0.2727272727272727,0.0,1.0285132382892057,1.3636363636363635,0,0
46,2026-08-31 10:03:50,10,36428.0,21482.174315774773,64119,6398,199.7,211.05346873876928,445,22,6.1,4.3576242252962665,17,1,319043.1105213473,313743.69072763406,1095483.1739603523,87105.12926934543,11.2,3.583914681524163,18,7,7.7,2.406010991015812,12,4,8961.9,6543.822879462568,23544,1472,6600.2,4631.323564118096,16836,1267,758.1,407.5527096108074,1308.0,184.0,862.7,484.3107473513261,1448.0,181.0,0.07608366166312486,0.044774687191567214,0.1561561312466284,0.0167122603386471,0.00010293830405733361,7.016855687081383e-05,0.0002525683640218,1.825678428954242e-05,0.3,0.48304589153964794,1,0,0.5,0.5270462766947299,1,0,0.0,0.0,0,0,10,5,0.5,0.0,0.45454545454545453,0.0,0.9545454545454546,1.3636363636363635,0,0
47,2026-08-31 10:03:55,10,31540.0,20265.742122551983,60683,1802,980.8,2500.7351719044545,8080,53,5.6,4.6475800154489,17,1,355277.74290619727,245572.41975899725,795898.6178905575,45754.28353977253,12.3,2.7507574714370344,16,7,8.5,2.0138409955990952,12,5,14548.6,3262.5969615221143,19264,9958,7006.8,3948.0355677785433,13020,2288,1216.5,272.0380896533098,1456.0,766.0,852.1,481.40822362915424,1450.0,286.0,0.11991398328278298,0.1368123451824885,0.4805233148516715,0.0254718371712676,0.0001148367693146654,0.0001362395530083094,0.0004808292971316,2.8898152959066583e-05,0.4,0.5163977794943223,1,0,0.7,0.4830458915396479,1,0,0.0,0.0,0,0,10,4,0.5,0.0,0.36363636363636365,0.0,1.0337972166998013,1.4545454545454546,0,0
48,2026-08-31 10:04:00,10,36939.0,21296.260584639946,59953,2516,2535.8,3829.180991630804,8080,22,7.7,5.143496432929215,17,1,541290.9157899739,681912.4463646982,1557815.2791345702,20312.79828179501,9.6,1.6465452046971292,13,8,8.0,2.8674417556808756,14,3,7817.4,4811.9021464143125,16027,632,7445.5,4430.970153363708,16368,303,798.9,470.89027974206005,1483.0,79.0,925.6,495.73249955102915,1488.0,101.0,0.22188618303841437,0.36360244356643373,0.9522317917001396,0.0097116436273485,0.00024335110026615998,0.0003494244654480297,0.0009079250492945,9.768299765991344e-06,0.7,0.4830458915396479,1,0,0.4,0.5163977794943223,1,0,0.0,0.0,0,0,10,6,1.4,0.0,0.5454545454545454,0.0,0.9072164948453608,3.8181818181818183,0,0
49,2026-08-31 10:04:05,10,19576.2,13330.239230994903,47427,3068,1735.8,3347.576961193142,8080,22,5.0,2.1081851067789197,6,1,603368.861028387,640432.0319303087,1988482.8678910104,57527.30898596464,12.6,4.141926551202418,20,7,7.3,1.766981104093143,9,4,6239.0,3998.8625327154664,12430,897,7650.9,2914.3724862976746,11070,1400,521.8,344.7874707700383,1130.0,69.0,1035.9,350.35868921879353,1464.0,350.0,0.0801749057154011,0.09212900507825725,0.271525837514079,0.0046211109727586,0.0001030804601217416,0.00010292742481966661,0.0002955118238051,7.543439393990655e-06,0.4,0.5163977794943223,1,0,0.9,0.31622776601683794,1,0,0.0,0.0,0,0,10,6,0.4,0.0,0.5454545454545454,0.0,1.0163432073544432,2.1818181818181817,0,0
50,2026-08-31 10:04:10,10,36706.0,15091.47264001908,60895,7605,2656.5,3745.807916116955,8080,53,10.4,5.680375574437545,17,6,489046.3661958672,430867.70709727216,1248371.883853331,35767.83847021496,8.9,2.8067379246694513,13,4,9.8,3.1198290551460244,15,6,7060.3,5065.600327481214,17108,1314,3471.6,2831.3124636229513,8071,588,735.7,388.26824919549284,1316.0,146.0,397.9,376.52842595952245,1153.0,67.0,0.07228482553413959,0.08791381357432078,0.2607370307031187,0.0030011086957044,0.00010422794361693874,0.00011677191622052695,0.0003634550074137,1.3617737005891364e-05,0.7,0.48304589153964794,1,0,0.6,0.5163977794943223,1,0,0.0,0.0,0,0,10,4,1.0,0.0,0.36363636363636365,0.0,0.9699170124481328,2.5454545454545454,0,0
51,2026-08-31 10:04:15,10,39229.9,19245.098252975138,65070,7341,2571.7,3805.2765427320346,8080,22,8.8,5.865151319446072,17,1,360033.8475603016,252617.45865504554,842037.4140282519,70936.59592899565,12.5,3.3747427885527643,17,5,9.1,3.142893217686178,14,4,8012.2,6778.309963077489,22984,1666,6823.7,5389.761508844545,17612,1210,634.3,424.5044300253074,1352.0,119.0,771.7,486.8161984888251,1355.0,110.0,0.07317643791864058,0.09318276636261798,0.3251354212124116,0.0094369437471064,0.00011408194063481566,0.00010665736089251272,0.0003383303030306,1.662633959797422e-05,0.3,0.48304589153964794,1,0,0.7,0.4830458915396479,1,0,0.0,0.0,0,0,10,5,0.375,0.0,0.45454545454545453,0.0,1.0898082744702322,1.3636363636363635,0,0
52,2026-08-31 10:04:20,10,31139.6,17152.574223389587,62968,13490,287.0,202.71983951585335,445,22,8.8,5.865151319446072,17,1,435048.8020792908,368656.12176124175,1075722.187944322,58190.01164852889,9.9,3.665151201974256,17,4,10.2,2.8982753492378874,14,6,6410.5,4262.40808959234,12924,759,9895.9,6627.0651028775765,18642,931,701.9,412.33358932894237,1211.0,69.0,888.8,490.62200883730804,1439.0,133.0,0.08996798583585719,0.09355634492438107,0.2591338198810942,0.0128797194620924,0.00010378228448242247,0.00010352746002452145,0.0003265165181869,1.7662552853104105e-05,0.6,0.5163977794943222,1,0,0.7,0.4830458915396479,1,0,0.0,0.0,0,0,10,5,0.75,0.0,0.45454545454545453,0.0,1.021341463414634,2.727272727272727,0,0
53,2026-08-31 10:04:25,10,30446.1,14333.052349571448,50092,9794,247.8,207.9266964848697,445,22,8.3,6.325433669805661,17,1,196849.95225265675,192116.61742524098,585667.122938266,12837.70737638887,11.6,4.033195589934446,17,6,8.7,2.6687491868330797,13,5,8246.8,6695.530877632731,23888,816,7780.8,4208.808535546477,15840,2226,721.1,461.9474356821708,1493.0,102.0,892.8,408.1791001236807,1496.0,318.0,0.2952955631944854,0.38805985435425533,1.1714708512475556,0.0080830898893024,0.00034541905674895094,0.00044809603258806353,0.0014800150391451,2.390436384669089e-05,0.3,0.4830458915396479,1,0,0.5,0.5270462766947299,1,0,0.0,0.0,0,0,10,5,0.5,0.0,0.45454545454545453,0.0,1.0039564787339268,1.3636363636363635,0,0
54,2026-08-31 10:04:30,10,32587.5,19272.57163979709,63848,1217,2617.3,3773.542751844743,8080,22,5.5,1.5811388300841898,6,1,503282.5249815487,636351.5809235498,1688237.5513656626,3032.7002961936714,10.2,2.8596814119369625,16,7,8.3,2.8303906287138374,13,4,10490.0,6395.087559126058,22048,540,7125.5,4798.169934696168,13923,430,1012.8,496.0443080568061,1442.0,45.0,861.9,476.1837763814396,1384.0,43.0,0.6598091826431526,1.657958901261152,5.363536900359067,0.0076979688014937,0.0005589944272401934,0.0013180532141900088,0.0042866088592566,1.243900775864636e-05,1.0,0.0,1,1,0.0,0.0,0,0,0.0,0.0,0,0,10,6,10.0,0.0,0.5454545454545454,0.0,0.9277833500501504,5.454545454545454,1,1
55,2026-08-31 10:04:35,10,26344.2,17016.071911251693,53912,3285,1811.9,3308.9477834099066,8080,22,8.2,4.638007234913623,17,6,480970.92914615234,398520.9504809267,1241389.3644023845,90898.4644486146,11.9,3.4464152068167553,18,8,8.5,2.8771127502720115,13,5,8301.3,6223.480145563431,20070,344,8043.9,4793.512315851731,14495,402,670.3,467.73592977234495,1383.0,43.0,885.1,392.37664728336387,1223.0,67.0,0.06450452097705567,0.058173952896898626,0.1845685743969684,0.0085017644766078,8.15580346651356e-05,7.312930264585198e-05,0.0002530295768689,1.530543159518183e-05,1.0,0.0,1,1,0.0,0.0,0,0,0.0,0.0,0,0,10,5,10.0,0.0,0.45454545454545453,0.0,1.0059171597633136,4.545454545454546,1,1
56,2026-08-31 10:04:40,10,30100.7,15067.91289130648,47570,3824,22.0,0.0,22,22,7.1,3.478505426185217,17,6,524288.5079053306,475399.08726378414,1518928.043359221,25439.2735453842,9.0,3.972125095937662,17,3,10.6,1.776388345929897,14,8,8641.5,7275.225681875596,22950,354,8042.8,3868.804432034958,13956,2061,832.0,513.6901357390033,1446.0,118.0,784.1,415.708885853764,1407.0,229.0,0.07287056492982855,0.07399600336214612,0.249771283215561,0.0063813852822384,0.00013330285398700627,0.0002335950823751668,0.0007861859717203,1.315943348819237e-05,0.6,0.5163977794943223,1,0,0.5,0.5270462766947299,1,0,0.0,0.0,0,0,10,1,1.0,0.0,0.09090909090909091,0.0,0.9859154929577464,0.5454545454545454,1,2
57,2026-08-31 10:04:45,10,25560.3,20852.471998675734,64339,6434,22.0,0.0,22,22,9.3,5.313504806936128,17,6,652215.6295564848,519980.69689738046,1629207.8122504405,209375.94394579035,10.9,3.3813212407775355,17,7,8.9,2.2335820757001272,12,6,3928.6,2519.9934391448987,8141,765,7192.3,3424.1569294904957,11064,644,428.8,353.0422700533811,1163.0,45.0,802.8,377.7317684401047,1485.0,92.0,0.029682680019706465,0.02279596895698616,0.0721491783403907,0.0052434980975822,5.1147634238463144e-05,3.216991297813768e-05,9.230959357777726e-05,1.1652386738661513e-05,0.5,0.5270462766947299,1,0,0.3,0.4830458915396479,1,0,0.0,0.0,0,0,10,1,1.25,0.0,0.09090909090909091,0.0,0.9989909182643795,0.45454545454545453,1,2
58,2026-08-31 10:04:50,10,40769.4,14724.62227547979,59581,18567,2614.0,3776.023128460241,8080,22,5.5,1.5811388300841898,6,1,658544.4369995173,374789.44079104863,1415043.8588425273,209160.477195416,106.0,33.39993346633427,150,50,10.5,3.7785946829182113,15,4,84225.0,49920.86966167334,181350,12740,8554.5,5635.421846578026,20888,1260,877.6,492.4460940606144,1378.0,91.0,877.8,474.50507549094425,1492.0,105.0,0.18021797329678552,0.11948717997071677,0.3794693962284801,0.0572420419998032,0.00022438193469932998,0.0001234550481110955,0.0005135227999792,0.0001095372408638,0.7,0.48304589153964794,1,0,0.5,0.5270462766947299,1,0,0.0,0.0,0,0,10,5,1.1666666666666667,0.0,0.45454545454545453,0.0,2.982590885816692,3.1818181818181817,1,3
59,2026-08-31 10:04:55,10,24339.5,14898.376117699689,52144,4852,1724.2,3354.0352413175387,8080,22,7.1,3.478505426185217,17,6,455925.9141629214,292882.2076896359,932292.9970591489,26312.068296341826,9.8,3.119829055146024,15,4,9.6,3.7475918193480524,17,5,8147.7,4347.536340657009,17820,2204,7681.7,5656.768709549059,17472,498,829.4,346.5564568404083,1485.0,454.0,758.3,467.3716223021391,1461.0,83.0,0.1177562880651664,0.22993729962691115,0.7623117942106266,0.0069591855998021,0.00011596325229313986,0.00020249262609960974,0.0006840967342602,1.1798865844300794e-05,0.6,0.5163977794943223,1,0,0.3,0.48304589153964794,1,0,0.0,0.0,0,0,10,5,1.5,0.0,0.45454545454545453,0.0,0.49439347604485223,2.727272727272727,0,0
60,2026-08-31 10:05:00,10,31861.8,20393.98070673469,60180,5672,2448.3,3886.287861757598,8080,22,6.0,0.0,6,6,495538.7108062914,488719.14037423045,1709749.7802627042,103155.38839664776,10.7,2.79085809185793,15,7,9.1,2.330951164939612,13,6,9582.4,4080.267153562919,17248,3456,7744.2,3512.1699781695584,12528,1639,892.3,269.6372254221092,1272.0,384.0,878.7,385.70917368746456,1477.0,149.0,0.07084907479985672,0.05759883375574266,0.1882429340086583,0.0118485173875962,8.197401352040917e-05,6.357500751080978e-05,0.00017525643237,1.3452260831015584e-05,0.3,0.4830458915396479,1,0,0.6,0.5163977794943223,1,0,0.0,0.0,0,0,10,4,0.42857142857142855,0.0,0.36363636363636365,0.0,0.5061349693251533,1.0909090909090908,0,0
61,2026-08-31 10:05:05,10,24730.4,16152.788904018333,50358,4136,1805.9,3312.5420399848012,8080,22,9.3,5.313504806936128,17,6,492580.6981417746,492132.1747670142,1574847.8650852593,65880.68904692832,11.5,3.3747427885527643,17,6,9.7,2.7100635498903793,13,5,7491.2,2523.801092708289,12756,3723,6238.4,3873.143604073799,14520,1417,721.7,336.7874535799825,1373.0,219.0,673.8,390.72206660660123,1320.0,109.0,0.053774649886084123,0.03533091767923106,0.1093248782259856,0.0061720247494586,0.00010095954582422233,0.00010811618906859262,0.0003794738694733,1.2064657432069305e-05,0.4,0.5163977794943223,1,0,0.6,0.5163977794943222,1,0,0.0,0.0,0,0,10,4,0.5714285714285714,0.0,0.36363636363636365,0.0,0.5375253549695741,1.4545454545454546,0,0
62,2026-08-31 10:05:10,10,45794.5,18125.42780644547,62464,9234,1769.0,3331.338970043927,8080,22,6.0,0.0,6,6,510214.23909737135,570503.3989685175,1892338.986460617,471.9302819514585,13.2,3.190262963734773,18,10,10.7,4.90011337737313,16,3,8245.6,7163.062709328865,22482,1056,9908.6,7746.267132554162,21675,952,581.5,438.4521385257207,1249.0,96.0,938.6,510.08631077930767,1468.0,136.0,4.943465931735076,15.188261605966767,48.16601177687923,0.003874570070384,0.0056616562010486995,0.0173701836539305,0.0550928822400624,1.2682717088000268e-05,0.4,0.5163977794943222,1,0,0.6,0.5163977794943223,1,0,0.0,0.0,0,0,10,6,0.5714285714285714,0.0,0.5454545454545454,0.0,0.5936413313462493,2.1818181818181817,0,0
63,2026-08-31 10:05:15,10,38214.2,23839.755730478635,65113,4335,2532.5,3831.5473593140755,8080,22,7.1,3.478505426185217,17,6,583795.113886292,561201.9109303256,1852715.1877392395,35447.72006310756,10.8,3.190262963734773,16,7,9.1,1.911950719959998,11,6,8313.0,4492.073611744729,15598,567,6503.8,3147.6945284516487,11341,1056,848.5,523.5286790403919,1428.0,63.0,734.7,351.2931823989757,1311.0,96.0,0.1056682040181313,0.1732051640379812,0.5591897013155995,0.0042303294774361,0.00012577478956489935,0.00018036538187181128,0.0005360006217836,9.175722265575184e-06,0.5,0.5270462766947299,1,0,0.4,0.5163977794943222,1,0,0.0,0.0,0,0,10,5,1.0,0.0,0.45454545454545453,0.0,0.9503342884431709,2.272727272727273,0,0
64,2026-08-31 10:05:20,10,34139.9,20265.815072294638,58541,4345,966.3,2506.7250901879484,8080,22,7.1,3.478505426185217,17,6,579824.4604991011,362800.08999314375,1018764.8602969112,46131.351079664135,11.3,3.0203016773531455,16,6,9.2,2.6583202716502514,13,5,7172.9,5121.466683371951,17280,923,4504.0,3760.2046339114163,10408,390,645.6,442.71917359277165,1440.0,71.0,461.4,386.64057383225224,1301.0,65.0,0.0568685255030319,0.10036563221647225,0.3340027906412697,0.0020789880791156,9.618880841052722e-05,0.00017344335308533952,0.0005852852639741,1.374213083457e-05,0.7,0.4830458915396479,1,0,0.4,0.5163977794943222,1,0,0.0,0.0,0,0,10,6,1.4,0.0,0.5454545454545454,0.0,0.9688090737240076,3.8181818181818183,0,0
65,2026-08-31 10:05:25,10,24269.5,20283.217152502104,56750,1750,2535.8,3829.180991630804,8080,22,6.0,0.0,6,6,241677.46164199416,198563.17394748214,613116.2431452706,21191.4631066632,12.3,2.110818693198342,15,8,9.2,2.7406406388125952,14,6,8805.7,5155.85507618927,15876,1199,7804.3,4243.969526804409,17460,2930,681.2,369.9972372269225,1134.0,109.0,850.5,341.6766665203295,1455.0,293.0,0.13844428531722816,0.11415526407036898,0.3521229260537705,0.0207763276474794,0.00020211078887115026,0.00022829674407364743,0.0008022098288547,2.935821746846386e-05,0.5,0.5270462766947299,1,0,0.7,0.4830458915396479,1,0,0.0,0.0,0,0,10,6,0.625,0.0,0.5454545454545454,0.0,1.0,2.727272727272727,0,0
66,2026-08-31 10:05:30,10,30862.9,19758.544562065068,64996,4768,1005.5,2493.888229251664,8080,22,5.5,1.5811388300841898,6,1,626938.1001569781,500338.64933874377,1530083.286932174,27136.59459926547,11.0,2.8284271247461903,15,7,11.2,2.6161889160464775,15,7,8267.8,5022.673011233936,19266,2849,9909.7,4587.286223901883,17460,1824,734.2,365.2940368160057,1482.0,365.0,891.9,361.6396149637248,1375.0,152.0,0.12932784493928376,0.2925836069836962,0.9586685571489316,0.0075616798763434,0.0001448717724939177,0.00030084057042058205,0.0009949664056513,1.2417624688895816e-05,0.7,0.4830458915396479,1,0,0.7,0.4830458915396479,1,0,0.0,0.0,0,0,10,6,0.875,0.0,0.5454545454545454,0.0,1.023041474654378,3.8181818181818183,0,0
67,2026-08-31 10:05:35,10,27615.0,16821.657964263413,62374,6913,1738.5,3346.0794388524478,8080,22,7.2,5.553777493242275,17,1,470710.89843591803,486166.0363552333,1750269.1032642317,64657.57417544264,12.9,3.665151201974256,20,9,8.9,3.142893217686178,16,5,11457.7,7334.61681268278,26982,1885,5929.3,5573.258672745536,20480,1230,889.5,486.45914525271286,1499.0,145.0,640.7,371.0459839726368,1280.0,123.0,0.08227441444156455,0.10690363307997709,0.3678199859631118,0.0068652300252124,0.00010555697260969049,0.0001096330717404779,0.0003247879349721,1.4854858576525036e-05,0.5,0.5270462766947299,1,0,0.3,0.48304589153964794,1,0,0.0,0.0,0,0,10,6,1.25,0.0,0.5454545454545454,0.0,1.0244360902255638,2.727272727272727,0,0
68,2026-08-31 10:05:40,10,38212.2,19172.09650507737,63753,10125,251.1,204.59686649061314,445,22,8.2,4.638007234913623,17,6,541378.5218017122,309873.5993423369,1279408.5204151128,106611.07153887136,10.4,2.547329756605707,15,6,8.9,2.6012817353502227,12,4,8474.6,5123.2812228969915,15145,2990,6193.2,5250.965325008769,17568,1210,795.1,414.0631862677751,1463.0,299.0,672.5,438.13474588938453,1464.0,110.0,0.04331548978867317,0.04710145862131822,0.1686222616359239,0.00609589687983,4.963093831828467e-05,4.005783539383553e-05,0.0001594581102414,1.5632223547608188e-05,0.2,0.42163702135578396,1,0,0.5,0.5270462766947299,1,0,0.0,0.0,0,0,10,5,0.3333333333333333,0.0,0.45454545454545453,0.0,0.9120982986767486,0.9090909090909091,0,0
69,2026-08-31 10:05:45,10,32693.1,21329.898548750763,65224,5682,1053.4,2476.3497868166096,8080,22,6.0,0.0,6,6,291823.22138362646,234990.9684007995,817825.2330108547,44397.18636719816,10.9,2.7264140062238043,15,7,7.8,2.043961295567452,11,5,7197.5,5633.182823433145,15431,959,5713.8,3746.2909301512254,11242,820,673.8,517.010810116943,1446.0,69.0,694.6,367.76780114027866,1083.0,164.0,0.09461515356379185,0.1412705564673296,0.4789717938279403,0.0158515559465772,0.00013129600381613207,0.00014116617821880348,0.0004955268969769,2.0786837228298747e-05,0.7,0.4830458915396479,1,0,0.9,0.31622776601683794,1,0,0.0,0.0,0,0,10,6,0.7,0.0,0.5454545454545454,0.0,0.8990384615384616,3.8181818181818183,0,0
70,2026-08-31 10:05:50,10,30531.8,19654.257909052572,63092,7055,22.0,0.0,22,22,6.6,3.9777157040470135,17,1,501303.43559085426,461188.5430385232,1350544.9163326034,18701.91295767864,12.9,3.9001424475410014,20,7,9.4,2.9514591494904874,13,5,10786.8,7690.851069795708,24354,861,8178.6,4414.663701801079,14625,3305,798.6,483.7614655546218,1353.0,123.0,856.8,322.72203381720175,1472.0,312.0,0.13119296902477523,0.23510706298088432,0.7882616086107176,0.0115748054715149,0.0001590426775054322,0.00028640839876586585,0.000962468386582,1.2503165510683152e-05,0.4,0.5163977794943223,1,0,0.5,0.5270462766947299,1,0,0.0,0.0,0,0,10,1,0.6666666666666666,0.0,0.09090909090909091,0.0,1.0639312977099238,0.36363636363636365,1,2
71,2026-08-31 10:05:55,10,29772.4,18892.346152756032,54184,3022,22.0,0.0,22,22,7.7,5.143496432929214,17,1,549810.8894134734,569004.4850483122,1796083.130004628,6037.822640070042,10.6,4.005551702879947,19,3,10.0,2.788866755113585,14,5,8215.8,7392.373950377661,26030,909,10531.6,5947.531461782181,20580,2712,706.8,438.57770121154135,1377.0,223.0,1015.0,410.2979946873302,1470.0,339.0,0.2789747589129138,0.614791049159266,1.9985681427492767,0.0109137487415965,0.00045886922259309986,0.0011821779133369184,0.0038093202356205,1.2248876253194816e-05,0.1,0.31622776601683794,1,0,0.6,0.5163977794943223,1,0,0.0,0.0,0,0,10,1,0.14285714285714285,0.0,0.09090909090909091,0.0,0.998062015503876,0.09090909090909091,1,2
72,2026-08-31 10:06:00,10,30006.3,17819.00162467022,54494,8470,22.0,0.0,22,22,8.2,4.638007234913623,17,6,297528.0900089653,302500.56773503934,908454.0907357624,31974.157580488223,11.7,2.869378562220979,17,8,8.9,4.7714428286071575,17,4,9053.6,7119.495334798825,22065,1881,6646.6,6622.373713405187,24548,1012,726.8,451.33205317396,1471.0,171.0,719.2,406.69693876398924,1444.0,253.0,0.1576383549956269,0.21851102609527895,0.728718935116179,0.0115250733159284,0.0002201151939153941,0.00023988021659181223,0.000642269465112,2.201542180693108e-05,0.5,0.5270462766947299,1,0,0.2,0.42163702135578396,1,0,0.0,0.0,0,0,10,1,1.6666666666666667,0.0,0.09090909090909091,0.0,1.0098039215686274,0.45454545454545453,1,2
73,2026-08-31 10:06:05,10,32298.9,18885.12546041343,64145,8485,22.0,0.0,22,22,9.3,5.313504806936128,17,6,289249.1314079662,354951.7341477473,928928.7130413296,18571.18363487568,10.1,2.330951164939612,15,7,10.2,3.521363372331802,16,5,4964.8,5332.4573405596875,16230,873,6171.2,5463.414251993792,18564,707,460.7,435.74331128926497,1100.0,97.0,569.0,364.31122226287056,1326.0,101.0,0.18643173514380754,0.2203803744579136,0.6773935490897577,0.0082417519153344,0.0003336996142583319,0.0003543088069059088,0.0010769372799519,2.5601687188738745e-05,0.6,0.5163977794943222,1,0,0.5,0.5270462766947299,1,0,0.0,0.0,0,0,10,1,1.0,0.0,0.09090909090909091,0.0,0.9854368932038835,0.5454545454545454,1,2
74,2026-08-31 10:06:10,10,38209.9,15694.713019570212,63517,11237,1778.1,3326.118941215288,8080,22,8.2,4.638007234913623,17,6,217511.89147129026,145556.94342724298,430916.7572435212,20370.65126492444,10.6,3.3730961708462712,16,6,8.1,2.0248456731316584,12,5,4414.4,3292.246318582834,11661,704,3962.4,2662.4302265244646,8416,693,455.3,321.03341812894735,1023.0,44.0,513.2,345.2515347137826,1052.0,91.0,0.10932487112041593,0.1557704507945964,0.4897241558633968,0.0129928858272448,0.000184338515136503,0.0002043123935428785,0.0006872632500087,3.7821405463551605e-05,1.0,0.0,1,1,0.0,0.0,0,0,0.0,0.0,0,0,10,6,10.0,0.0,0.5454545454545454,0.0,0.9077669902912622,5.454545454545454,1,1
75,2026-08-31 10:06:15,10,29318.9,19058.27917759395,55336,4158,1778.1,3326.118941215288,8080,22,8.2,4.638007234913623,17,6,753986.896423819,562706.0281246671,1754521.4356009522,167880.30681875034,11.3,2.9078437983419185,15,5,10.1,3.071373199943851,17,6,8777.1,6527.805628403945,21120,540,8201.2,5767.107358883558,21165,1264,732.2,430.8995242513039,1408.0,60.0,779.1,389.22499919712243,1245.0,158.0,0.03676729385247693,0.02936102863853493,0.0950512552276555,0.0034835710045752,4.535539600552866e-05,3.2180519205735995e-05,0.0001131758713032,1.1399119779369171e-05,1.0,0.0,1,1,0.0,0.0,0,0,0.0,0.0,0,0,10,6,10.0,0.0,0.5454545454545454,0.0,1.0479921645445642,5.454545454545454,1,1
76,2026-08-31 10:06:20,10,37246.5,22127.960915497337,65071,2165,22.0,0.0,22,22,8.2,4.638007234913623,17,6,495001.8187962362,445442.5582726378,1292751.2083135063,28933.37077291333,9.7,3.1287200080686173,14,5,9.8,2.973961069759395,16,7,4736.2,3002.964305852173,9758,1180,5770.8,3664.864338856518,11792,784,551.7,425.1282290216813,1303.0,118.0,668.9,484.11372630818886,1474.0,98.0,0.07890560830859787,0.16929948160209127,0.5590084930426286,0.0109688545705474,0.0001319579611690072,0.00022520284893561305,0.0007603676794199,1.2297298872249484e-05,0.4,0.5163977794943223,1,0,0.4,0.5163977794943223,1,0,0.0,0.0,0,0,10,1,0.8,0.0,0.09090909090909091,0.0,0.9653465346534653,0.36363636363636365,1,2
77,2026-08-31 10:06:25,10,25541.9,12180.226073891696,41627,4291,22.0,0.0,22,22,7.1,3.478505426185217,17,6,439541.82730524166,510542.5078179213,1657764.7978903975,8078.998311470881,12.1,3.6347092196090616,17,7,9.9,2.282785822435191,13,6,7296.5,4759.245861128281,15385,2236,5934.7,4881.693468687093,14868,472,618.7,356.89869399841996,1264.0,172.0,583.5,418.08432163859004,1239.0,59.0,0.2824169949202209,0.6517459671019856,2.117094139572244,0.0097378108284393,0.00045150449090165166,0.0009493701318958652,0.0030944430243981,1.628699079278086e-05,0.5,0.5270462766947299,1,0,0.7,0.4830458915396479,1,0,0.0,0.0,0,0,10,1,0.625,0.0,0.09090909090909091,0.0,1.07421875,0.45454545454545453,1,2
78,2026-08-31 10:06:30,10,34551.5,20333.608376555083,55722,3035,22.0,0.0,22,22,8.2,4.638007234913623,17,6,657252.7659093604,410398.4796575579,1348308.223448412,67403.42991521535,11.1,3.9001424475410014,15,4,11.8,3.8528488738133038,17,6,9231.2,7270.54374857892,20272,996,7832.3,3702.014348072322,16192,2259,760.1,500.9616197319356,1448.0,137.0,738.2,425.17860299460557,1472.0,251.0,0.05615270685245305,0.08823764103118087,0.3038421045148997,0.0084467863941949,7.70059430444776e-05,0.00011627982096107142,0.0004005730870069,1.4158207164255654e-05,0.7,0.4830458915396479,1,0,0.5,0.5270462766947299,1,0,0.0,0.0,0,0,10,1,1.1666666666666667,0.0,0.09090909090909091,0.0,1.0904761904761904,0.6363636363636364,1,2
79,2026-08-31 10:06:35,10,34482.1,19238.685999539804,63280,9791,22.0,0.0,22,22,9.3,5.313504806936128,17,6,431975.4511677687,369420.8906690656,1197495.484629651,70371.79592046166,10.0,2.0,12,7,9.9,4.976611966656298,18,4,7309.2,4709.626165867332,15132,682,7976.4,4833.574113542804,19515,1336,746.1,467.52740858454257,1383.0,62.0,833.4,364.0662943292975,1301.0,334.0,0.07871276671182606,0.06360140144454499,0.1780969184356835,0.0057052407191797,0.0001032507637008986,9.416087329979719e-05,0.000294991351791,1.1691067047499445e-05,0.4,0.5163977794943223,1,0,0.5,0.5270462766947299,1,0,0.0,0.0,0,0,10,1,0.6666666666666666,0.0,0.09090909090909091,0.0,0.9369114877589454,0.36363636363636365,1,2
80,2026-08-31 10:06:40,10,32040.2,20409.242905006435,61643,1953,1048.4,2478.624941373745,8080,22,8.2,4.638007234913623,17,6,381840.3251080408,616211.848949217,2088465.7736152671,20584.908823963648,10.7,2.1628170930011112,14,7,9.1,3.0713731999438516,14,5,8278.2,5939.128439613191,17556,1380,4921.5,3521.5064405891853,10437,740,757.9,487.2424561869697,1490.0,138.0,596.4,490.20000453329703,1491.0,74.0,0.1111159651492611,0.10022772150802119,0.2619926386558155,0.0072742393923118,0.00022537500019813495,0.0003147268133572777,0.0010687441065418,7.182305877085178e-06,0.6,0.5163977794943223,1,0,0.5,0.5270462766947299,1,0,0.0,0.0,0,0,10,5,1.0,0.0,0.45454545454545453,0.0,0.9464627151051626,2.727272727272727,0,0
81,2026-08-31 10:06:45,10,30246.6,16358.837898144775,56394,6768,1061.9,2472.5263935227604,8080,80,8.8,5.865151319446072,17,1,383966.97166757693,381048.39870144107,1082451.2585782784,10616.49495164864,10.8,3.614784456460256,19,7,9.1,3.142893217686178,14,4,7992.4,5151.95618080054,17964,1260,6864.8,5443.837470020574,16688,1072,725.3,428.6962275965996,1497.0,180.0,737.7,463.3446161695777,1382.0,134.0,0.1899535505034095,0.28495035761935733,0.9323227709103472,0.0055965813615737,0.0003754224094971417,0.0006036519834162017,0.0017896678770758,2.03242407687642e-05,0.4,0.5163977794943223,1,0,0.3,0.4830458915396479,1,0,0.0,0.0,0,0,10,4,1.0,0.0,0.36363636363636365,0.0,0.9476190476190476,1.4545454545454546,0,0
82,2026-08-31 10:06:50,10,31179.2,19226.717902150875,58009,5676,1744.1,3342.9086287243927,8080,22,8.2,4.638007234913623,17,6,708463.532979558,495863.6683908745,1417950.8158214,71759.49691092814,12.2,3.5213633723318014,18,8,6.9,2.960855732160327,13,3,9225.7,6564.382513907069,25560,882,5894.5,4738.669580049752,17498,692,726.2,374.5396581879622,1420.0,98.0,827.9,443.7342673267414,1351.0,173.0,0.04778463823319838,0.06290758380151608,0.2029557149215815,0.0046097211073226,6.14843223883604e-05,8.092686471852678e-05,0.0002787087543553,1.198913235226162e-05,0.6,0.5163977794943222,1,0,0.4,0.5163977794943223,1,0,0.0,0.0,0,0,10,5,1.2,0.0,0.45454545454545453,0.0,0.9353574926542606,2.727272727272727,0,0
83,2026-08-31 10:06:55,10,41121.0,19797.441916683187,63005,12850,1775.2,3327.750050709939,8080,22,7.1,3.478505426185217,17,6,602633.0324498515,485539.5502798131,1391773.6546059393,32960.16770357838,9.6,3.3730961708462712,15,6,8.4,1.505545305418162,10,5,7651.9,3950.725178158225,15090,1880,6594.9,4475.7420104876965,14220,450,850.3,411.2509506912348,1494.0,235.0,761.8,437.6492253442755,1422.0,50.0,0.06551063257235497,0.0697259653935748,0.2162610355002388,0.0044847270413267,0.00010343989982754543,0.00014855910273871628,0.0004854344231206,1.0777614556972811e-05,0.6,0.5163977794943223,1,0,0.4,0.5163977794943222,1,0,0.0,0.0,0,0,10,6,1.2,0.0,0.5454545454545454,0.0,0.9259259259259259,3.272727272727273,0,0
84,2026-08-31 10:07:00,10,18876.9,10862.66227292166,32802,3193,930.0,2517.7490829001295,8080,22,5.0,2.1081851067789197,6,1,698441.1559801444,696821.6627949837,2035711.0373393192,166176.1874013243,10.8,2.6583202716502514,16,7,9.3,2.1628170930011112,13,5,7615.2,6035.616599265839,17836,1313,6304.4,4032.196980417609,13156,335,718.6,506.542133818435,1474.0,86.0,650.2,376.49547732269565,1249.0,48.0,0.043173201882635896,0.04560345908230281,0.1532756558714073,0.0063725891487794,5.9503196283234074e-05,4.1869333337389567e-05,0.0001156672694156,9.585243141809118e-06,0.7,0.4830458915396479,1,0,0.2,0.42163702135578396,1,0,0.0,0.0,0,0,10,6,2.3333333333333335,0.0,0.5454545454545454,0.0,1.0318275154004106,3.8181818181818183,0,0
85,2026-08-31 10:07:05,10,23424.4,22620.6674879412,64942,1809,2544.3,3823.049133581437,8080,22,7.1,3.478505426185217,17,6,531062.8528334519,445171.1593829547,1475247.3209791938,99626.57002461488,12.5,2.3213980461973533,16,10,10.1,4.121757985239902,18,5,10233.8,5361.847127830317,19168,1287,8489.8,6816.765489096228,20636,656,829.3,422.40766249363105,1479.0,117.0,857.3,523.5330935098564,1492.0,42.0,0.06425860937344156,0.05399039583897502,0.157059157134931,0.0090852562884255,7.553825609027062e-05,5.5189805663166955e-05,0.000170117717136,1.2201343967146136e-05,0.5,0.5270462766947299,1,0,0.3,0.4830458915396479,1,0,0.0,0.0,0,0,10,6,1.25,0.0,0.5454545454545454,0.0,1.127744510978044,2.727272727272727,0,0
86,2026-08-31 10:07:10,10,31747.4,18541.30025525598,60524,3376,1012.1,2491.1029886377637,8080,22,8.2,4.638007234913623,17,6,277181.35798171704,309483.4649832644,1078565.0325194623,29552.30576819345,10.7,2.6687491868330797,15,5,9.4,1.505545305418162,13,8,8760.2,4983.399593762386,16128,1945,6744.7,3544.7938993528082,10024,729,808.9,438.16040949,1482.0,331.0,739.0,421.621736736721,1253.0,76.0,0.16868418881937602,0.23202700558124925,0.775912383016826,0.0068155371055933,0.00019786584055530126,0.0002208792783374541,0.0006308487494236,2.132462976855475e-05,0.5,0.5270462766947299,1,0,0.5,0.5270462766947299,1,0,0.0,0.0,0,0,10,5,0.8333333333333334,0.0,0.45454545454545453,0.0,1.000996015936255,2.272727272727273,0,0
87,2026-08-31 10:07:15,10,23970.7,22231.076092563162,65410,2956,2611.5,3777.9179818754374,8080,22,6.0,0.0,6,6,370884.7527666316,212980.61791698,603819.0690047157,3690.1057206735054,11.5,2.173067468400883,15,9,8.1,3.0349812373573437,13,4,9528.3,4645.373015760474,17865,3497,6169.7,3316.475708070575,14573,2328,856.7,415.7170645737047,1305.0,269.0,802.7,277.64647785748457,1121.0,194.0,0.5425726985836204,1.5310632761850658,4.896878658461073,0.0174864438867137,0.0007619138265882798,0.002208502243391683,0.0070458685733252,2.7193606509146093e-05,0.4,0.5163977794943222,1,0,0.7,0.4830458915396479,1,0,0.0,0.0,0,0,10,5,0.5,0.0,0.45454545454545453,0.0,0.9712586719524281,1.8181818181818181,0,0
88,2026-08-31 10:07:20,10,34121.5,24481.618679463714,63467,1364,242.2,214.0616733560681,445,22,6.0,0.0,6,6,687268.8514167976,570989.427052051,1932375.1100352616,19578.81378130868,11.9,3.1780497164141406,19,9,9.4,2.3664319132398464,14,6,9858.3,7748.475764805475,21825,441,7390.7,4112.335293560907,12780,1602,753.8,483.6708706456397,1455.0,49.0,797.4,431.0666872873487,1420.0,152.0,0.08178238240931403,0.14214885418115455,0.4728580647776405,0.0081091915946034,0.00015992411461994714,0.0003754775659114544,0.0012258148147184,1.0867455232078683e-05,0.6,0.5163977794943223,1,0,0.4,0.5163977794943222,1,0,0.0,0.0,0,0,10,5,1.2,0.0,0.45454545454545453,0.0,1.0220729366602688,2.727272727272727,0,0
89,2026-08-31 10:07:25,10,25707.5,19663.325853250542,56802,1162,2544.5,3822.927041766121,8080,22,9.3,5.313504806936128,17,6,496914.30565415666,504994.0605632487,1701191.1419677434,35615.852056629985,10.8,2.3475755815545343,14,8,8.4,2.3190036174568114,11,5,9129.6,5116.242180003253,19628,602,6810.5,3093.0772253893406,10728,1600,879.9,420.1471832055471,1402.0,43.0,866.9,416.00118856667814,1367.0,160.0,0.11428731675175294,0.15688582246769373,0.4665610556553742,0.0012943871771164,0.00012221614030636345,0.000162195340266308,0.0004773155494973,1.4107762148407652e-05,0.3,0.4830458915396479,1,0,0.6,0.5163977794943222,1,0,0.0,0.0,0,0,10,5,0.42857142857142855,0.0,0.45454545454545453,0.0,0.9293320425943853,1.3636363636363635,0,0
90,2026-08-31 10:07:30,10,40957.1,19586.716130241606,65377,14307,1817.3,3305.6955243942234,8080,53,8.2,4.638007234913623,17,6,537959.1432035153,545231.2979024042,1785020.5113559822,28079.02947038196,10.7,3.433495141818158,18,5,9.2,3.2249030993194197,13,5,8163.8,5822.123759133488,15392,451,6903.4,4349.6504380620445,14556,1066,753.6,512.0701340853831,1441.0,41.0,752.6,358.5998078948484,1213.0,82.0,0.10590342151191141,0.19111731310589486,0.6389109713544118,0.0062430992721546,0.00015930193967273682,0.00032201502789878754,0.0010684129955759,1.2885006000518902e-05,0.7,0.4830458915396479,1,0,0.5,0.5270462766947299,1,0,0.0,0.0,0,0,10,5,1.1666666666666667,0.0,0.45454545454545453,0.0,0.989065606361829,3.1818181818181817,0,0
91,2026-08-31 10:07:35,10,38195.7,17801.289279462628,59366,10453,1747.4,3341.061448102983,8080,53,7.1,3.478505426185217,17,6,300858.97550021345,310521.4998899143,975463.5990236144,69097.5522387576,10.2,3.32665998663324,19,7,9.2,3.5213633723318014,14,3,10262.1,5134.314093538796,15950,720,8502.3,6272.182555626958,18876,955,1009.5,448.28072801662034,1450.0,72.0,896.7,497.5904272927016,1452.0,122.0,0.13242957306798336,0.11557846862394365,0.3260028650349915,0.0172512844320089,0.00013555613111920016,0.00010304779802506303,0.0003183904390823,1.5848422161573096e-05,0.5,0.5270462766947299,1,0,0.4,0.5163977794943222,1,0,0.0,0.0,0,0,10,5,1.0,0.0,0.45454545454545453,0.0,0.970970970970971,2.272727272727273,0,0
92,2026-08-31 10:07:40,10,27776.1,15993.20229521141,53906,2331,2571.7,3805.2765427320346,8080,22,8.2,4.638007234913623,17,6,838351.5735854465,814587.8521905417,2216621.058871157,25738.945354293115,11.2,2.394437999475729,15,8,9.7,2.5841396591085743,13,4,7758.1,6024.449840257431,18410,550,7064.5,4312.928632482676,14928,468,671.3,457.89762320122753,1315.0,55.0,696.7,392.86640364265196,1244.0,117.0,0.05823134367002778,0.07438708580874315,0.2414240331937026,0.005092170755725,0.00013408648807426623,0.00024734757250308165,0.0008158842447807,8.120467830024823e-06,0.4,0.5163977794943222,1,0,0.7,0.4830458915396479,1,0,0.0,0.0,0,0,10,5,0.5,0.0,0.45454545454545453,0.0,1.0326086956521738,1.8181818181818181,0,0
93,2026-08-31 10:07:45,10,24201.2,21090.60064894628,64353,2164,1859.2,3283.070371872444,8080,53,7.7,5.143496432929215,17,1,258438.15321547812,269786.66274729,744685.6389096142,11044.442509364311,9.1,2.1832697191750423,12,6,8.9,2.685351208149711,15,6,9065.6,4933.5547292663805,17700,957,5530.8,5697.221580150568,19125,430,986.7,407.7897197766951,1475.0,87.0,582.7,462.31255661078467,1275.0,43.0,0.19337377584993978,0.28820208264416747,0.9826307234963764,0.0174932875285462,0.0003538155737685623,0.0005089053888059294,0.0015392356807682,1.879987912793796e-05,0.6,0.5163977794943222,1,0,0.8,0.42163702135578396,1,0,0.0,0.0,0,0,10,5,0.6666666666666666,0.0,0.45454545454545453,0.0,0.9193054136874361,2.727272727272727,0,0
94,2026-08-31 10:07:50,10,23672.3,20508.41569291332,56714,1581,3420.0,4013.571532244622,8080,22,9.3,5.313504806936128,17,6,413769.5964581265,351450.1536945198,1118888.118831853,5284.43945082271,12.3,4.44847039878753,21,8,9.4,2.1186998109427604,13,6,6882.4,5688.982377270023,19782,1224,6641.9,4514.341085178803,13970,1645,507.6,291.95631332253953,1099.0,153.0,681.1,394.90939889211717,1316.0,235.0,0.3062212404249296,0.6833782875300963,2.1902039158185564,0.011407489951951,0.0005928078151397515,0.0013151065187897097,0.0041631662474518,1.6087399353772362e-05,1.0,0.0,1,1,0.0,0.0,0,0,0.0,0.0,0,0,10,5,10.0,0.0,0.45454545454545453,0.0,1.0806772908366533,4.545454545454546,1,1
95,2026-08-31 10:07:55,10,38745.5,19580.58026747704,61035,1906,936.2,2515.2974111755984,8080,22,7.1,3.478505426185217,17,6,825570.9877623392,585175.7071034003,1635854.8756225146,163346.1295940963,9.9,3.3482997343593826,16,6,9.0,2.6246692913372702,13,5,7367.7,4720.806688362582,17208,1701,4701.3,3524.771798759933,12231,460,761.6,431.1409153500615,1434.0,198.0,577.3,456.3563544229687,1359.0,46.0,0.02446970654750926,0.021279835854573367,0.0765011228118292,0.0045431902980552,4.012038943830292e-05,3.258000084017072e-05,9.775252084312452e-05,1.0392119895982113e-05,1.0,0.0,1,1,0.0,0.0,0,0,0.0,0.0,0,0,10,6,10.0,0.0,0.5454545454545454,0.0,0.9507042253521126,5.454545454545454,1,1
96,2026-08-31 10:08:00,10,30316.8,19387.23601754515,59978,8190,22.0,0.0,22,22,6.0,0.0,6,6,504684.1684964597,1013958.5657099194,3359782.0807618857,28267.348993116768,10.6,3.7178249316263163,15,3,9.8,2.0976176963403033,12,5,9184.1,5812.529788693082,17232,2325,8987.8,5740.277670403526,17388,1008,898.7,444.8637868931218,1436.0,155.0,879.2,455.28594189683577,1452.0,112.0,0.2318811603791202,0.28360712837283564,0.7650876634245185,0.0053217737252447,0.00021839757171245657,0.00022301483632156317,0.0006033788155938,6.2504053819988825e-06,0.3,0.4830458915396479,1,0,0.3,0.4830458915396479,1,0,0.0,0.0,0,0,10,1,0.75,0.0,0.09090909090909091,0.0,1.0159362549800797,0.2727272727272727,1,2
97,2026-08-31 10:08:05,10,28845.7,20399.823665087566,63178,3478,22.0,0.0,22,22,7.1,3.478505426185217,17,6,498617.57715386647,579360.1053576942,1698977.9113062543,45491.63832368962,13.0,3.197221015541813,17,9,9.5,2.6352313834736494,13,5,8133.3,4071.8419542020542,15980,1292,8640.0,4921.355526907421,16620,990,673.5,363.39945881449336,1278.0,76.0,920.9,478.90533743342456,1404.0,165.0,0.09345169777725303,0.0957818704652915,0.3281921809561061,0.0030329999970439,0.00011225766697754763,0.00010068486530216908,0.0003517129869589,1.3125554137187251e-05,0.6,0.5163977794943222,1,0,0.8,0.42163702135578396,1,0,0.0,0.0,0,0,10,1,0.6666666666666666,0.0,0.09090909090909091,0.0,1.1029411764705883,0.5454545454545454,1,2
98,2026-08-31 10:08:10,10,27264.5,16184.478189851467,56244,4826,965.9,2506.9244304525814,8080,22,7.1,3.4785054261852175,17,6,581530.1420413837,645699.4325007636,1618854.8211409138,3101.510830969832,120.0,34.64101615137755,170,60,9.0,2.4037008503093262,12,5,103759.0,66548.37729885764,243270,6120,9065.0,3289.852647831578,13008,4081,825.0,461.79264225888704,1431.0,102.0,1028.0,339.99248357704744,1479.0,494.0,6.007231441630143,12.05667614806056,35.847161169361854,0.0396686861887463,0.007207665784393842,0.014400569227802086,0.0415926323055063,7.572416339661668e-05,0.3,0.48304589153964794,1,0,0.6,0.5163977794943222,1,0,0.0,0.0,0,0,10,5,0.42857142857142855,0.0,0.45454545454545453,0.0,3.028169014084507,1.3636363636363635,1,3
99,2026-08-31 10:08:15,10,40945.8,14308.404179983796,60926,17523,3456.5,3981.352513070569,8080,22,6.6,3.977715704047013,17,1,742876.3620289775,856582.6291894363,2693193.3342485246,92660.16060389447,11.0,1.8257418583505538,14,9,8.7,1.8287822299126937,12,6,7634.1,5876.731602023545,18032,1380,8263.6,5182.560032347806,17772,889,705.4,530.7502446746701,1356.0,114.0,928.4,486.8452183873913,1481.0,127.0,0.047803334240527344,0.03743713427593669,0.1051800464776938,0.0041266996537624,6.523387987084832e-05,6.713315474483982e-05,0.0002374267414846,7.797435012507783e-06,0.5,0.5270462766947299,1,0,0.5,0.5270462766947299,1,0,0.0,0.0,0,0,10,4,0.8333333333333334,0.0,0.36363636363636365,0.0,0.466824644549763,1.8181818181818181,0,0
100,2026-08-31 10:08:20,10,30638.1,19961.074706371233,63344,3408,887.3,2530.5084271742708,8080,22,9.3,5.313504806936128,17,6,626519.1785244334,634932.183723701,2317050.8776151687,128907.00112906384,10.7,2.6687491868330793,15,6,10.5,3.5978388574871505,15,6,8960.1,6499.588798104419,22065,1400,9028.4,4935.705177581011,20550,2082,810.2,492.58655189835537,1471.0,200.0,843.6,303.47293490890127,1370.0,347.0,0.05610699355227523,0.05445369179396946,0.19056373806648,0.0051099439008155,5.754443993142476e-05,4.325363419733533e-05,0.0001629081416403,9.494828194082908e-06,0.6,0.5163977794943223,1,0,0.4,0.5163977794943223,1,0,0.0,0.0,0,0,10,4,1.2,0.0,0.36363636363636365,0.0,0.496952648851383,2.1818181818181817,0,0
101,2026-08-31 10:08:25,10,35269.3,16814.458177083463,57156,3514,1008.8,2492.4984252753297,8080,22,8.8,5.865151319446072,17,1,409236.73017345765,259565.03139325703,789974.6297875579,93443.48818922591,9.9,1.7919573407620815,12,7,11.2,2.043961295567452,15,9,7781.3,2349.071450121894,10467,4752,7544.0,6430.135163604435,20715,1176,820.8,328.28706949863255,1320.0,397.0,638.2,446.61736046269704,1381.0,98.0,0.055429739972811067,0.05260085327671231,0.1783323837876382,0.0189158677960965,8.202913163851775e-05,6.746058250453294e-05,0.0002461380717184,2.2335347794060155e-05,0.6,0.5163977794943222,1,0,0.2,0.42163702135578396,1,0,0.0,0.0,0,0,10,6,2.0,0.0,0.5454545454545454,0.0,0.4929906542056075,3.272727272727273,0,0
102,2026-08-31 10:08:30,10,31186.3,14890.178545679773,54293,6869,969.4,2505.446387372917,8080,22,11.0,6.497862896539309,17,1,448052.4760967504,500907.04639146203,1705147.034953414,4564.286944328279,10.6,1.3498971154211057,12,9,9.8,1.9888578520235065,13,7,6901.9,4534.693262932884,11759,1236,7873.5,4783.624154922244,18148,1463,701.9,494.8006220242205,1294.0,103.0,807.2,407.2206063330075,1396.0,133.0,0.5593843901734386,1.589802289878647,5.0820643469848905,0.0041474429213382,0.0005096328116748641,0.0013616320022687707,0.0043818454448912,1.1142734092962058e-05,0.3,0.4830458915396479,1,0,0.4,0.5163977794943222,1,0,0.0,0.0,0,0,10,6,0.6,0.0,0.5454545454545454,0.0,0.4813591316658801,1.6363636363636365,0,0
103,2026-08-31 10:08:35,10,32003.3,21422.610501005187,59677,1300,172.5,187.81802658720252,445,22,6.0,0.0,6,6,458510.9296819124,336314.42324293865,1012399.512678854,48503.04289052596,11.1,2.6012817353502227,16,8,9.3,3.7431418769679454,15,5,6909.6,3460.4418536109265,10907,1400,6831.9,5008.391257568531,17256,1848,637.6,327.59398990552654,1157.0,160.0,725.4,380.9048291750695,1438.0,132.0,0.05933320739653756,0.08004824372482403,0.2802092237362003,0.0112924261256517,9.832522270370489e-05,0.00011401765994081485,0.0003298762107114,1.975504704351503e-05,0.7,0.48304589153964794,1,0,0.3,0.4830458915396479,1,0,0.0,0.0,0,0,10,5,1.75,0.0,0.45454545454545453,0.0,0.9874152952565344,3.1818181818181817,0,0
104,2026-08-31 10:08:40,10,36886.3,20321.218937903854,61927,11527,208.4,203.26567180252874,445,22,8.2,4.638007234913623,17,6,816655.2007531023,680009.6629661875,1701613.1322534825,139853.8445012143,9.5,1.7159383568311668,12,6,8.1,2.884826203122507,13,4,5880.1,3566.7393902243234,10860,414,7132.7,2581.135152946815,10413,1216,617.2,356.6613083709654,1062.0,46.0,911.9,383.53746738602854,1489.0,304.0,0.03606624128546297,0.029225832792460493,0.0737463942992102,0.0057190507830974,5.00736519159103e-05,4.2573420370331284e-05,0.0001144051495753,1.0000397378384712e-05,0.4,0.5163977794943222,1,0,0.6,0.5163977794943222,1,0,0.0,0.0,0,0,10,5,0.5714285714285714,0.0,0.45454545454545453,0.0,0.8695652173913043,1.8181818181818181,0,0
105,2026-08-31 10:08:45,10,26607.2,23807.47396092244,61326,2112,975.4,2503.0283524829147,8080,22,7.7,5.143496432929215,17,1,267909.592281741,214071.29714871073,666800.0560401077,25275.4654061188,12.6,3.533962208186286,18,7,7.9,2.1317702607092643,11,4,8321.5,5098.364340104034,16148,637,7609.4,4410.582405482926,14894,469,660.1,412.5741549507595,1468.0,91.0,941.4,418.6614118566193,1469.0,67.0,0.16926731901547915,0.2849393366847886,0.9485777708542243,0.0212039880691484,0.00024078848417021623,0.00035234808378458544,0.0009426953518586,3.26456935657787e-05,0.4,0.5163977794943222,1,0,0.5,0.5270462766947299,1,0,0.0,0.0,0,0,10,6,0.6666666666666666,0.0,0.5454545454545454,0.0,1.0199004975124377,2.1818181818181817,0,0
106,2026-08-31 10:08:50,10,30185.8,18858.5127715723,55844,8319,283.9,206.88990631090087,445,22,6.6,3.9777157040470135,17,1,583969.4774065653,725255.849508505,2047395.383305034,106756.23872149762,10.2,2.250925735484551,15,8,8.0,3.1269438398822866,14,4,10786.2,4351.402527410623,16627,4370,5481.4,3810.8484969448295,13340,894,1045.6,338.1998751560319,1495.0,437.0,702.1,410.6475780195633,1334.0,149.0,0.0735749403001111,0.06563252717162656,0.2223476611957159,0.005030293652086,7.858729390226373e-05,6.420622227622042e-05,0.000215444083393,7.32638166630658e-06,0.7,0.4830458915396479,1,0,0.5,0.5270462766947299,1,0,0.0,0.0,0,0,10,5,1.1666666666666667,0.0,0.45454545454545453,0.0,0.9323770491803279,3.1818181818181817,0,0
107,2026-08-31 10:08:55,10,30107.8,16809.864939638537,55213,11457,1690.4,3369.999545004915,8080,22,6.6,3.977715704047013,17,1,447876.2493791642,294179.08307260514,921385.372880897,33120.497314378146,11.1,3.4464152068167553,17,7,9.7,1.888562063228706,12,7,6790.1,3879.250226812164,11871,1017,7811.2,4749.863338384941,16644,1804,633.9,400.8129100826081,1319.0,113.0,851.6,519.4206601803804,1474.0,164.0,0.08425808569257964,0.13722246653466602,0.4665690810332702,0.0148335716894043,0.0001477732641976533,0.00021215055643050915,0.000634048450249,2.229713916984398e-05,0.5,0.5270462766947299,1,0,0.4,0.5163977794943222,1,0,0.0,0.0,0,0,10,5,1.0,0.0,0.45454545454545453,0.0,1.0612244897959184,2.272727272727273,0,0
108,2026-08-31 10:09:00,10,28444.8,19946.447880930245,57603,2122,214.6,197.28051094824343,445,53,7.7,5.143496432929215,17,1,382528.2596706937,489348.94291102735,1532082.303754009,15412.0109967997,11.3,2.406010991015812,16,8,9.0,2.494438257849294,14,5,8786.9,5101.758813280856,19418,1375,6809.2,6278.5221332553865,20342,354,812.4,446.2376546689493,1387.0,125.0,714.7,547.3473506122252,1453.0,59.0,0.24461216466276725,0.337505188551611,0.8504125498687972,0.0054990518324645,0.0002826697548666623,0.0004032299767656428,0.0012976891848296,1.0443303183315486e-05,0.6,0.5163977794943223,1,0,0.4,0.5163977794943223,1,0,0.0,0.0,0,0,10,4,1.2,0.0,0.36363636363636365,0.0,1.0367722165474973,2.1818181818181817,0,0
109,2026-08-31 10:09:05,10,26576.0,18149.996571778065,62412,3116,1014.4,2490.0641758798106,8080,22,7.1,3.478505426185217,17,6,236063.22754092034,161150.6632552974,608751.0445297679,67133.5415390899,12.3,4.083843505544475,19,7,7.8,2.573367875415838,13,3,12102.4,6688.782951911191,22912,1870,5080.4,4882.925152451597,12672,228,1017.3,470.2181644962498,1492.0,187.0,599.0,556.187218679306,1408.0,56.0,0.10952370384944025,0.09510661071790592,0.355232264672968,0.0332812570618537,0.00012491935178487993,8.441901889110302e-05,0.0002979136738283,2.6283322457535048e-05,0.5,0.5270462766947299,1,0,0.5,0.5270462766947299,1,0,0.0,0.0,0,0,10,6,0.8333333333333334,0.0,0.5454545454545454,0.0,1.000996015936255,2.727272727272727,0,0
110,2026-08-31 10:09:10,10,28611.4,20328.920615167393,60790,6209,2659.4,3743.6004416426,8080,53,7.2,5.553777493242275,17,1,682720.01054945,634083.2175920891,1874453.3776833783,35231.25083853791,11.2,2.485513584307633,15,8,8.8,3.011090610836324,13,4,8024.2,6609.131356607227,22485,621,6821.8,5086.954924117178,15336,788,696.9,507.57953947030694,1499.0,69.0,711.8,441.8777608746061,1411.0,197.0,0.04945194828683111,0.06104481036164736,0.2132197926294106,0.0030017321179186,9.224593405192524e-05,0.00012468491240755228,0.0004257583718638,1.2270243834126624e-05,0.5,0.5270462766947299,1,0,0.5,0.5270462766947299,1,0,0.0,0.0,0,0,10,5,0.8333333333333334,0.0,0.45454545454545453,0.0,1.0010010010010009,2.272727272727273,0,0
111,2026-08-31 10:09:15,10,44593.2,15644.794532225585,64695,11374,1780.8,3324.5735833503686,8080,22,8.2,4.638007234913623,17,6,361828.5974264563,299366.7195863265,931726.838984011,4938.080849626753,13.9,3.956710193526379,18,5,9.3,3.7431418769679454,14,3,12480.3,7619.652092524377,25830,1265,7521.1,4839.075105614479,15960,1833,841.1,443.9290358704743,1435.0,177.0,816.9,353.92637338545114,1140.0,141.0,0.6620361613149632,1.6338642182250467,5.247585192835147,0.0052413505951345,0.0006376540929391405,0.001570498057131146,0.0050626955513016,3.045329590459044e-05,0.4,0.5163977794943222,1,0,0.6,0.5163977794943222,1,0,0.0,0.0,0,0,10,6,0.5714285714285714,0.0,0.5454545454545454,0.0,1.105815061963775,2.1818181818181817,0,0
112,2026-08-31 10:09:20,10,33962.1,20446.38739321285,59418,3975,963.6,2507.8001072210236,8080,22,8.8,5.865151319446072,17,1,630793.3789485532,601369.0316433024,2185779.696431995,127550.02219923776,11.5,2.9907264074877267,17,6,9.3,2.4517567397911058,13,5,8782.0,4954.525832228774,14949,2460,6233.3,4802.281449709317,12600,1534,729.7,325.7954538936628,1359.0,330.0,655.9,441.62338152673834,1260.0,118.0,0.054383774561602746,0.06774525899844706,0.2064131353643402,0.0066853115936956,6.620768334716966e-05,6.0316488526078555e-05,0.0001803214111736,1.1895068859099895e-05,0.6,0.5163977794943223,1,0,0.6,0.5163977794943222,1,0,0.0,0.0,0,0,10,5,0.8571428571428571,0.0,0.45454545454545453,0.0,0.9914204003813155,2.727272727272727,0,0
113,2026-08-31 10:09:25,10,35381.3,18952.455109504357,65424,3392,3344.1,4078.727237482028,8080,22,7.1,3.478505426185217,17,6,512259.2465945947,387702.9150855603,1233131.4909719753,85015.97712233925,10.8,2.5298221281347035,14,8,9.0,3.8873012632302,16,4,9337.5,3779.2463460913004,15873,3600,8062.3,5386.036515327802,16736,1974,885.7,355.68152108936505,1435.0,400.0,861.4,384.1013176522859,1319.0,329.0,0.06578901676704904,0.07235210715478065,0.2558460272254653,0.011320013569227,6.946059899219236e-05,6.080266612966267e-05,0.0002117249087425,1.5407927004499574e-05,0.3,0.48304589153964794,1,0,0.7,0.4830458915396479,1,0,0.0,0.0,0,0,10,5,0.375,0.0,0.45454545454545453,0.0,0.9482758620689654,1.3636363636363635,0,0
114,2026-08-31 10:09:30,10,33606.8,19635.46418431032,62226,8214,3341.2,4081.359626399026,8080,22,10.4,5.680375574437545,17,6,261538.92711169383,154567.4237154577,499459.1635636997,26260.448236362703,10.9,2.378141197564929,14,7,8.8,4.417138339593985,16,3,7828.7,4885.12445082006,14850,1278,7915.0,5096.405247274243,16245,1020,724.4,439.2314499972272,1485.0,142.0,860.1,324.61582421892706,1351.0,340.0,0.11459081896260186,0.13189086921596624,0.4033061393560539,0.0152885371956404,0.00014507501493781681,0.00017749558626891558,0.0006092812982434,4.0043313765428233e-05,1.0,0.0,1,1,0.0,0.0,0,0,0.0,0.0,0,0,10,5,10.0,0.0,0.45454545454545453,0.0,0.9471153846153846,4.545454545454546,1,1
115,2026-08-31 10:09:35,10,29715.6,22326.2709241328,59955,1183,924.6,2519.7996040249795,8080,22,9.3,5.313504806936128,17,6,583152.3405879333,425144.381933283,1313781.947976804,56144.35658230681,11.3,3.198958163736021,17,7,10.1,2.726414006223804,13,4,12658.8,5860.730496751711,21148,639,5705.1,2944.7029825698137,10944,2100,1097.7,391.5536148898811,1435.0,71.0,638.6,432.2872501782428,1499.0,175.0,0.10277381187601702,0.13655978517312858,0.3782326892329159,0.0080422405759959,0.00010769640526929158,0.00013820037916662656,0.0004054690221704,1.4462065055099111e-05,1.0,0.0,1,1,0.0,0.0,0,0,0.0,0.0,0,0,10,5,10.0,0.0,0.45454545454545453,0.0,1.015180265654649,4.545454545454546,1,1
116,2026-08-31 10:09:40,10,30182.8,14366.243449296146,47133,9268,22.0,0.0,22,22,9.3,5.313504806936128,17,6,367813.4567705509,274463.9913680225,898863.0040848028,17490.821702259815,11.4,1.8973665961010275,14,9,9.7,3.2335051500740732,15,5,8556.9,5706.30069796147,15988,540,8517.4,3596.288432382599,16215,4075,750.6,506.2939857434611,1430.0,54.0,902.1,315.8830479782035,1342.0,524.0,0.19193129382090857,0.33669732904712985,1.1082383846159272,0.0148363356241516,0.00023321056366984487,0.00034813610041575246,0.001086284012985,2.2250331706710905e-05,0.4,0.5163977794943223,1,0,0.7,0.48304589153964794,1,0,0.0,0.0,0,0,10,1,0.5,0.0,0.09090909090909091,0.0,1.021297192642788,0.36363636363636365,1,2
117,2026-08-31 10:09:45,10,31886.8,20795.082008333928,57402,6609,22.0,0.0,22,22,5.5,1.5811388300841898,6,1,357623.6139412947,346904.97906123684,1048304.2751819582,55082.17745971264,11.7,2.9078437983419185,15,6,8.7,2.6687491868330793,14,6,10065.4,7438.045206160614,21720,1296,6560.2,3252.380967161682,11231,1320,818.9,507.8292473306795,1448.0,144.0,791.5,418.00724342474683,1446.0,132.0,0.12163033361627026,0.14426478299688428,0.4602203599349642,0.0147542177753454,0.00014937914015338181,0.00013558966532827184,0.0003631370628602,2.0032351767481467e-05,0.6,0.5163977794943223,1,0,0.4,0.5163977794943222,1,0,0.0,0.0,0,0,10,1,1.2,0.0,0.09090909090909091,0.0,0.9912536443148687,0.5454545454545454,1,2
118,2026-08-31 10:09:50,10,29382.6,18331.62176980289,49790,8040,1856.5,3284.788349346119,8080,22,7.7,5.143496432929215,17,1,378014.96466428356,355528.3058281588,1012475.1323483404,25283.088405979743,112.0,31.90262963734773,160,50,11.3,4.24394994210713,20,5,64962.0,58936.80208494519,217760,5200,8558.6,6570.8020176806085,20930,2016,534.3,366.62667963777847,1361.0,104.0,770.0,486.77533033445957,1495.0,210.0,0.8184811208523076,1.1745297553184038,3.783794069222016,0.0250273786167284,0.0013310972232728798,0.0016015379202904468,0.0048253598608187,0.0001175337509009,0.5,0.5270462766947299,1,0,0.7,0.4830458915396479,1,0,0.0,0.0,0,0,10,5,0.625,0.0,0.45454545454545453,0.0,2.9869186046511627,2.272727272727273,1,3
119,2026-08-31 10:09:55,10,39911.1,17601.265096261945,59632,4191,1862.3,3281.2385212497634,8080,80,6.1,4.3576242252962665,17,1,476473.0508986125,441513.0667025061,1432201.01145545,59675.14249636929,10.3,2.5841396591085743,14,7,8.1,3.8427420765212266,17,4,7564.5,5477.688365846795,17124,583,8261.2,3705.602838945372,14892,2448,720.7,460.31512153209906,1427.0,53.0,1059.8,335.60486024821245,1424.0,408.0,0.10910616526361665,0.1512427841061606,0.4486290082531859,0.0135320329910456,0.00010408751770914649,0.00012279835560035377,0.000402177506278,1.1869842196665773e-05,0.2,0.42163702135578396,1,0,0.6,0.5163977794943222,1,0,0.0,0.0,0,0,10,4,0.2857142857142857,0.0,0.36363636363636365,0.0,0.44856167723061924,0.7272727272727273,0,0
120,2026-08-31 10:10:00,10,35122.2,18140.338700745855,63575,15111,3377.9,4050.30806647264,8080,22,5.5,1.5811388300841898,6,1,681648.6828248159,911438.2975499113,3031429.4208507403,12476.580641232493,112.0,31.198290551460243,170,70,11.2,3.2249030993194197,18,8,96448.0,71829.98241217474,251430,7920,9698.4,5171.955813165203,16269,1635,822.3,437.66858339260415,1479.0,66.0,935.0,501.45299990239477,1479.0,109.0,1.5172388220819593,3.3253624996139104,10.85273311535273,0.0118294029058469,0.0015752917424180645,0.0035531262438884886,0.0116217739501949,3.628651198112564e-05,0.7,0.4830458915396479,1,0,0.6,0.5163977794943223,1,0,0.0,0.0,0,0,10,4,1.0,0.0,0.36363636363636365,0.0,2.0071684587813623,2.5454545454545454,1,3
121,2026-08-31 10:10:05,10,35909.2,19337.1293043547,59256,6300,1053.4,2476.349786816609,8080,22,6.0,0.0,6,6,914829.979100833,739006.5419053754,2022279.749457288,33752.39545330685,112.0,23.475755815545345,150,70,10.2,3.425395354310701,18,5,79535.0,64824.39051433924,189020,12500,4362.8,4490.067502585877,12516,572,675.9,507.3049597847652,1454.0,125.0,447.0,396.10296080129916,1117.0,52.0,0.23690828770663264,0.22801525949538493,0.6787645176679341,0.007459770821828,0.0005611726189001531,0.0008646986465848125,0.0023405746145005,5.39995138149237e-05,0.7,0.48304589153964794,1,0,0.6,0.5163977794943223,1,0,0.0,0.0,0,0,10,6,1.0,0.0,0.5454545454545454,0.0,1.4975490196078431,3.8181818181818183,1,3
122,2026-08-31 10:10:10,10,31205.9,18497.463468450656,64410,6595,1050.7,2477.543454042061,8080,22,6.1,4.3576242252962665,17,1,415928.7209996774,377675.405790787,1214179.4385659173,20383.90074753596,111.0,37.25288952252936,160,60,9.0,4.136557881996952,16,2,109538.0,75788.96794535615,227680,9120,6440.4,3633.1973124386063,13464,782,876.8,450.12018148243226,1423.0,152.0,723.8,346.1777963224485,1256.0,269.0,1.1670798316342577,2.5522249869787,8.392260246692786,0.0491391603376306,0.0013549443576677995,0.002569615378602009,0.0083889733390102,7.995679273905503e-05,0.7,0.48304589153964794,1,0,0.4,0.5163977794943223,1,0,0.0,0.0,0,0,10,6,1.4,0.0,0.5454545454545454,0.0,1.1820330969267139,3.8181818181818183,1,3
123,2026-08-31 10:10:15,10,44348.3,17325.643332932836,65202,3248,930.2,2517.7061782503533,8080,22,7.7,5.143496432929215,17,1,556447.3080001938,562473.1573532568,1798026.8270906396,34169.02929515955,111.0,29.981475762358478,180,60,9.5,2.3687784005919825,14,7,79150.0,67740.2050320028,233640,9900,7942.4,4751.02976440079,15939,2184,682.5,432.9388589114583,1298.0,90.0,815.3,379.61912198646917,1449.0,273.0,0.3713622137267206,0.43010431720686126,1.2759902999759292,0.0307687289011196,0.0006468806710434415,0.0009250408588949275,0.0031607570421584,3.837540072261553e-05,0.7,0.4830458915396479,1,0,0.8,0.4216370213557839,1,0,0.0,0.0,0,0,10,5,0.7777777777777778,0.0,0.45454545454545453,0.0,1.193541996830428,3.1818181818181817,1,3
124,2026-08-31 10:10:20,10,41891.8,18962.412011368408,65143,7342,1690.8,3369.755704960096,8080,22,9.3,5.313504806936128,17,6,471833.1465137744,377704.69922449987,1107434.3286358616,20305.345577177628,107.0,35.91656999213594,170,50,10.6,2.7968235951204043,16,6,85698.0,49656.91040641887,171520,8350,9339.9,4701.681955546452,16549,2604,809.4,446.1482563752398,1336.0,167.0,891.0,404.05995154734705,1442.0,217.0,0.6070002894539781,0.928473729777086,2.8108060175210348,0.0929786703779474,0.0010588802381107224,0.0017327457290907784,0.0054665407945626,8.44012622898144e-05,0.4,0.5163977794943223,1,0,0.3,0.4830458915396479,1,0,0.0,0.0,0,0,10,5,1.0,0.0,0.45454545454545453,0.0,0.9735099337748344,1.8181818181818181,1,3
125,2026-08-31 10:10:25,10,31821.2,14875.511776817031,59296,13204,1811.3,3309.304191719663,8080,22,6.0,0.0,6,6,457598.5006262915,363085.0899251635,1048275.40771773,40046.32858983886,109.0,28.848262031225072,150,60,9.0,3.1269438398822866,14,5,89607.0,52676.650962895,187070,22860,6183.5,5790.047999225338,17990,540,817.4,417.4859145993897,1439.0,254.0,716.6,512.1647304443279,1331.0,45.0,0.5495223743738207,0.890045527247386,3.009764046147416,0.0443809508933372,0.0006987929394338241,0.0009922142570425343,0.003371095546585,7.898619819794112e-05,0.6,0.5163977794943223,1,0,0.2,0.42163702135578396,1,0,0.0,0.0,0,0,10,6,2.0,0.0,0.5454545454545454,0.0,0.9853039412157649,3.272727272727273,1,3
126,2026-08-31 10:10:30,10,28333.7,19817.982412445523,56080,6856,1772.7,3329.200205922004,8080,22,6.0,0.0,6,6,479401.4326293172,418514.209661021,1210236.8874451595,24997.762539450643,93.0,37.72709017845576,170,40,9.2,2.859681411936962,14,4,53948.0,40381.38537054473,135900,4500,6919.4,3998.4478155070788,13104,784,600.6,395.82942454210416,1359.0,45.0,806.9,498.14175804795883,1470.0,98.0,0.5023528749037217,0.8270030932863291,2.6678029873794893,0.0212666131367143,0.0007533398546421979,0.0010681776398341614,0.0032802935797868,5.589123031988012e-05,0.5,0.5270462766947299,1,0,0.5,0.5270462766947299,1,0,0.0,0.0,0,0,10,5,0.8333333333333334,0.0,0.45454545454545453,0.0,0.8828610919143055,2.272727272727273,1,3
127,2026-08-31 10:10:35,10,33470.4,21629.133049867924,64139,2340,1005.3,2493.938253267532,8080,22,6.6,3.9777157040470135,17,1,328573.17098008154,305447.65216328896,917379.972422134,29345.764110159755,106.0,24.585451886114367,140,70,8.3,3.497618237219913,16,5,123343.0,48533.244516860126,173280,27930,6749.9,3743.9186971822865,13266,2380,1125.4,320.34328808673706,1444.0,399.0,852.5,379.7532093346941,1447.0,285.0,1.3536004944960176,1.9286005363576424,5.910393039683977,0.1580217623627316,0.00119244240696827,0.001586249107182809,0.0049410878996464,0.0001372731808913,0.6,0.5163977794943223,1,0,0.5,0.5270462766947299,1,0,0.0,0.0,0,0,10,6,1.0,0.0,0.5454545454545454,0.0,0.9972081661141162,3.272727272727273,1,3
128,2026-08-31 10:10:40,10,30648.9,22119.08133741343,58594,2402,2656.1,3746.1418508469037,8080,22,6.0,0.0,6,6,301984.95255334245,290746.27974274126,856000.2989082547,8826.558707916065,102.0,41.57990967870047,170,40,8.9,2.64365067451978,14,5,65558.0,33467.69812487524,138300,14800,6339.1,3908.088292247246,14670,2152,758.4,451.600413344954,1383.0,148.0,741.5,431.50466715642574,1467.0,207.0,2.0022483811233975,3.5513137920767233,10.75436113140268,0.0488574404326964,0.00344632752314682,0.006261953496306559,0.0197132320262954,0.0001249999563495,0.3,0.4830458915396479,1,0,0.2,0.42163702135578396,1,0,0.0,0.0,0,0,10,5,1.0,0.0,0.45454545454545453,0.0,0.9840283939662822,1.3636363636363635,1,3
129,2026-08-31 10:10:45,10,23410.4,13289.683092952635,47203,3281,2653.6,3748.083012243281,8080,22,7.1,3.478505426185217,17,6,417644.3628743938,299010.2296366105,978081.6410573524,67400.46574753866,112.0,29.363620727393652,180,80,8.4,3.533962208186286,12,2,91558.0,58691.13898669505,210240,18240,3699.6,4473.680989967881,13959,411,834.7,474.26505716154594,1373.0,152.0,447.5,441.3250880397956,1269.0,46.0,0.5243542329030353,0.6877072828233768,1.829898333991928,0.0709780570837488,0.00058318366141846,0.0005369189204421905,0.0014243225016477,0.0001462796068504,0.5,0.5270462766947299,1,0,0.6,0.5163977794943222,1,0,0.0,0.0,0,0,10,5,0.7142857142857143,0.0,0.45454545454545453,0.0,1.0630407911001236,2.272727272727273,1,3
130,2026-08-31 10:10:50,10,38792.2,15769.747498859257,63415,16911,1856.5,3284.7068616037363,8080,53,10.4,5.680375574437545,17,6,631615.7182927071,453529.9745152473,1644817.9480354013,55829.23389996878,105.0,34.721111093332766,180,40,10.2,3.73571352696584,15,3,74668.0,55331.54772219311,140580,5800,7188.1,4625.272879637601,15435,1560,674.9,496.80992341135857,1375.0,99.0,720.0,334.6503980109525,1251.0,120.0,0.3389680968610414,0.6743153356813328,2.2445230074637443,0.0114007814487483,0.00042800727021844565,0.0005610619451428168,0.001844911577438,5.131724089774729e-05,0.5,0.5270462766947299,1,0,0.2,0.42163702135578396,1,0,0.0,0.0,0,0,10,5,1.6666666666666667,0.0,0.45454545454545453,0.0,1.0221827861579413,2.272727272727273,1,3
131,2026-08-31 10:10:55,10,33268.2,16625.067938374134,58529,11884,963.2,2507.9988835723193,8080,22,8.2,4.638007234913623,17,6,466334.8898522047,498696.5759609152,1584698.5023009577,16997.453414243373,109.0,33.48299734359382,200,80,9.4,3.0623157540948935,15,6,90311.0,43296.286330354014,164120,24100,7601.4,5568.083636025754,16718,858,868.4,427.508856308524,1492.0,241.0,763.5,433.5966507660726,1352.0,143.0,0.8631964517804676,1.1794514801880718,3.851027154819077,0.0518193207605407,0.0014168063507793145,0.0021207256771179164,0.0064127253229906,7.130693935484426e-05,0.5,0.5270462766947299,1,0,0.6,0.5163977794943223,1,0,0.0,0.0,0,0,10,6,0.7142857142857143,0.0,0.5454545454545454,0.0,1.021217871312748,2.727272727272727,1,3
132,2026-08-31 10:11:00,10,45307.6,17671.76930838814,63515,17947,972.5,2504.2696540109255,8080,22,6.6,3.9777157040470135,17,1,489569.83015951497,443740.8271368539,1231582.0702687367,77882.6703309313,108.0,26.997942308422115,140,80,8.9,1.66332999331662,12,6,81045.0,36377.92042495619,161420,38280,7574.9,4133.5835529101005,14124,1440,783.3,357.9363847886319,1348.0,348.0,830.0,382.30063795104735,1280.0,160.0,0.3786849282094483,0.31936004092078235,0.9412877046855938,0.0644156994146014,0.0005256074694601385,0.00042098290814120934,0.0011555844144278,7.064084651728471e-05,0.1,0.31622776601683794,1,0,0.5,0.5270462766947299,1,0,0.0,0.0,0,0,10,5,0.16666666666666666,0.0,0.45454545454545453,0.0,1.0037781212433454,0.45454545454545453,1,3
133,2026-08-31 10:11:05,10,36138.3,19921.09394056684,61972,8504,930.0,2517.7490829001295,8080,22,5.0,2.1081851067789197,6,1,328673.4703422695,220623.77792158915,702896.5323619331,79271.98310638528,104.0,23.664319132398465,140,70,9.8,2.780887148615228,15,5,81953.0,52254.69357972651,154280,12670,9282.8,4657.4793325717865,15720,700,753.2,416.3446222115093,1356.0,181.0,935.4,412.5509261493261,1435.0,100.0,0.547418031468492,0.5603662111643964,1.7994867560893977,0.0444938994650486,0.00060687781773107,0.0005043657081281604,0.0016187287161223,0.0001351550272689,0.4,0.5163977794943222,1,0,0.5,0.5270462766947299,1,0,0.0,0.0,0,0,10,6,0.6666666666666666,0.0,0.5454545454545454,0.0,0.9723171565276828,2.1818181818181817,1,3
134,2026-08-31 10:11:10,10,37157.4,23985.612887729178,63531,3124,174.8,186.8896287473795,445,22,6.6,3.977715704047013,17,1,577198.1121358962,673805.0633974893,2070386.8727959164,54614.58554704888,11.5,3.4075080500434787,17,7,9.7,2.359378449224852,14,6,7718.4,7043.60340545472,22485,680,7969.7,5720.030148521945,20090,2032,629.8,500.40867742720496,1499.0,68.0,845.9,543.8403462618622,1476.0,162.0,0.08944524532452344,0.0961340313321948,0.2928887921943676,0.004255243363314,0.00011819335274675731,0.00012197572935851297,0.0004211329220099,8.694027303025394e-06,1.0,0.0,1,1,0.0,0.0,0,0,0.0,0.0,0,0,10,5,10.0,0.0,0.45454545454545453,0.0,0.21810699588477367,4.545454545454546,1,1
135,2026-08-31 10:11:15,10,31446.5,13935.216924117909,53349,9040,2583.7,3796.3884021527615,8080,53,9.3,5.313504806936128,17,6,632830.4939901052,604333.8692175248,1726144.7181381306,92412.00570057446,10.1,2.685351208149711,14,6,8.6,1.9550504398153572,12,5,7258.0,6893.256914470031,20622,392,7292.2,4167.93708099236,14000,1379,663.0,528.5283551733268,1473.0,56.0,838.6,421.81386100190366,1400.0,197.0,0.06927914216806012,0.08350980606278782,0.2625539781381177,0.0038627367083268,8.274539055296865e-05,8.374217461509071e-05,0.0002272432011244,8.689885524831621e-06,1.0,0.0,1,1,0.0,0.0,0,0,0.0,0.0,0,0,10,5,10.0,0.0,0.45454545454545453,0.0,0.24005134788189988,4.545454545454546,1,1
136,2026-08-31 10:11:20,10,38589.1,15025.646848342707,62219,13852,22.0,0.0,22,22,8.2,4.638007234913623,17,6,207326.14503069717,253537.7435037664,793785.31747235,48816.01169356458,11.9,3.3149493041204847,18,6,8.5,1.7159383568311668,11,7,11049.7,3735.818341110523,17368,4910,5693.8,3178.756388554772,10483,927,972.2,342.61828452213246,1369.0,466.0,686.5,358.4343268531443,1123.0,103.0,0.19647888868237845,0.1572816404376807,0.4887125999737898,0.0202614033493712,0.0002451567461534929,0.0001847098281199578,0.0005940673764194,2.5195729323180264e-05,0.5,0.5270462766947299,1,0,0.4,0.5163977794943223,1,0,0.0,0.0,0,0,10,1,1.0,0.0,0.09090909090909091,0.0,0.34991423670668953,0.45454545454545453,1,2
137,2026-08-31 10:11:25,10,32630.4,19094.142034782406,62634,2425,22.0,0.0,22,22,7.7,5.143496432929215,17,1,516591.84985037055,355344.69720838324,1286746.9523768364,91269.93723510877,12.0,3.366501646120693,16,6,8.0,2.5385910352879693,12,4,8486.7,6008.038708449058,17824,1413,5313.2,3104.5760419097487,10860,1450,681.8,390.7840551734139,1209.0,157.0,637.6,270.7779738293185,1172.0,290.0,0.04188193949630026,0.04482942700478998,0.1650244999683764,0.0106765358756178,6.781108462595593e-05,6.193093588779474e-05,0.0001972171839196,1.0880150113455375e-05,0.5,0.5270462766947299,1,0,0.5,0.5270462766947299,1,0,0.0,0.0,0,0,10,1,0.8333333333333334,0.0,0.09090909090909091,0.0,0.513874614594039,0.45454545454545453,1,2
138,2026-08-31 10:11:30,10,24537.3,18691.24100897411,56267,3769,247.6,207.71679437798636,445,22,5.0,2.1081851067789197,6,1,833123.6269014959,786217.3596867129,2391212.875978783,19893.77568452158,103.0,27.507574714370342,140,50,10.3,3.3015148038438356,16,5,83039.0,54939.46839729865,152460,11900,5798.5,4527.088744436097,13113,1089,800.7,499.82664772676713,1431.0,182.0,639.5,541.5851733568784,1457.0,99.0,0.6161091837189232,1.4323789244246585,4.6723156743743175,0.039860699440665,0.0007525450600181173,0.0015410331963276373,0.0050266978745285,4.68381552828864e-05,0.6,0.5163977794943222,1,0,0.5,0.5270462766947299,1,0,0.0,0.0,0,0,10,5,1.0,0.0,0.45454545454545453,0.0,2.9185986604842866,2.727272727272727,1,3
139,2026-08-31 10:11:35,10,40879.4,19092.42780790332,64169,6842,969.0,2505.6463792358604,8080,22,7.1,3.478505426185217,17,6,668207.3854415559,618674.9457151201,2120289.0213218057,56600.661867097646,108.0,39.66526608171604,160,60,8.7,1.7669811040931427,12,6,79571.0,64031.332686080765,194350,13230,7469.2,2974.042508849604,11475,3020,718.2,473.2278755760508,1495.0,147.0,880.2,346.9799225699762,1330.0,302.0,0.42751212507643865,0.9638816902636922,3.1656873622621307,0.0311862797920198,0.000554315957069434,0.0008929003010143589,0.0029328278944944,6.555670741938901e-05,0.8,0.42163702135578396,1,0,0.5,0.5270462766947299,1,0,0.0,0.0,0,0,10,6,1.3333333333333333,0.0,0.5454545454545454,0.0,2.0148480662983426,4.363636363636363,1,3
140,2026-08-31 10:11:40,10,37364.2,18867.667545889773,62264,5049,1005.7,2493.7308528922417,8080,22,9.3,5.313504806936128,17,6,596448.7674812251,529415.1647131186,1413002.0004597472,34827.58801762422,11.5,2.9907264074877267,17,8,10.5,3.7785946829182113,17,6,11257.4,5919.330634079799,20825,675,8218.4,6266.339799986024,20955,1698,941.0,373.42766665342594,1430.0,75.0,719.1,383.0600330090427,1397.0,283.0,0.12911748524594907,0.21668786775088228,0.7120791706944898,0.0080297126233565,0.0001330472066928678,0.0001881874603130882,0.0006316831352934,1.0615696223369329e-05,0.7,0.48304589153964794,1,0,0.5,0.5270462766947299,1,0,0.0,0.0,0,0,10,5,1.1666666666666667,0.0,0.45454545454545453,0.0,0.3755547968589963,3.1818181818181817,0,0
141,2026-08-31 10:11:45,10,40041.2,17722.11228819961,57571,7179,1730.2,3350.72794081127,8080,22,8.2,4.638007234913623,17,6,411746.05255235155,364838.7463910654,1216393.797871606,14262.244397212922,11.2,1.8135294011647256,13,7,8.0,2.748737083745107,13,5,7329.6,5015.530307621186,14573,832,8396.0,3053.1639327098046,12987,4020,661.5,419.24515501076456,1203.0,64.0,1049.9,179.69137121433764,1251.0,670.0,0.24183445853231963,0.5922965793704845,1.9227689006739512,0.0150937961308045,0.0002505755891612184,0.0005343313956632984,0.001752879791301,1.3153634972378669e-05,0.4,0.5163977794943223,1,0,0.6,0.5163977794943222,1,0,0.0,0.0,0,0,10,5,0.5714285714285714,0.0,0.45454545454545453,0.0,0.329105245114844,1.8181818181818181,0,0
142,2026-08-31 10:11:50,10,37679.7,18478.6679236717,65134,5450,2542.0,3824.67819997099,8080,53,5.6,4.6475800154489,17,1,452146.9323296059,405571.87484116637,1201558.7932777433,8528.727326465902,12.4,3.4705106892854323,18,9,10.2,2.973961069759395,15,7,8043.9,6004.7397658479385,17400,405,8716.4,7649.796325538493,20880,686,608.4,415.55376707874194,1181.0,45.0,753.7,568.0107686772614,1401.0,98.0,0.3049027956894702,0.7050319293048554,2.2934254113586414,0.0030551979815779,0.0003773288960230733,0.0008636927232268909,0.0028140189096425,1.4148288119538504e-05,0.6,0.5163977794943223,1,0,0.4,0.5163977794943223,1,0,0.0,0.0,0,0,10,5,1.2,0.0,0.45454545454545453,0.0,0.3839619435949711,2.727272727272727,0,0
143,2026-08-31 10:11:55,10,34273.4,20357.456925875806,63546,3228,4183.9,4109.335238210677,8080,53,6.0,0.0,6,6,1051676.5866572964,1127945.4614993292,3669500.2834376665,72944.2009637046,10.1,3.6347092196090616,17,6,8.2,2.043961295567452,13,6,5860.8,5719.199182480786,19822,360,8138.6,3304.231939666329,14950,3104,533.6,383.482347848126,1166.0,60.0,1036.6,416.46026887994435,1495.0,388.0,0.04343338633773794,0.042384363332974004,0.0995028261650996,0.0037066441530516,6.776262926247475e-05,8.236524946047759e-05,0.0002604730704617,3.542716717761333e-06,0.5,0.5270462766947299,1,0,0.6,0.5163977794943222,1,0,0.0,0.0,0,0,10,4,0.7142857142857143,0.0,0.36363636363636365,0.0,0.4591068740592072,1.8181818181818181,0,0
144,2026-08-31 10:12:00,10,40315.1,11530.722088307297,59609,22753,2530.0,3833.3557100796165,8080,22,8.8,5.865151319446072,17,1,547719.6784156386,717465.4559610087,1991849.04545284,46275.3273299877,12.8,2.973961069759395,16,8,8.5,2.718251071716682,15,6,7615.9,5113.908452011588,19424,2024,5884.5,3205.986492312294,11790,1576,592.0,353.9384755073181,1214.0,227.0,703.1,364.5619746124565,1388.0,197.0,0.07988330736840196,0.059202313343877246,0.1717113731388704,0.0070170980234861,0.00014912042333694756,0.000138746870577291,0.0003979807217704,8.534783315394146e-06,0.4,0.5163977794943223,1,0,0.7,0.4830458915396479,1,0,0.0,0.0,0,0,10,5,0.5,0.0,0.45454545454545453,0.0,1.02502406159769,1.8181818181818181,0,0
145,2026-08-31 10:12:05,10,30147.8,16934.841106101023,61770,10195,1817.5,3305.6031976025192,8080,53,8.2,4.638007234913623,17,6,458685.90898406674,647028.358375878,2140703.371231012,29145.9996053922,11.2,2.6161889160464775,16,7,9.1,3.8427420765212266,17,4,8485.1,7430.811746445412,21008,472,7629.0,5563.147889859161,18993,564,700.9,523.8406140124007,1313.0,57.0,770.8,400.6716028536753,1461.0,141.0,0.16357596153284776,0.1613205935550254,0.4393055708831521,0.002657070604183,0.00017653385472448218,0.00016500482593223787,0.0004460303359482,8.408451279060214e-06,0.6,0.5163977794943223,1,0,0.5,0.5270462766947299,1,0,0.0,0.0,0,0,10,5,1.0,0.0,0.45454545454545453,0.0,0.9931506849315068,2.727272727272727,0,0
146,2026-08-31 10:12:10,10,43211.6,17693.8687321657,62239,8683,1848.0,3289.9491046384155,8080,22,6.1,4.3576242252962665,17,1,502302.9239123214,396429.52772512514,1320874.4226866015,36660.00728235617,11.1,2.4244128727957577,14,8,7.8,1.5491933384829668,10,6,8658.3,5325.110620655897,18830,2328,6100.7,2546.2273203048203,9840,1566,736.5,345.407408400251,1345.0,291.0,784.2,323.7285557033512,1253.0,261.0,0.07414252534238971,0.09963099339706061,0.341571126817831,0.0103522331608815,0.00010212159030779861,0.00013875817558376747,0.0004637205842439,1.1356113603424229e-05,0.6,0.5163977794943223,1,0,0.5,0.5270462766947299,1,0,0.0,0.0,0,0,10,5,1.0,0.0,0.45454545454545453,0.0,0.9273797841020608,2.727272727272727,0,0
147,2026-08-31 10:12:15,10,35365.2,12935.999379852936,53940,12728,930.6,2517.51399422349,8080,22,8.2,4.638007234913623,17,6,744901.1904963976,776222.7155575881,2789610.3062433368,224348.2731938761,9.3,2.8303906287138374,13,6,8.7,2.110818693198342,11,5,6414.6,4482.799006573163,14476,1872,7142.0,4413.6344308165,13640,1540,674.1,425.3227402024648,1408.0,312.0,796.2,411.6027750689303,1364.0,154.0,0.035867323182655536,0.034458161912798234,0.0996218944805047,0.0024143157146008,4.44316239902373e-05,3.182415296683462e-05,0.000102519175528,5.018622123891952e-06,0.7,0.4830458915396479,1,0,0.6,0.5163977794943223,1,0,0.0,0.0,0,0,10,5,1.0,0.0,0.45454545454545453,0.0,0.9249743062692704,3.1818181818181817,0,0
148,2026-08-31 10:12:20,10,38013.8,20948.306597166484,61799,8030,978.3,2501.782699951732,8080,53,7.1,3.478505426185217,17,6,331984.7135933832,331022.90696426656,1033891.9355516334,8406.042520103338,12.4,4.033195589934446,17,3,9.2,3.119829055146024,16,6,10177.0,7067.683716120234,23376,765,7256.5,3209.217912687001,11089,2512,883.8,497.5881384795618,1477.0,45.0,844.8,351.60514469753963,1210.0,157.0,0.2542157629628782,0.417368692739348,1.3397505377434191,0.022473980634557,0.0004847087299873369,0.0010930990582600324,0.0035688613152461,2.011459763395489e-05,0.5,0.5270462766947299,1,0,0.5,0.5270462766947299,1,0,0.0,0.0,0,0,10,5,0.8333333333333334,0.0,0.45454545454545453,0.0,1.0735586481113322,2.272727272727273,0,0
149,2026-08-31 10:12:25,10,31576.8,16779.638294340224,61541,10939,2614.4,3775.6967922049394,8080,22,7.1,3.4785054261852175,17,6,525266.7707471373,525393.3544492723,1606269.4908427012,4328.18050552697,11.1,2.4244128727957577,16,8,8.9,3.9001424475410014,16,5,7740.1,6186.23223061591,17710,957,4298.8,3296.4530365564474,10576,258,646.4,415.53344563878903,1265.0,87.0,621.9,538.5611385905968,1322.0,42.0,0.554049409553669,1.6095460515477462,5.133334878315464,0.0039517350619518,0.0005531551190098895,0.0015117988640344956,0.0048519233254399,1.6773962195506597e-05,0.6,0.5163977794943222,1,0,0.6,0.5163977794943222,1,0,0.0,0.0,0,0,10,5,0.8571428571428571,0.0,0.45454545454545453,0.0,1.0070493454179255,2.727272727272727,0,0
150,2026-08-31 10:12:30,10,36867.0,18895.49566548717,60420,6963,1011.1,2491.463579237446,8080,22,6.0,0.0,6,6,311576.37210562016,226846.71659009487,658793.2835813201,3745.5644958619023,10.7,2.110818693198342,13,7,9.4,2.9514591494904874,14,5,10410.5,3073.2698565389783,15552,6000,8191.5,2615.8850743528897,12331,3860,1019.8,364.6726995235286,1384.0,500.0,929.3,322.95856287352615,1381.0,386.0,0.6982313328358657,1.4966068107685282,4.659110788958179,0.0232953433897477,0.0006834087954085889,0.001332823315737919,0.0037377543433278,2.8433998848271425e-05,0.5,0.5270462766947299,1,0,0.6,0.5163977794943222,1,0,0.0,0.0,0,0,10,6,0.7142857142857143,0.0,0.5454545454545454,0.0,1.0141271442986883,2.727272727272727,0,0
151,2026-08-31 10:12:35,10,35796.0,14744.880173583417,55861,12209,1808.2,3311.0674613081105,8080,22,8.8,5.865151319446072,17,1,489625.9736617119,330423.5547605761,1008746.712286573,118344.37449777988,11.6,3.9496835316263,19,6,9.8,3.4896672875473067,15,4,8048.6,5585.836238996708,22743,2925,7723.0,7330.370219542499,19334,686,693.8,305.76381589571895,1197.0,195.0,762.8,625.8123254352432,1496.0,62.0,0.05599909294229891,0.05554087741507556,0.1906778803049245,0.0047573446240071,7.129789944060956e-05,5.634617703818091e-05,0.0001924992190699,1.6692437277218177e-05,0.4,0.5163977794943222,1,0,0.5,0.5270462766947299,1,0,0.0,0.0,0,0,10,4,0.6666666666666666,0.0,0.36363636363636365,0.0,1.0531496062992127,1.4545454545454546,0,0
152,2026-08-31 10:12:40,10,39670.4,14120.698434095484,64045,20053,1774.8,3328.008239840227,8080,22,8.2,4.638007234913623,17,6,649922.8490783374,789312.0297949439,2718235.6188317216,114239.17047700014,14.7,4.083843505544475,25,11,8.4,2.5473297566057065,13,4,11459.9,5637.85405293736,19261,3360,5524.2,3125.829269525484,10738,1647,831.8,435.02153203414355,1465.0,199.0,661.0,302.49224048817445,1074.0,183.0,0.05191098819304348,0.03303301178868934,0.1134286947704557,0.0024361390727495,6.933856805631778e-05,5.37560721104739e-05,0.0002013319941133,1.2508113632359755e-05,0.6,0.5163977794943223,1,0,0.7,0.48304589153964794,1,0,0.0,0.0,0,0,10,6,0.75,0.0,0.5454545454545454,0.0,1.0824742268041236,3.272727272727273,0,0
153,2026-08-31 10:12:45,10,22198.9,19338.71745977196,45278,1516,938.7,2514.302025966208,8080,22,6.0,0.0,6,6,451662.69961664744,349562.3980769636,1231624.3420641003,106792.05237388774,12.8,4.184627953726724,23,9,9.2,2.440400695696417,13,4,12377.0,8621.364754041104,31786,2420,9159.4,4437.285386359547,14820,3016,971.7,519.1024411852101,1454.0,156.0,1027.7,431.64595831923793,1482.0,232.0,0.09380177690827926,0.11402900337310376,0.3962467155129273,0.0059303797030349,8.822866106692566e-05,8.478104305452227e-05,0.0002996477667174,1.1367102388073532e-05,0.6,0.5163977794943223,1,0,0.3,0.48304589153964794,1,0,0.0,0.0,0,0,10,5,1.5,0.0,0.45454545454545453,0.0,1.027077497665733,2.727272727272727,0,0
154,2026-08-31 10:12:50,10,30461.1,15221.057369096712,55134,7498,960.3,2509.115384176485,8080,22,6.6,3.9777157040470135,17,1,468592.00012204255,424271.0052168892,1521034.876607742,52206.10065703521,12.1,3.984692933938295,18,6,9.1,0.9944289260117531,10,7,11116.9,7273.879974111326,22304,2160,4780.8,3175.8288786813855,9580,476,862.1,386.2829849274292,1394.0,240.0,507.8,328.29553081873587,958.0,68.0,0.0621754582513378,0.04913259812287632,0.1342754948259593,0.0102469708220352,0.00010278591844583145,0.00010993657626956723,0.0003447872905659,1.0519153929973316e-05,1.0,0.0,1,1,0.0,0.0,0,0,0.0,0.0,0,0,10,4,10.0,0.0,0.36363636363636365,0.0,0.9787626962142197,3.6363636363636362,1,1
155,2026-08-31 10:12:55,10,36813.6,15781.030224080216,60258,13891,205.3,206.11542073961053,445,22,9.9,6.29726572057711,17,1,571503.5747520782,647653.7733150431,2085911.9113914256,43985.74315197053,11.4,3.238655413730965,18,6,8.6,1.429840705968481,11,7,9915.3,5066.7138824554395,22014,4268,6647.8,3982.5253239063723,12040,945,908.3,407.55287318879795,1459.0,386.0,750.2,433.52067745123503,1409.0,135.0,0.09760472829929315,0.13688745761339222,0.465969164702452,0.0071441176008185,0.0001130387425441977,0.0001378088129719034,0.0004546927836674,1.1505759120899566e-05,1.0,0.0,1,1,0.0,0.0,0,0,0.0,0.0,0,0,10,5,10.0,0.0,0.45454545454545453,0.0,0.9242144177449167,4.545454545454546,1,1
156,2026-08-31 10:13:00,10,29354.5,21401.959366427698,64785,6475,22.0,0.0,22,22,7.1,3.478505426185217,17,6,505556.845698525,482699.1112894819,1688301.1987369368,57976.18708386768,10.0,3.265986323710904,16,6,9.7,2.9832867780352594,13,4,7312.5,4198.972896898585,13211,1442,8975.1,5280.711682886861,17196,1268,717.1,380.1544861412704,1201.0,206.0,916.8,471.50015906678124,1443.0,251.0,0.07188080573615706,0.07936875060540677,0.2608071387137213,0.0065776177901444,9.057970813976594e-05,8.98391821428854e-05,0.0002914976801845,1.00692933302526e-05,0.7,0.4830458915396479,1,0,0.5,0.5270462766947299,1,0,0.0,0.0,0,0,10,1,1.1666666666666667,0.0,0.09090909090909091,0.0,0.9248826291079812,0.6363636363636364,1,2
157,2026-08-31 10:13:05,10,44885.3,19647.652961613505,63877,1643,22.0,0.0,22,22,7.1,3.478505426185217,17,6,579068.100283784,659601.0222696568,2212006.406021946,40945.0082352414,11.9,2.601281735350223,16,7,8.8,3.7653389990514503,13,1,13237.1,5212.872730078876,19922,2401,8279.7,6028.337048197177,19448,60,1080.4,353.63232632526996,1460.0,343.0,826.1,459.1565818614241,1496.0,60.0,0.1305399400576443,0.21668505463494273,0.7221393099471747,0.0130849530639116,0.0001184233501448354,0.0001659009709744936,0.0005617290357408,1.039779990567886e-05,0.5,0.5270462766947299,1,0,0.6,0.5163977794943223,1,0,0.0,0.0,0,0,10,1,0.7142857142857143,0.0,0.09090909090909091,0.0,0.9942363112391931,0.45454545454545453,1,2
158,2026-08-31 10:13:10,10,26970.8,17415.216193509244,64636,3919,210.9,200.88274634168502,443,22,5.5,1.5811388300841898,6,1,387163.5985640645,545597.8663438703,1684992.275703082,3558.539602992268,112.0,46.619023298792236,210,70,8.4,3.272783388968954,15,2,89448.0,44661.66882486841,157300,11130,7636.1,5818.878690186891,17385,1830,843.0,443.8227874576368,1403.0,159.0,858.2,441.72309073546165,1495.0,227.0,2.555992726476756,5.359300563211003,17.314406104978175,0.0690863701145073,0.004202707497970194,0.008302848544678238,0.0250102597354993,8.13154793023367e-05,0.4,0.5163977794943222,1,0,0.4,0.5163977794943222,1,0,0.0,0.0,0,0,10,4,0.8,0.0,0.36363636363636365,0.0,2.9728395061728397,1.4545454545454546,1,3
159,2026-08-31 10:13:15,10,23385.0,18419.357601296644,56769,6390,178.1,183.17778249558543,443,53,6.6,3.977715704047013,17,1,379341.44701714563,302770.36498796754,872743.0798369211,22948.96810249533,10.8,2.573367875415838,16,7,8.3,3.3015148038438356,15,5,9330.8,6318.548265050903,22400,1582,7066.4,5226.660888602248,19395,270,830.7,469.38660919213373,1400.0,219.0,818.1,430.59608554756846,1380.0,45.0,0.12331520265556288,0.21310152257210654,0.7128425086395407,0.0089407755617708,0.00014254604944856207,0.00020511798605152653,0.0006971991037491,2.0624626440071225e-05,0.4,0.5163977794943223,1,0,0.3,0.48304589153964794,1,0,0.0,0.0,0,0,10,3,1.0,0.0,0.2727272727272727,0.0,0.47654690618762474,1.0909090909090908,0,0
160,2026-08-31 10:13:20,10,42188.8,15300.881302141463,64093,22566,208.6,203.5229716764179,445,22,7.1,3.478505426185217,17,6,699988.1576842635,471730.9509588746,1470176.560891229,45738.01411241316,11.1,2.6012817353502227,14,7,8.8,2.485513584307633,14,4,8625.0,5582.8516409129525,17654,1295,5775.2,2988.0650669696674,10672,1712,778.4,490.52651984033105,1411.0,185.0,658.1,320.26081385159955,1334.0,214.0,0.05421215678624606,0.07479506576209835,0.2517380831005024,0.0020453325675092,8.869209593181689e-05,0.00016301839022316307,0.0005465912869126,1.020285617314215e-05,0.5,0.5270462766947299,1,0,0.5,0.5270462766947299,1,0,0.0,0.0,0,0,10,5,0.8333333333333334,0.0,0.45454545454545453,0.0,0.4967548676984523,2.272727272727273,0,0
161,2026-08-31 10:13:25,10,28954.4,16379.658131013874,56412,9179,3381.0,4047.39889037117,8080,53,6.6,3.9777157040470135,17,1,671202.2573907569,547939.114171047,1520993.649756171,25573.04545292274,9.8,3.2591750830880843,14,3,9.4,2.7968235951204043,12,5,7761.8,6701.158967754093,20510,352,7828.6,5066.4085504428085,14234,996,764.3,525.9336776945677,1465.0,44.0,840.5,443.59998246668636,1299.0,83.0,0.11307947179181391,0.19333811532205053,0.6392277378031026,0.0040688108825655,0.00012765242300454664,0.00018652707165926232,0.0005865550906616,9.204509172114086e-06,0.5,0.5270462766947299,1,0,0.6,0.5163977794943223,1,0,0.0,0.0,0,0,10,4,0.7142857142857143,0.0,0.36363636363636365,0.0,0.4804804804804805,1.8181818181818181,0,0
162,2026-08-31 10:13:30,10,30352.1,21655.877967527533,64251,4607,1129.5,2447.564832871871,8080,53,5.5,1.5811388300841898,6,1,482653.29936477623,564710.7506847318,1614043.7439062418,7056.82407257717,11.6,2.4129281427805145,15,7,8.7,2.4517567397911058,13,6,9524.4,6170.349084308134,17276,1869,5906.9,6144.693943196484,18824,468,773.0,426.1100535985719,1341.0,267.0,604.0,526.7660243831643,1498.0,78.0,0.4495811142221019,0.713191726738169,1.79389073252306,0.0075214814008349,0.0006563487548473656,0.001131281263774681,0.0034009633397627,1.2391237892644046e-05,0.6,0.5163977794943222,1,0,0.3,0.4830458915396479,1,0,0.0,0.0,0,0,10,4,1.5,0.0,0.36363636363636365,0.0,0.5090270812437312,2.1818181818181817,0,0
163,2026-08-31 10:13:35,10,25860.6,13477.382685241391,44920,6746,2544.9,3822.6127902842118,8080,53,7.7,5.143496432929215,17,1,415181.881029834,273336.29349587846,864836.1050912512,6685.093697652344,12.1,3.3813212407775355,18,6,9.1,2.766867462592951,14,5,10946.7,6499.697925459476,20944,845,4109.0,1783.8799162375128,7282,1309,920.1,479.40320538491744,1464.0,65.0,475.7,213.29846069142957,740.0,187.0,0.43436499937217743,1.140421067292474,3.657989112704256,0.0112189137224935,0.0004022941044040019,0.0009733783695665926,0.0031413172228179,3.0063499715886672e-05,0.6,0.5163977794943223,1,0,0.5,0.5270462766947299,1,0,0.0,0.0,0,0,10,4,1.0,0.0,0.36363636363636365,0.0,1.0578842315369261,2.1818181818181817,0,0
164,2026-08-31 10:13:40,10,24831.5,18050.753442261997,59829,2220,2530.0,3833.3557100796165,8080,22,8.2,4.638007234913623,17,6,466242.4157076675,509936.4655294853,1639552.588329341,37846.087254683,11.9,3.4785054261852175,17,6,9.5,2.41522945769824,12,6,9142.8,6682.554631276875,21024,504,5942.8,2868.0397021891686,11230,1386,753.3,412.71810395636066,1314.0,42.0,665.8,384.77375747891705,1380.0,198.0,0.11144655993405912,0.1398032065588716,0.3975311871681807,0.0135398452651958,0.000151259076469657,0.00017275594427721365,0.0005548790249605,1.7687752260129286e-05,0.6,0.5163977794943222,1,0,0.4,0.5163977794943223,1,0,0.0,0.0,0,0,10,5,1.2,0.0,0.45454545454545453,0.0,1.0439024390243903,2.727272727272727,0,0
165,2026-08-31 10:13:45,10,34764.0,19159.862682180163,63986,3200,1854.0,3286.3261824988977,8080,22,7.1,3.478505426185217,17,6,605356.2163190737,535301.0027594058,1930364.557068606,71052.9710953729,10.2,2.6583202716502514,14,6,9.1,2.5144029554194813,13,6,7441.6,4606.653695109571,14894,2988,8715.6,5216.57331545868,17511,2403,769.3,459.735684932114,1354.0,215.0,925.5,385.5083944899543,1419.0,267.0,0.06733098090596916,0.08896526814980839,0.3021970744637352,0.0054502658378282,6.89870690233189e-05,7.829478819052453e-05,0.0002674061296018,1.087877412740171e-05,0.8,0.42163702135578396,1,0,0.6,0.5163977794943223,1,0,0.0,0.0,0,0,10,5,1.1428571428571428,0.0,0.45454545454545453,0.0,0.9470068694798822,3.6363636363636362,0,0
166,2026-08-31 10:13:50,10,29515.1,17220.518410379584,61798,4720,1738.9,3345.8274661633905,8080,22,9.9,6.29726572057711,17,1,400170.44207229785,422039.60782094876,1038785.8955925902,46865.93054813526,11.0,3.711842908553348,19,7,8.7,3.8887301554906357,16,3,7747.5,5918.925770591973,19494,1020,6413.0,6881.437753518922,23680,822,672.3,396.46466845525254,1307.0,68.0,688.0,437.1892547220762,1480.0,137.0,0.1503298556257851,0.16941881461767946,0.4884379657277199,0.0056007981073218,0.00018738520357308486,0.000182906428226747,0.0005257448180139,1.0314545317351464e-05,0.5,0.5270462766947299,1,0,0.6,0.5163977794943223,1,0,0.0,0.0,0,0,10,6,0.7142857142857143,0.0,0.5454545454545454,0.0,0.9619140625,2.727272727272727,0,0
167,2026-08-31 10:13:55,10,35219.3,23336.166313971396,64835,2129,927.1,2518.925055124374,8080,22,9.3,5.313504806936128,17,6,461250.62392735283,321197.3062036301,1034460.6749735142,53328.243985367975,11.0,2.5385910352879693,15,8,8.7,2.2135943621178655,12,6,7859.7,4792.820882435636,17160,2880,6562.1,3439.1085553607572,10884,1520,689.2,340.3967619639699,1356.0,333.0,799.0,459.35558726933493,1357.0,181.0,0.07474237924854661,0.09410488983144617,0.3069667923328185,0.0082705249968736,8.86138347238723e-05,0.00010692890246822498,0.0003750357878226,2.4167182575981844e-05,0.3,0.48304589153964794,1,0,0.5,0.5270462766947299,1,0,0.0,0.0,0,0,10,5,0.5,0.0,0.45454545454545453,0.0,0.9675834970530452,1.3636363636363635,0,0
168,2026-08-31 10:14:00,10,36999.8,16869.04045746395,64256,13626,2575.2,3802.7314978110726,8080,22,8.8,5.865151319446072,17,1,368216.4664423165,325304.0395835296,1007185.4133244184,55910.96187404582,11.5,2.9907264074877267,16,8,8.7,3.0568684048294332,12,2,7958.8,4690.28129457309,16875,1288,6326.1,4316.098017886063,12915,1366,718.0,393.6572112892129,1209.0,92.0,736.0,401.8891500014511,1435.0,133.0,0.08998414792293838,0.08793019346347411,0.2370535825276117,0.0144412337663299,0.00013123714919053027,0.00012234255974907324,0.0003755971868906,1.9857316969859e-05,0.5,0.5270462766947299,1,0,0.4,0.5163977794943223,1,0,0.0,0.0,0,0,10,5,1.0,0.0,0.45454545454545453,0.0,1.001984126984127,2.272727272727273,0,0
169,2026-08-31 10:14:05,10,36477.9,16768.839338686106,65527,10280,1741.6,3344.3263796067113,8080,22,5.5,1.5811388300841898,6,1,665196.4803582488,470093.51806642057,1500666.198622234,250594.8449274814,12.6,3.687817782917155,18,6,7.6,3.204163957519444,11,2,8547.4,4150.627561653244,15480,2040,6836.8,4639.112410316822,14920,1133,718.8,317.7349699216489,1146.0,120.0,900.0,395.4137074002367,1492.0,103.0,0.03453286602258079,0.025636012584601367,0.0843793899141474,0.0096970265694418,4.4644264744011085e-05,2.721240537311815e-05,8.309129711325794e-05,1.1328302067104908e-05,0.4,0.5163977794943223,1,0,0.4,0.5163977794943223,1,0,0.0,0.0,0,0,10,6,0.8,0.0,0.5454545454545454,0.0,1.0140562248995983,2.1818181818181817,0,0
170,2026-08-31 10:14:10,10,37195.5,21869.45237464045,64067,3895,1003.0,2494.9661320346613,8080,22,5.5,1.5811388300841898,6,1,451698.4958974885,304159.4699140772,937956.5637224464,136125.67743746913,11.8,3.8528488738133038,21,7,8.8,2.1499353995462798,12,5,10739.2,4427.248751889949,17836,4977,192277.5,34971.97379887056,240500,135000,914.9,283.97317948473,1372.0,533.0,22777.5,5868.222449960655,36300.0,16150.0,0.6443732984520014,0.3772534092044518,1.2385336626693082,0.2373293868717056,6.247640977492505e-05,3.0011628777466683e-05,0.0001035975739506,2.3549948454608428e-05,0.6,0.5163977794943223,1,0,0.4,0.5163977794943222,1,0,1.0,0.0,1,1,10,5,1.2,1.4285714285714286,0.45454545454545453,0.04830917874396135,1.020812685827552,2.727272727272727,1,5
171,2026-08-31 10:14:15,10,36524.7,22533.122203399453,64838,2156,1780.6,3324.662930283309,8080,22,5.0,2.1081851067789197,6,1,305608.20204759395,431200.1295346137,1490729.035782253,17896.10872461834,9.5,2.0138409955990952,14,7,11.7,3.4334951418181574,18,7,5944.1,3694.7075797686616,12740,693,275785.0,145573.69563595997,490500,28575,663.3,439.65113695090366,1274.0,77.0,23245.0,11051.10477131887,35200.0,3175.0,2.5084998621703267,2.406585245125444,6.731023243162774,0.1880771040667329,0.00020925934311571962,0.00023507541235828422,0.0007822929670134,1.7441130732509153e-05,0.6,0.5163977794943222,1,0,0.5,0.5270462766947299,1,0,1.0,0.0,1,1,10,6,1.0,1.4285714285714286,0.5454545454545454,0.046948356807511735,1.03515625,3.272727272727273,1,5
172,2026-08-31 10:14:20,10,28301.6,22860.11605978121,62868,3203,1648.7,3389.6483937620037,8080,22,6.6,3.9777157040470135,17,1,426141.2805690683,474780.1597062331,1683657.7294936737,115328.4682355045,10.6,3.062315754094894,14,4,6.5,2.068278940998476,10,3,11597.1,6495.706418687484,19544,2134,139977.5,69376.83576149735,259400,37125,1053.8,416.22638071126636,1477.0,194.0,22432.5,9520.322196345154,35125.0,4125.0,0.6665036168205328,0.5543246426208307,1.9379290463759604,0.040579506631755,7.807069809604317e-05,5.898480553266655e-05,0.0001994303778581,8.909174196837416e-06,0.3,0.48304589153964794,1,0,0.5,0.5270462766947299,1,0,1.0,0.0,1,1,10,4,0.5,2.5,0.36363636363636365,0.05813953488372093,0.8567134268537074,1.0909090909090908,1,5
173,2026-08-31 10:14:25,10,39147.3,15203.783418390745,62343,18022,927.5,2518.733511112281,8080,22,7.1,3.478505426185217,17,6,404520.35777755815,330273.19296456676,957108.1314024368,10688.342646065475,12.8,3.6147844564602556,19,7,8.6,2.836272984824353,12,4,10293.6,8266.795539318056,23632,770,148900.0,99932.80450716204,354900,49050,797.7,533.4177120752137,1477.0,55.0,16810.0,7540.798292547606,29575.0,5450.0,2.509918256311175,4.163853762143754,11.142143697203853,0.0788793539449877,0.00033761378217752583,0.0006433538609712607,0.0020583172441159,2.362010898187984e-05,0.3,0.4830458915396479,1,0,0.3,0.4830458915396479,1,0,1.0,0.0,1,1,10,5,0.75,2.5,0.45454545454545453,0.046511627906976744,1.0594059405940595,1.3636363636363635,1,5
174,2026-08-31 10:14:30,10,36987.9,17210.787705196217,64377,14893,3302.6,4113.49092620854,8080,22,7.1,3.478505426185217,17,6,392884.8950793601,417413.6824751105,1181760.6351034767,42745.41536937936,12.2,3.0840089349921005,18,8,8.0,1.9436506316151,11,5,9785.4,5575.828412791134,18375,1529,7530.7,4181.313617353602,13329,576,809.7,444.5874617115412,1462.0,139.0,925.0,462.1327370644355,1481.0,96.0,0.13262085339190643,0.1995048234320141,0.6829504343542505,0.017641474407377,0.00015573013939048605,0.00016729551767678363,0.0005614637215942,1.3539120803819654e-05,1.0,0.0,1,1,0.0,0.0,0,0,0.0,0.0,0,0,10,5,10.0,0.0,0.45454545454545453,0.0,1.0,4.545454545454546,1,1
175,2026-08-31 10:14:35,10,35917.4,16898.565068602064,63457,15294,999.5,2496.3955015181386,8080,22,6.1,4.3576242252962665,17,1,889835.6522449914,769678.9014000213,2260659.022884858,109065.6821067724,11.6,3.272783388968954,17,7,9.9,2.2335820757001272,14,7,10910.2,5089.9171091264125,20865,4404,8827.5,5865.802554732908,17668,1010,980.6,390.4026980781084,1405.0,281.0,870.2,477.21478974939106,1424.0,101.0,0.0617846019965949,0.07082846374133672,0.2329972133011771,0.0057399191424205,6.47536028168032e-05,7.025927713350713e-05,0.000201713312318,8.846977716431228e-06,1.0,0.0,1,1,0.0,0.0,0,0,0.0,0.0,0,0,10,5,10.0,0.0,0.45454545454545453,0.0,1.0549558390579,4.545454545454546,1,1
176,2026-08-31 10:14:40,10,28866.3,19982.461999630243,62274,7638,22.0,0.0,22,22,7.1,3.478505426185217,17,6,668083.1664407111,1127690.64682352,3762601.7180160936,1963.0359475714429,11.5,4.06201920231798,18,5,9.3,3.0568684048294332,16,6,10024.3,7845.923103398633,26064,1515,8545.3,6031.615041687517,23232,855,790.2,472.70987108608404,1448.0,160.0,911.8,466.27621761259826,1484.0,95.0,1.2171404756797122,3.2931684413397924,10.541834407150365,0.0065770979376957,0.0011302261672637968,0.0030166564627145264,0.0096788853646398,5.581244461616005e-06,0.6,0.5163977794943223,1,0,0.2,0.42163702135578396,1,0,0.0,0.0,0,0,10,1,2.0,0.0,0.09090909090909091,0.0,1.0246305418719213,0.5454545454545454,1,2
177,2026-08-31 10:14:45,10,37662.4,16668.97443489284,58621,8439,22.0,0.0,22,22,7.7,5.143496432929215,17,1,329973.0062974127,415710.26186672016,1352973.0859301144,9096.75587768132,10.4,3.9496835316263,15,4,7.2,1.8737959096740262,9,4,8257.3,6003.067716685454,21570,749,6383.5,4039.479896389303,13059,1932,802.1,450.9514509468964,1438.0,107.0,842.0,415.73255291780504,1451.0,366.0,0.30448040271434734,0.6293942556060037,2.05853605738266,0.0128834787484985,0.0003592224433843458,0.0007059445822862863,0.0023085152838318,1.4782260052204204e-05,0.7,0.48304589153964794,1,0,0.8,0.42163702135578396,1,0,0.0,0.0,0,0,10,1,0.7777777777777778,0.0,0.09090909090909091,0.0,0.8627450980392157,0.6363636363636364,1,2
178,2026-08-31 10:14:50,10,35025.4,16519.924698510113,62264,4856,166.5,192.91520877778865,445,22,8.2,4.638007234913623,17,6,450527.1315613504,326042.81049396214,1043466.8577712702,57369.047750858015,120.0,27.888667551135853,150,60,7.8,2.250925735484551,11,3,98226.0,59026.69738723694,163460,12480,5978.8,4227.341607519632,11889,1544,814.5,492.01744549016416,1486.0,208.0,767.2,457.3362001853779,1324.0,193.0,0.41081543731472314,0.33337345459282597,1.0700717964833422,0.0152894170821324,0.0006696877205747026,0.0008457728134692885,0.0027715293560874,6.612572261922637e-05,0.6,0.5163977794943223,1,0,0.5,0.5270462766947299,1,0,0.0,0.0,0,0,10,5,1.0,0.0,0.45454545454545453,0.0,3.066218809980806,2.727272727272727,1,3
179,2026-08-31 10:14:55,10,42260.6,18250.88159940652,64421,12604,969.6,2505.39977736976,8080,22,6.0,0.0,6,6,427466.02993608115,444098.43067750084,1461119.117685581,16504.82219839466,11.2,3.0840089349921005,16,8,9.4,3.272783388968954,15,4,8459.3,7219.151320542387,20850,630,191505.0,116488.97468096379,395250,63200,670.6,436.9048205527403,1390.0,70.0,20355.0,9847.848044680173,33600.0,7900.0,1.866496372404995,2.053610503861454,4.95794495492231,0.1023090021475335,0.00029484051178321,0.0004167742839805424,0.0010458370710718,1.984779998343848e-05,0.8,0.42163702135578396,1,0,0.6,0.5163977794943222,1,0,1.0,0.0,1,1,10,6,1.1428571428571428,1.1111111111111112,0.5454545454545454,0.04830917874396135,0.4932950191570881,4.363636363636363,1,5
180,2026-08-31 10:15:00,10,30158.6,16286.976782420707,61166,11203,4189.5,4103.112267264664,8080,80,5.5,1.5811388300841898,6,1,451592.34053510707,645036.2123475935,2155113.176255523,73123.79922200576,11.5,3.2058973436118907,17,7,9.2,3.155242550986462,14,5,10087.1,3496.302918798656,14773,4796,176280.0,138406.23821843357,423500,12500,920.8,343.03054609692646,1436.0,376.0,18892.5,12913.655831887594,35700.0,2500.0,1.050674458052165,0.9996420161745173,3.0059143750987283,0.0281181384616334,0.00012255597119224508,9.732226010422878e-05,0.0003418859559071,9.280255079065916e-06,0.5,0.5270462766947299,1,0,0.5,0.5270462766947299,1,0,1.0,0.0,1,1,10,3,0.8333333333333334,1.6666666666666667,0.2727272727272727,0.04807692307692308,0.49759615384615385,1.3636363636363635,1,5
181,2026-08-31 10:15:05,10,34817.4,16876.33863793395,61981,14180,169.6,190.57002212660134,445,22,5.5,1.5811388300841898,6,1,279639.87819899817,285760.1269747379,905286.8889069898,27136.17627255768,11.7,4.001388647846033,15,3,9.6,3.0258148581093915,14,5,8332.8,4881.226776584391,16393,1199,206877.5,126083.83699502838,392700,11200,698.1,306.7668133579279,1261.0,109.0,20785.0,10504.391938613106,31425.0,1400.0,3.515463825445844,4.979703734337148,12.849144350042051,0.0774325490390876,0.00032048543530393604,0.00035167834478156107,0.0009277231726887,1.830989572927113e-05,0.5,0.5270462766947299,1,0,0.4,0.5163977794943222,1,0,1.0,0.0,1,1,10,5,1.0,1.6666666666666667,0.45454545454545453,0.04672897196261682,0.5107913669064749,2.272727272727273,1,5
182,2026-08-31 10:15:10,10,26614.7,10496.064681054937,45606,8238,1017.1,2488.920267907351,8080,22,5.5,1.5811388300841898,6,1,446181.8064754281,542705.8174688397,1755230.8606412732,11113.507428000828,12.6,3.470510689285432,19,7,8.2,3.0477678535099892,14,3,9073.9,5107.582717011161,19136,1937,145377.5,86679.70290577451,285975,36000,771.9,452.9786480128567,1472.0,149.0,18640.0,9706.385355355858,31775.0,4000.0,1.969333138453767,4.037968793163596,13.274297140033914,0.1394575902267331,0.0003278143925738161,0.0006831183557858061,0.0022495148484371,1.424314063776421e-05,0.7,0.4830458915396479,1,0,0.4,0.5163977794943223,1,0,1.0,0.0,1,1,10,6,1.4,1.25,0.5454545454545454,0.04784688995215311,0.49126121870571565,3.8181818181818183,1,5
183,2026-08-31 10:15:15,10,29560.8,20187.621783877585,61967,3732,972.5,2504.2696540109255,8080,22,7.7,5.143496432929215,17,1,514962.51948967605,436075.4775096706,1386143.7629948005,72875.22306612642,10.4,2.6749870196985173,14,4,7.8,2.250925735484551,11,5,6559.9,4703.673799394587,14892,700,143000.0,83087.7606643856,291200,23500,699.8,498.36662096180646,1315.0,50.0,18215.0,9791.905670841947,36400.0,4700.0,0.8818440729870625,1.2056039905896694,3.73819472606273,0.0381090175286421,9.069821256207615e-05,9.274589044558175e-05,0.0002541468186434,1.5164750309845668e-05,0.6,0.5163977794943223,1,0,0.8,0.42163702135578396,1,0,1.0,0.0,1,1,10,5,0.6666666666666666,1.4285714285714286,0.45454545454545453,0.0546448087431694,0.89128305582762,2.727272727272727,1,5
184,2026-08-31 10:15:20,10,30105.9,20068.693787145745,65449,4297,1811.7,3309.1205293518365,8080,22,8.2,4.638007234913623,17,6,468795.4763518421,513411.4029648531,1476878.517772499,37643.273098238045,10.5,2.4608038433722332,16,7,8.5,1.2692955176439846,11,7,7661.2,5677.209052185962,15510,1390,183427.5,107787.50407501892,314325,36750,694.2,470.398601660809,1410.0,139.0,21492.5,12013.730859590065,36300.0,3675.0,1.4701460067476724,2.3047695676478495,7.754692296832085,0.0708486719855743,0.00015317705393365862,0.00019042667804696528,0.0005486898934707,1.2864971472757344e-05,0.2,0.42163702135578396,1,0,0.6,0.5163977794943222,1,0,1.0,0.0,1,1,10,5,0.2857142857142857,3.3333333333333335,0.45454545454545453,0.05235602094240838,0.945273631840796,0.9090909090909091,1,5
185,2026-08-31 10:15:25,10,23533.2,16528.68747763516,53898,3856,1089.9,2463.062567437358,8080,22,11.5,5.797509043642029,17,6,302997.6524667163,269123.5273606366,812708.7331620939,26291.42928765788,13.1,2.330951164939612,17,9,8.8,2.7406406388125952,14,6,8493.4,6148.594224156716,20174,1500,132850.0,89490.38588958407,307650,11200,639.1,431.8581171326218,1441.0,150.0,14845.0,8374.936152327105,24425.0,1600.0,1.296122384338268,1.5932768356309048,4.173223097071189,0.055608229220689,0.00020152361689809652,0.00028983450529165367,0.0009889154258462,2.4609062489014662e-05,0.9,0.31622776601683794,1,0,0.7,0.4830458915396479,1,0,1.0,0.0,1,1,10,6,1.125,1.0,0.5454545454545454,0.045454545454545456,1.0766961651917404,4.909090909090909,1,5
186,2026-08-31 10:15:30,10,31248.3,20259.107373393002,64320,3824,1061.7,2472.581918651927,8080,80,6.6,3.9777157040470135,17,1,481216.80278675555,634654.216742316,2132003.3646448613,55915.7172928912,11.5,2.9533408577782247,17,8,9.1,3.1073389830457114,16,6,12762.4,6806.666718903036,23817,3904,161617.5,131936.45621725128,428400,7875,1078.1,426.15032558945677,1480.0,410.0,17395.0,12185.49798371454,36125.0,1125.0,1.3500128206397295,2.073350994159356,6.958072479878196,0.0148648921129308,0.0001462544671750576,0.00014313294951885137,0.000417331327306,1.1257017881810537e-05,0.3,0.48304589153964794,1,0,0.3,0.4830458915396479,1,0,1.0,0.0,1,1,10,4,0.75,2.5,0.36363636363636365,0.04830917874396135,1.0198019801980198,1.0909090909090908,1,5
187,2026-08-31 10:15:35,10,23346.3,15891.501922236439,57537,3634,899.7,2525.8434916764827,8080,22,8.2,4.638007234913623,17,6,535604.6934064107,342003.6400478204,1211483.4675295006,95882.09103286864,11.2,4.211096452627668,17,5,8.7,1.5670212364724212,11,7,9097.2,5211.563420787364,17862,2068,131102.5,90378.13422412156,325800,10200,864.1,434.39957284611694,1392.0,188.0,14885.0,10147.312178328035,36200.0,1275.0,0.5920425751608402,1.027037174513324,3.466893518742504,0.0112878139623099,6.616860354236418e-05,7.64464485782689e-05,0.0002711663848504,1.0730645814261703e-05,0.4,0.5163977794943222,1,0,0.5,0.5270462766947299,1,0,1.0,0.0,1,1,10,5,0.6666666666666666,2.0,0.45454545454545453,0.05,0.9940059940059941,1.8181818181818181,1,5
188,2026-08-31 10:15:40,10,27289.7,19334.77119394544,61862,1430,1014.4,2490.0641758798106,8080,22,6.6,3.977715704047013,17,1,657209.9987357596,411311.4249019169,1261569.5735973555,49826.85593766578,10.5,3.0276503540974917,15,7,10.2,2.440400695696417,14,7,5569.8,3492.7030856407537,10696,1140,226655.0,165908.7997465274,482650,20625,575.8,396.49514498919154,1260.0,76.0,22460.0,14627.258610021376,36850.0,1875.0,0.8797053583690928,1.2241979613691794,3.473637370382633,0.0332578406764244,8.041908294542785e-05,0.00010822819837639506,0.0003411814708488,1.268261405056663e-05,0.6,0.5163977794943223,1,0,0.7,0.4830458915396479,1,0,1.0,0.0,1,1,10,6,0.75,1.4285714285714286,0.5454545454545454,0.04807692307692308,1.0087719298245614,3.272727272727273,1,5
189,2026-08-31 10:15:45,10,30227.7,20623.91814832693,64824,1704,918.4,2522.215216828255,8080,22,7.1,3.478505426185217,17,6,298650.3597429496,215747.27175160235,636681.6872903974,9123.276329167064,9.8,3.119829055146024,15,5,8.3,1.8287822299126937,11,6,8587.1,5296.767199591338,19306,2872,160745.0,78311.46308172258,259600,41850,874.3,413.65284693541975,1437.0,359.0,19402.5,9684.541304459277,35750.0,6975.0,3.3898542955231337,7.564170098833204,24.68323786633866,0.1346434202678009,0.00025916900022897896,0.0005006032396453957,0.0016441461863435,3.257189328981967e-05,0.5,0.5270462766947299,1,0,0.6,0.5163977794943222,1,0,1.0,0.0,1,1,10,5,0.7142857142857143,1.6666666666666667,0.45454545454545453,0.054945054945054944,0.8898721730580137,2.272727272727273,1,5
190,2026-08-31 10:15:50,10,26921.8,19939.31328250243,57918,1198,1690.8,3369.755704960096,8080,22,5.5,1.5811388300841898,6,1,728472.9111931397,728866.1392028328,1992873.1198560123,51225.00492822375,10.8,2.573367875415838,16,7,9.6,2.3190036174568114,13,6,7544.0,5224.3890445571615,15829,423,237330.0,102454.26201752447,375100,58500,670.1,423.149947155589,1439.0,47.0,25032.5,9428.856785304239,36625.0,5850.0,1.7184301008934768,2.3685223372052784,6.124157535530303,0.0765001070527104,0.00012334210256739379,0.0001549433996971801,0.0004685211847015,9.032185652245738e-06,0.6,0.5163977794943223,1,0,0.6,0.5163977794943223,1,0,1.0,0.0,1,1,10,5,0.8571428571428571,1.4285714285714286,0.45454545454545453,0.04878048780487805,1.0179640718562875,2.727272727272727,1,5
191,2026-08-31 10:15:55,10,33910.0,15396.373887668775,54336,10713,290.1,199.7528751009885,445,22,7.7,5.143496432929215,17,1,400500.99313542014,362624.7851998773,1318138.4631263246,33939.29350439305,12.4,4.765617600176404,20,7,9.5,2.9154759474226504,13,4,12138.3,7394.112809075428,23086,1440,153160.0,139691.37569815986,437450,10150,945.0,423.11359126257236,1455.0,120.0,15035.0,11255.740510710277,33650.0,1450.0,0.7763394260361662,0.7433178326855964,2.0375888553029053,0.0603055006913783,0.00011083248231947745,0.00010792516316784297,0.0003830368476729,1.4414267189193598e-05,0.4,0.5163977794943223,1,0,0.4,0.5163977794943222,1,0,1.0,0.0,1,1,10,5,0.8,2.0,0.45454545454545453,0.045454545454545456,1.0788177339901477,1.8181818181818181,1,5
192,2026-08-31 10:16:00,10,28290.6,18752.0678279016,65375,5970,1817.3,3305.6955243942234,8080,53,6.0,0.0,6,6,550129.0265587014,331042.21429995575,1011429.1127409912,108420.95482182884,10.8,4.049691346263318,18,3,8.7,1.4181364924121764,11,7,11084.6,5858.874032895172,24498,3426,143800.0,100808.61060555403,322250,20800,1030.5,281.2765543019894,1361.0,477.0,16055.0,10195.694897575371,32225.0,2600.0,0.5906989892813781,0.9129253573721632,3.079450836029574,0.0539191097551823,6.320730165633814e-05,6.144212214948322e-05,0.0001936894951033,1.368535029371493e-05,0.5,0.5270462766947299,1,0,0.3,0.4830458915396479,1,0,1.0,0.0,1,1,10,5,1.25,1.6666666666666667,0.45454545454545453,0.05102040816326531,0.9643916913946589,2.272727272727273,1,5
193,2026-08-31 10:16:05,10,28866.6,16618.734870955464,51469,5197,1889.9,3266.695491369426,8080,22,8.2,4.638007234913623,17,6,636914.7549739282,626368.0322597105,1699461.5382776298,43464.41277161916,12.2,3.5213633723318014,18,7,8.9,2.7264140062238043,14,6,8744.5,7031.289343593629,18975,588,145797.5,135208.5510784071,356400,9900,651.1,437.52751024618124,1265.0,49.0,14822.5,11620.817347903432,33475.0,1125.0,0.7978434788381288,1.1241220815216193,3.484036789862152,0.024865581411724,9.887336078734366e-05,0.00010730563843547973,0.0003221025916153,1.4122120129992643e-05,0.4,0.5163977794943223,1,0,0.5,0.5270462766947299,1,0,1.0,0.0,1,1,10,5,0.6666666666666666,2.0,0.45454545454545453,0.04716981132075472,1.0394088669950738,1.8181818181818181,1,5
194,2026-08-31 10:16:10,10,28722.4,17447.73546719841,57208,6021,1859.4,3282.9745726161887,8080,53,6.0,0.0,6,6,397024.7670200445,228760.94480044587,763752.9896761742,186628.9122323049,11.9,3.1073389830457114,18,9,8.7,4.4484703987875305,19,2,9768.6,6382.641027732086,19852,1494,6037.0,3424.1658189339423,11430,1284,882.7,573.7885886321237,1496.0,83.0,736.0,343.09150059099073,1403.0,317.0,0.05243571005163032,0.03644751064043011,0.115869503361354,0.0087966137799305,6.872175320515993e-05,4.5968298380168464e-05,0.0001821797040528,2.356782918440188e-05,1.0,0.0,1,1,0.0,0.0,0,0,0.0,0.0,0,0,10,5,10.0,0.0,0.45454545454545453,0.0,0.9903846153846154,4.545454545454546,1,1
195,2026-08-31 10:16:15,10,33644.8,20140.848519033818,59026,1413,1775.2,3327.8304844648164,8080,22,6.6,3.9777157040470135,17,1,509920.8867072271,365881.6642406977,1354623.911658656,156971.57886712882,12.6,3.0983866769659336,17,8,7.3,2.057506581601462,10,3,9495.2,6239.459962386346,20370,768,5676.2,4088.6046736971007,12080,848,795.1,496.2863084954087,1455.0,48.0,756.2,449.9604427058006,1349.0,106.0,0.04439568098307526,0.039812141611900845,0.1461595480256555,0.0088002285337746,6.145817544943937e-05,4.221736435845471e-05,0.0001337821798711,8.120335028229314e-06,1.0,0.0,1,1,0.0,0.0,0,0,0.0,0.0,0,0,10,5,10.0,0.0,0.45454545454545453,0.0,0.961352657004831,4.545454545454546,1,1
196,2026-08-31 10:16:20,10,33055.8,23808.916727422384,60843,2505,22.0,0.0,22,22,7.1,3.478505426185217,17,6,390925.97172969877,429004.33472963946,1505369.2855948014,14868.62227897426,10.6,3.306559138036598,15,6,7.9,1.911950719959998,11,4,6187.9,4407.650834376263,13785,686,7262.4,4265.58658725073,14113,1092,585.6,341.9854447844885,1053.0,49.0,923.0,474.56014722407247,1448.0,156.0,0.14716433894435751,0.22518324585401878,0.6565397263979411,0.0053885201655698,0.00024293833381585725,0.0004260784847212103,0.0013451145379374,1.195719892263397e-05,0.6,0.5163977794943222,1,0,0.4,0.5163977794943222,1,0,0.0,0.0,0,0,10,1,1.2,0.0,0.09090909090909091,0.0,0.9240759240759241,0.5454545454545454,1,2
197,2026-08-31 10:16:25,10,34945.1,16353.73546488861,63303,18290,22.0,0.0,22,22,10.4,5.680375574437545,17,6,275302.79437332123,240670.104746884,682757.3441341477,19145.01255176631,11.9,4.383048152953731,17,5,7.2,3.119829055146024,14,3,11147.8,7086.87072142721,21465,2450,4178.4,2141.79116110273,7970,1686,921.8,417.60342697614715,1437.0,333.0,627.1,302.8877496513996,1198.0,242.0,0.21967781201767095,0.3916934440063376,1.3031070060420116,0.0135053539567496,0.0002560256440311513,0.0003887701764391496,0.0012535901934026,1.7575790436999664e-05,0.5,0.5270462766947299,1,0,0.5,0.5270462766947299,1,0,0.0,0.0,0,0,10,1,0.8333333333333334,0.0,0.09090909090909091,0.0,0.9578736208625878,0.45454545454545453,1,2
198,2026-08-31 10:16:30,10,33082.1,18623.749058363326,62914,12278,1050.7,2477.543454042061,8080,22,7.1,3.478505426185217,17,6,495845.90509323386,569066.4221400418,1956148.1012919685,37946.75472956475,101.0,29.230881691191673,160,70,8.0,2.3570226039551585,10,4,74731.0,43865.12926637234,150540,10220,6958.9,3269.086262075213,13130,2664,746.9,385.20108745663964,1158.0,146.0,879.6,349.8898874407966,1496.0,444.0,0.6011285636656201,0.9468042403124798,3.1225331602983624,0.0244802785743089,0.0006929116025701312,0.001000720734428842,0.0034258529060577,4.089669894971336e-05,0.6,0.5163977794943223,1,0,0.8,0.42163702135578396,1,0,0.0,0.0,0,0,10,6,0.6666666666666666,0.0,0.5454545454545454,0.0,2.905117270788913,3.272727272727273,1,3
199,2026-08-31 10:16:35,10,28280.6,18479.150967749814,60746,1136,935.8,2515.4907539749242,8080,22,5.5,1.5811388300841898,6,1,557160.8650852739,540751.1069824384,1727601.8686488485,3692.5159847128007,10.9,3.5103022978402048,17,5,10.4,3.272783388968954,17,6,7196.0,6033.64594033602,18360,1056,186510.0,106169.7384432641,314600,22950,656.8,432.80090367537616,1313.0,96.0,18677.5,9081.448198877142,28600.0,1350.0,7.889648264404097,22.370447443580357,71.47728009246666,0.0603540994869185,0.0007102029330217641,0.0017768916729757108,0.005687179156453,1.0419067220605375e-05,0.9,0.31622776601683794,1,0,0.7,0.4830458915396479,1,0,1.0,0.0,1,1,10,6,1.125,1.0,0.5454545454545454,0.04672897196261682,0.56558682952735,4.909090909090909,1,5
