Timestamp,Src Port,Dst Port,Protocol,Flow Duration,Tot Fwd Pkts,Tot Bwd Pkts,TotLen Fwd Pkts,TotLen Bwd Pkts,Fwd Pkt Len Mean,Bwd Pkt Len Mean,Flow Byts/s,Flow Pkts/s,SYN Flag Cnt,ACK Flag Cnt,RST Flag Cnt,Label
2026-08-31 10:00:00.000,10459,53,6,423857.89825193625,5,9,6810,3663,1362.0,407.0,0.02470875272808502,3.30299377631233e-05,1,0,0,BENIGN
2026-08-31 10:00:00.500,38790,80,1,102184.45033475797,8,10,11136,7480,1392.0,748.0,0.18218036048725483,0.0001761520460233448,1,1,0,BENIGN
2026-08-31 10:00:01.000,1186,445,6,30718.12101437328,11,11,5665,13772,515.0,1252.0,0.632753545849296,0.0007161896387654737,0,1,0,BENIGN
2026-08-31 10:00:01.500,35766,80,6,463624.42632842105,10,7,6230,2009,623.0,287.0,0.017770849704941926,3.666761075179181e-05,0,1,0,BENIGN
2026-08-31 10:00:02.000,20699,8080,6,721310.1899608106,11,13,1716,2457,156.0,189.0,0.005785305764457411,3.3272786567691794e-05,0,1,0,BENIGN
2026-08-31 10:00:02.500,9485,80,6,370540.2953920459,13,16,3939,12048,303.0,753.0,0.0431451051299392,7.826409262327122e-05,0,0,0,BENIGN
2026-08-31 10:00:03.000,18039,53,6,128591.06393845701,8,9,480,11484,60.0,1276.0,0.09303912443554799,0.00013220203238083547,1,1,0,BENIGN
2026-08-31 10:00:03.500,51081,445,17,549089.1564641547,12,7,6192,1792,516.0,256.0,0.014540443761933591,3.460275945349928e-05,0,1,0,BENIGN
2026-08-31 10:00:04.000,33615,8080,6,41748.26788535746,11,12,6468,12828,588.0,1069.0,0.4621988162087504,0.000550921059950314,1,0,0,BENIGN
2026-08-31 10:00:04.500,29071,445,6,291549.17046590196,11,10,13596,7090,1236.0,709.0,0.07095201116927823,7.202901646305921e-05,0,0,0,BENIGN
2026-08-31 10:00:05.000,61621,22,6,89184.74329972349,9,11,8883,9900,987.0,900.0,0.21060777104857303,0.00022425360277758934,0,0,0,BENIGN
2026-08-31 10:00:05.500,35806,80,1,101951.82244455602,6,6,6360,8748,1060.0,1458.0,0.14818764036056575,0.00011770265318551688,0,1,0,BENIGN
2026-08-31 10:00:06.000,10857,445,17,113007.55336683302,13,5,14625,1715,1125.0,343.0,0.14459210479066759,0.0001592813883862923,0,0,0,BENIGN
2026-08-31 10:00:06.500,8920,443,6,244456.28654586402,11,6,2695,8844,245.0,1474.0,0.04720271326449634,6.954208557903091e-05,0,1,0,BENIGN
2026-08-31 10:00:07.000,33996,80,6,26252.38534351172,10,9,6700,3978,670.0,442.0,0.40674399130636063,0.0007237437567728837,0,0,0,BENIGN
2026-08-31 10:00:07.500,50757,22,6,253577.38557287963,9,13,1962,11687,218.0,899.0,0.05382577775469232,8.675852521087487e-05,1,0,0,BENIGN
2026-08-31 10:00:08.000,55851,445,6,358420.27956804336,4,7,3708,2933,927.0,419.0,0.018528527481252555,3.069022772079176e-05,1,1,0,BENIGN
2026-08-31 10:00:08.500,42824,8080,6,330140.8915541284,15,17,5715,8347,381.0,491.0,0.042593935981021964,9.692831399464535e-05,1,0,0,BENIGN
2026-08-31 10:00:09.000,31532,22,6,241268.19898719314,8,6,3832,7752,479.0,1292.0,0.04801295839297398,5.802671076498927e-05,1,1,0,BENIGN
2026-08-31 10:00:09.500,6371,443,6,913630.968994574,10,8,11380,5864,1138.0,733.0,0.018874141294474518,1.9701608866883632e-05,1,0,0,BENIGN
2026-08-31 10:00:10.000,60087,445,6,78517.98973052822,14,11,4606,2024,329.0,184.0,0.08443924789605034,0.0003183983706487569,1,0,0,BENIGN
2026-08-31 10:00:10.500,31338,53,6,352303.0355778842,5,8,2980,712,596.0,89.0,0.010479614499600323,3.690005105493072e-05,1,1,0,BENIGN
2026-08-31 10:00:11.000,3667,80,6,32024.742744328523,10,11,12070,16357,1207.0,1487.0,0.8876574034668164,0.0006557429722729498,0,1,0,BENIGN
2026-08-31 10:00:11.500,41809,8080,6,36907.06552196081,9,7,6192,8141,688.0,1163.0,0.388353823134161,0.0004335213263201407,1,0,0,BENIGN
2026-08-31 10:00:12.000,19705,53,6,426500.5377121245,15,9,3705,3438,247.0,382.0,0.016747927301920162,5.627191029624582e-05,0,1,0,BENIGN
2026-08-31 10:00:12.500,51050,445,6,417376.59972074395,14,11,4354,10131,311.0,921.0,0.03470486847931699,5.989794352660854e-05,1,0,0,BENIGN
2026-08-31 10:00:13.000,39352,445,6,1052004.483715477,11,6,4994,5574,454.0,929.0,0.010045584561175448,1.6159626943601688e-05,1,1,0,BENIGN
2026-08-31 10:00:13.500,16916,22,6,408079.8180319574,7,7,10220,7532,1460.0,1076.0,0.043501293656661055,3.430701392481156e-05,0,0,0,BENIGN
2026-08-31 10:00:14.000,48323,445,6,1606832.467643761,9,11,3807,8811,423.0,801.0,0.00785271660487689,1.2446848319665385e-05,0,1,0,BENIGN
2026-08-31 10:00:14.500,18097,8080,6,24960.19672895963,13,4,17212,3548,1324.0,887.0,0.8317242134392449,0.0006810843751670116,0,0,0,BENIGN
2026-08-31 10:00:15.000,37792,53,6,51574.6393341898,12,2,11160,1926,930.0,963.0,0.2537293554816534,0.0002714512438287595,0,0,0,BENIGN
2026-08-31 10:00:15.500,31706,8080,6,22533.130580002526,20,6,24600,7410,1230.0,1235.0,1.42057491177911,0.001153856535653135,0,0,0,BENIGN
2026-08-31 10:00:16.000,33286,443,6,102453.45855551025,5,15,5405,21330,1081.0,1422.0,0.26094775495456063,0.00019521058908139938,1,0,0,BENIGN
2026-08-31 10:00:16.500,61509,443,17,389646.8595696304,10,9,6990,10521,699.0,1169.0,0.044940693270033534,4.8762102228921094e-05,0,1,0,BENIGN
2026-08-31 10:00:17.000,32382,80,1,518625.28424408485,16,8,4576,1824,286.0,228.0,0.012340316205764685,4.6276185771617574e-05,0,1,0,BENIGN
2026-08-31 10:00:17.500,59790,80,17,23328.428566982187,12,8,16308,8904,1359.0,1113.0,1.0807414617235,0.0008573230697473426,0,1,0,BENIGN
2026-08-31 10:00:18.000,15313,443,6,1459116.1503671443,9,12,4077,15744,453.0,1312.0,0.013584250982950725,1.4392274387869695e-05,1,0,0,BENIGN
2026-08-31 10:00:18.500,50847,445,6,923103.7408879371,18,9,24894,4041,1383.0,449.0,0.03134533933515843,2.9249150234984535e-05,0,0,0,BENIGN
2026-08-31 10:00:19.000,8951,8080,6,175923.65228022987,14,3,10556,4362,754.0,1454.0,0.08479814854792263,9.66328278130235e-05,0,0,0,BENIGN
2026-08-31 10:00:19.500,49354,443,6,40164.619899309466,11,15,2420,21630,220.0,1442.0,0.5987856988141352,0.000647335890609876,0,1,0,BENIGN
2026-08-31 10:00:20.000,2195,80,6,93096.76554186964,12,10,16308,2660,1359.0,266.0,0.2037449946575407,0.0002363132582489401,1,1,0,BENIGN
2026-08-31 10:00:20.500,55767,443,6,67878.02624741863,11,6,10813,1512,983.0,252.0,0.18157569805078055,0.0002504492386907318,0,1,0,BENIGN
2026-08-31 10:00:21.000,12942,445,6,65785.95928071695,11,12,10252,12528,932.0,1044.0,0.3462744975615865,0.0003496186762035334,1,1,0,BENIGN
2026-08-31 10:00:21.500,42927,443,17,365488.58681878634,12,8,1200,11272,100.0,1409.0,0.034124184583204306,5.472127098012237e-05,1,0,0,BENIGN
2026-08-31 10:00:22.000,40134,8080,6,141080.3002648547,12,7,15264,3206,1272.0,458.0,0.13091834908216438,0.00013467507485441925,0,0,0,BENIGN
2026-08-31 10:00:22.500,51625,53,6,221692.31298440145,8,10,1640,11470,205.0,1147.0,0.05913601524077687,8.119361360289731e-05,1,0,0,BENIGN
2026-08-31 10:00:23.000,12953,445,6,2278444.0461143088,18,10,18864,9580,1048.0,958.0,0.012483958097800982,1.2289088269527054e-05,1,0,0,BENIGN
2026-08-31 10:00:23.500,3563,80,6,576504.0094108895,10,8,13630,10080,1363.0,1260.0,0.04112720746524764,3.122267964464182e-05,1,1,0,BENIGN
2026-08-31 10:00:24.000,37751,8080,6,1487775.3202898803,12,6,8328,4896,694.0,816.0,0.008888438878885645,1.2098601014817121e-05,1,0,0,BENIGN
2026-08-31 10:00:24.500,46975,443,6,76900.02775422554,10,7,3900,1820,390.0,260.0,0.07438228783918575,0.00022106624008149612,1,1,0,BENIGN
2026-08-31 10:00:25.000,23693,1050,1,240746.26721351445,20,8,22480,1720,1124.0,215.0,0.10052076935229137,0.00011630502239108092,1,0,0,Reconnaissance-PortScan
2026-08-31 10:00:25.500,6456,1051,6,404539.2445534944,10,14,3020,8722,302.0,623.0,0.02902561409751443,5.932675339297788e-05,1,0,0,Reconnaissance-PortScan
2026-08-31 10:00:26.000,21668,1052,17,39931.97868156231,8,8,1304,11080,163.0,1385.0,0.31012738175723703,0.000400681371779376,1,0,0,Reconnaissance-PortScan
2026-08-31 10:00:26.500,19769,1053,17,2098.1177611591675,8,9,10408,5166,1301.0,574.0,7.422843566782087,0.008102500361839958,1,0,0,Reconnaissance-PortScan
2026-08-31 10:00:27.000,56340,1054,6,554989.8272229315,11,3,10681,2292,971.0,764.0,0.0233752032261218,2.522568759467395e-05,1,0,0,Reconnaissance-PortScan
2026-08-31 10:00:27.500,63569,1055,17,513359.13830304,6,9,6918,13113,1153.0,1457.0,0.03901946708463062,2.9219310382380272e-05,1,0,0,Reconnaissance-PortScan
2026-08-31 10:00:28.000,29252,1056,6,264485.3013599927,11,5,1958,1815,178.0,363.0,0.014265443033909433,6.0494855166326784e-05,1,0,0,Reconnaissance-PortScan
2026-08-31 10:00:28.500,53846,1057,6,336323.453271286,8,11,11400,1364,1425.0,124.0,0.03795156084260576,5.6493235350165256e-05,1,0,0,Reconnaissance-PortScan
2026-08-31 10:00:29.000,35545,1058,6,268450.49229518644,14,12,20664,12708,1476.0,1059.0,0.12431342447329627,9.685212262692386e-05,1,0,0,Reconnaissance-PortScan
2026-08-31 10:00:29.500,58276,1059,6,12148.930740427531,10,8,8990,7408,899.0,926.0,1.349748412996999,0.0014816118693710197,1,0,0,Reconnaissance-PortScan
2026-08-31 10:00:30.000,32727,1060,6,204263.60042939257,11,12,12716,17880,1156.0,1490.0,0.1497868437361565,0.00011259960144893448,1,0,0,Reconnaissance-PortScan
2026-08-31 10:00:30.500,27952,1061,6,97449.5145523542,17,11,2941,14641,173.0,1331.0,0.18042162733145226,0.000287328265571645,1,0,0,Reconnaissance-PortScan
2026-08-31 10:00:31.000,19346,1062,17,51805.57284981379,5,12,6335,1812,1267.0,151.0,0.15726107347651253,0.0003281500244385311,1,0,0,Reconnaissance-PortScan
2026-08-31 10:00:31.500,58738,1063,6,1570037.3348319917,11,13,9438,8671,858.0,667.0,0.011534120621292413,1.52862606941862e-05,1,0,0,Reconnaissance-PortScan
2026-08-31 10:00:32.000,23384,1064,6,457345.662107091,8,8,8808,7904,1101.0,988.0,0.03654128897306857,3.4984479629553436e-05,1,0,0,Reconnaissance-PortScan
2026-08-31 10:00:32.500,63316,1065,6,652184.4689477539,20,8,21140,6312,1057.0,789.0,0.04209238537046217,4.2932638437015184e-05,1,0,0,Reconnaissance-PortScan
2026-08-31 10:00:33.000,30079,1066,6,189433.7969120374,11,9,5456,13149,496.0,1461.0,0.09821373114142351,0.00010557778139362915,1,0,0,Reconnaissance-PortScan
2026-08-31 10:00:33.500,43915,1067,17,249734.45263356515,12,11,5724,1001,477.0,91.0,0.026928603277651453,9.209782533620572e-05,1,0,0,Reconnaissance-PortScan
2026-08-31 10:00:34.000,17400,1068,6,135198.8189223256,7,12,5033,1476,719.0,123.0,0.048143911695398105,0.00014053377204064588,1,0,0,Reconnaissance-PortScan
2026-08-31 10:00:34.500,7612,1069,1,50997.35481909057,9,11,6174,8261,686.0,751.0,0.2830538965869226,0.0003921772034456842,1,0,0,Reconnaissance-PortScan
2026-08-31 10:00:35.000,26024,1070,6,98635.35276191765,12,10,7932,7700,661.0,770.0,0.15848273018445136,0.00022304376049500573,1,0,0,Reconnaissance-PortScan
2026-08-31 10:00:35.500,7328,1071,6,798542.3771649214,10,4,12870,3120,1287.0,780.0,0.020023984270652398,1.753194370163437e-05,1,0,0,Reconnaissance-PortScan
2026-08-31 10:00:36.000,8369,1072,6,565897.0922056745,8,8,9848,6944,1231.0,868.0,0.02967323958893968,2.82736918427248e-05,1,0,0,Reconnaissance-PortScan
2026-08-31 10:00:36.500,30324,1073,17,395853.07958439074,8,4,9360,1856,1170.0,464.0,0.028333744457646835,3.0314277237139978e-05,1,0,0,Reconnaissance-PortScan
2026-08-31 10:00:37.000,25283,1074,6,322264.10872873565,7,11,10101,11924,1443.0,1084.0,0.06834456398573381,5.5854808251678033e-05,1,0,0,Reconnaissance-PortScan
2026-08-31 10:00:37.500,26494,1075,6,1278314.8745537638,13,8,819,760,63.0,95.0,0.0012352199222737258,1.6427877370328208e-05,1,0,0,Reconnaissance-PortScan
2026-08-31 10:00:38.000,24041,1076,6,37757.91477930543,10,7,8480,9478,848.0,1354.0,0.47560889154520875,0.00045023672771291615,1,0,0,Reconnaissance-PortScan
2026-08-31 10:00:38.500,16376,1077,6,164669.4390801953,12,12,16440,10212,1370.0,851.0,0.16185152598595878,0.00014574653398105247,1,0,0,Reconnaissance-PortScan
2026-08-31 10:00:39.000,64838,1078,6,215343.65538578972,16,8,15584,6768,974.0,846.0,0.10379688205309909,0.00011144976598400045,1,0,0,Reconnaissance-PortScan
2026-08-31 10:00:39.500,34389,1079,6,762607.6966689728,10,13,14210,13624,1421.0,1048.0,0.03649845145965921,3.0159674627152465e-05,1,0,0,Reconnaissance-PortScan
2026-08-31 10:00:40.000,20470,1080,17,2447401.7579172463,13,5,5317,3470,409.0,694.0,0.003590338190915531,7.354738526969336e-06,1,0,0,Reconnaissance-PortScan
2026-08-31 10:00:40.500,3360,1081,6,137659.74568914325,13,9,13468,9414,1036.0,1046.0,0.16622143157237004,0.0001598143298047435,1,0,0,Reconnaissance-PortScan
2026-08-31 10:00:41.000,63056,1082,6,1036957.7557225977,11,9,2310,8523,210.0,947.0,0.010446905807022603,1.9287188788004435e-05,1,0,0,Reconnaissance-PortScan
2026-08-31 10:00:41.500,10903,1083,6,887813.4324463295,8,5,2088,7180,261.0,1436.0,0.010439130183419344,1.4642716053566193e-05,1,0,0,Reconnaissance-PortScan
2026-08-31 10:00:42.000,33340,1084,6,127225.13987642767,10,12,4820,564,482.0,47.0,0.04231868013512291,0.00017292179847189896,1,0,0,Reconnaissance-PortScan
2026-08-31 10:00:42.500,34364,1085,6,254856.93782618822,10,8,12160,1304,1216.0,163.0,0.0528296389115925,7.062785950747661e-05,1,0,0,Reconnaissance-PortScan
2026-08-31 10:00:43.000,8545,1086,6,263539.21845581685,13,9,11713,10476,901.0,1164.0,0.0841961971700925,8.347903635774641e-05,1,0,0,Reconnaissance-PortScan
2026-08-31 10:00:43.500,7195,1087,6,1913396.9282322004,6,12,2490,12348,415.0,1029.0,0.007754794512830839,9.40735282591691e-06,1,0,0,Reconnaissance-PortScan
2026-08-31 10:00:44.000,24505,1088,17,99769.607645218,16,4,5120,3496,320.0,874.0,0.08635896444310993,0.00020046184875373708,1,0,0,Reconnaissance-PortScan
2026-08-31 10:00:44.500,19498,1089,6,802618.3029095837,11,11,8272,12716,752.0,1156.0,0.026149416134237897,2.7410289448886683e-05,1,0,0,Reconnaissance-PortScan
2026-08-31 10:00:45.000,47784,1090,6,203377.50546744757,10,12,12820,17376,1282.0,1448.0,0.14847266382342575,0.00010817322175504592,1,0,0,Reconnaissance-PortScan
2026-08-31 10:00:45.500,56742,1091,6,656281.0147679964,11,4,10967,3220,997.0,805.0,0.02161726406911087,2.285606266558561e-05,1,0,0,Reconnaissance-PortScan
2026-08-31 10:00:46.000,45653,1092,6,272373.07427260844,7,11,5950,12573,850.0,1143.0,0.06800598792221632,6.608582749014165e-05,1,0,0,Reconnaissance-PortScan
2026-08-31 10:00:46.500,46256,1093,6,431801.4238904101,17,10,14722,13610,866.0,1361.0,0.06561349368438961,6.252874239300153e-05,1,0,0,Reconnaissance-PortScan
2026-08-31 10:00:47.000,22032,1094,6,893719.7269513216,8,9,4200,630,525.0,70.0,0.0054043788609457796,1.9021623320099016e-05,1,0,0,Reconnaissance-PortScan
2026-08-31 10:00:47.500,2657,1095,6,815242.8480167739,8,10,2992,4170,374.0,417.0,0.008785112334729478,2.2079310531294414e-05,1,0,0,Reconnaissance-PortScan
2026-08-31 10:00:48.000,63429,1096,6,1006539.2812131746,11,8,8591,2952,781.0,369.0,0.011468007474057669,1.8876560860010026e-05,1,0,0,Reconnaissance-PortScan
2026-08-31 10:00:48.500,51693,1097,6,30734.192931961086,6,7,2694,9534,449.0,1362.0,0.3978630583562594,0.0004229816616479696,1,0,0,Reconnaissance-PortScan
2026-08-31 10:00:49.000,13509,1098,6,588909.8213629114,11,11,1023,3531,93.0,321.0,0.00773293267445153,3.7357162678509804e-05,1,0,0,Reconnaissance-PortScan
2026-08-31 10:00:49.500,44641,1099,6,75404.10580589976,14,13,10360,13975,740.0,1075.0,0.3227277843386176,0.00035807068736974217,1,0,0,Reconnaissance-PortScan
2026-08-31 10:00:50.000,4672,22,6,268771.83660043194,14,9,15932,6102,1138.0,678.0,0.08198031563826723,8.55744422111349e-05,1,1,1,SSH-Bruteforce
2026-08-31 10:00:50.500,48969,22,6,397687.8752250783,11,10,4268,9110,388.0,911.0,0.033639446493288476,5.280523070407071e-05,1,0,0,SSH-Bruteforce
2026-08-31 10:00:51.000,14164,22,6,257700.94340727694,10,12,10140,8856,1014.0,738.0,0.07371335063077794,8.537027341951541e-05,1,0,1,SSH-Bruteforce
2026-08-31 10:00:51.500,61956,22,6,366580.24670382467,13,10,5616,1080,432.0,108.0,0.018266123338684187,6.274206045246957e-05,1,0,0,SSH-Bruteforce
2026-08-31 10:00:52.000,18945,22,17,2831268.751802723,12,7,7116,6160,593.0,880.0,0.00468906386633202,6.71077233054447e-06,1,1,1,SSH-Bruteforce
2026-08-31 10:00:52.500,15381,22,6,72638.51666978774,16,9,19520,558,1220.0,62.0,0.27640982935416775,0.0003441700236006671,1,1,0,SSH-Bruteforce
2026-08-31 10:00:53.000,47160,22,6,562667.1492511432,6,7,5316,2632,886.0,376.0,0.014125580301669969,2.310424558652612e-05,1,1,1,SSH-Bruteforce
2026-08-31 10:00:53.500,4161,22,6,252091.34051239313,11,10,1320,4660,120.0,466.0,0.023721560556614202,8.330313907841107e-05,1,1,0,SSH-Bruteforce
2026-08-31 10:00:54.000,57161,22,6,71363.80217502092,9,8,11439,7072,1271.0,884.0,0.25938920619738803,0.00023821600698803932,1,0,1,SSH-Bruteforce
2026-08-31 10:00:54.500,1121,22,6,86425.33183682656,9,8,7785,1984,865.0,248.0,0.11303398889244423,0.00019670158779522487,1,1,0,SSH-Bruteforce
2026-08-31 10:00:55.000,12431,22,6,1490649.530109417,8,7,9192,1778,1149.0,254.0,0.007359208035386551,1.00627274868549e-05,1,0,1,SSH-Bruteforce
2026-08-31 10:00:55.500,31599,22,6,1058474.088672749,8,10,6264,6740,783.0,674.0,0.012285610142977833,1.7005612317256304e-05,1,1,0,SSH-Bruteforce
2026-08-31 10:00:56.000,13746,22,17,1187803.5374513888,7,14,1512,6468,216.0,462.0,0.006718282736432245,1.76796914116638e-05,1,1,1,SSH-Bruteforce
2026-08-31 10:00:56.500,13948,22,17,2385776.274317256,12,6,6600,672,550.0,112.0,0.0030480645139496854,7.544714143439816e-06,1,1,0,SSH-Bruteforce
2026-08-31 10:00:57.000,4774,22,6,116796.09309297986,9,3,1602,2586,178.0,862.0,0.03585736379304583,0.00010274316273079034,1,0,1,SSH-Bruteforce
2026-08-31 10:00:57.500,28757,22,17,219593.16873494192,9,6,10485,4950,1165.0,825.0,0.07028907177858432,6.830813583924618e-05,1,0,0,SSH-Bruteforce
2026-08-31 10:00:58.000,63051,22,17,553149.4222334932,7,7,3584,6839,512.0,977.0,0.01884300982856646,2.5309616962480132e-05,1,0,1,SSH-Bruteforce
2026-08-31 10:00:58.500,9559,22,6,330632.95600659534,9,10,5229,13370,581.0,1337.0,0.05625271063138203,5.746553588882513e-05,1,1,0,SSH-Bruteforce
2026-08-31 10:00:59.000,58350,22,17,270977.1783350867,8,12,1864,15552,233.0,1296.0,0.0642710951024108,7.380695349381121e-05,1,1,1,SSH-Bruteforce
2026-08-31 10:00:59.500,25511,22,6,221436.5071763801,7,10,3675,11040,525.0,1104.0,0.06645245712629753,7.677144214387075e-05,1,0,0,SSH-Bruteforce
2026-08-31 10:01:00.000,55589,22,17,450430.97494400037,12,6,16524,1968,1377.0,328.0,0.04105401499505772,3.996172776936183e-05,1,0,1,SSH-Bruteforce
2026-08-31 10:01:00.500,31675,22,17,428531.69423962355,11,11,9284,6534,844.0,594.0,0.036912088912578474,5.133809306339148e-05,1,0,0,SSH-Bruteforce
2026-08-31 10:01:01.000,5690,22,6,88045.20582092211,12,6,3432,7998,286.0,1333.0,0.129819674928691,0.00020444043295856853,1,0,1,SSH-Bruteforce
2026-08-31 10:01:01.500,49801,22,6,319083.1923278797,15,15,10035,7170,669.0,478.0,0.053920107398767306,9.401936773978606e-05,1,1,0,SSH-Bruteforce
2026-08-31 10:01:02.000,18018,22,6,403126.3347435887,13,6,6201,8262,477.0,1377.0,0.03587709051268139,4.7131626892134855e-05,1,1,1,SSH-Bruteforce
2026-08-31 10:01:02.500,2751,22,6,422318.79620659014,10,9,1120,13113,112.0,1457.0,0.033702028248585154,4.4989709599038714e-05,1,1,0,SSH-Bruteforce
2026-08-31 10:01:03.000,60658,22,17,117929.01497912002,11,7,12452,469,1132.0,67.0,0.10956591133396708,0.00015263419271042546,1,1,1,SSH-Bruteforce
2026-08-31 10:01:03.500,35646,22,17,677924.0778292903,14,14,11102,4326,793.0,309.0,0.022757710640950838,4.130256014691622e-05,1,1,0,SSH-Bruteforce
2026-08-31 10:01:04.000,11824,22,6,12761.01432619636,12,9,14580,1017,1215.0,113.0,1.222238263282835,0.0016456372077283796,1,0,1,SSH-Bruteforce
2026-08-31 10:01:04.500,38847,22,6,219122.15353974534,13,7,11310,4991,870.0,713.0,0.07439229551155051,9.12732906098405e-05,1,0,0,SSH-Bruteforce
2026-08-31 10:01:05.000,44063,22,6,757547.3921632272,14,8,1862,2280,133.0,285.0,0.005467644721365308,2.9041087366015635e-05,1,1,1,SSH-Bruteforce
2026-08-31 10:01:05.500,64902,22,6,414933.7359383612,12,6,5688,2694,474.0,449.0,0.020200815874472894,4.338042063236842e-05,1,0,0,SSH-Bruteforce
2026-08-31 10:01:06.000,19732,22,6,151338.59130711894,10,12,14940,6444,1494.0,537.0,0.1412990554087516,0.00014536939856867447,1,1,1,SSH-Bruteforce
2026-08-31 10:01:06.500,13843,22,6,593644.9035572362,11,12,5456,17772,496.0,1481.0,0.03912776789697345,3.874369991520533e-05,1,1,0,SSH-Bruteforce
2026-08-31 10:01:07.000,10393,22,17,418960.4160774717,17,10,25381,10510,1493.0,1051.0,0.08566680436107496,6.44452291033692e-05,1,0,1,SSH-Bruteforce
2026-08-31 10:01:07.500,64894,22,6,795415.081360898,6,6,1608,1500,268.0,250.0,0.003907393853588194,1.5086462755166772e-05,1,0,0,SSH-Bruteforce
2026-08-31 10:01:08.000,10307,22,6,664060.2498692309,15,12,1035,9972,69.0,831.0,0.01657530322286537,4.065896129893386e-05,1,1,1,SSH-Bruteforce
2026-08-31 10:01:08.500,31597,22,6,470942.6506615993,6,7,2244,9002,374.0,1286.0,0.023879765368378433,2.760421036714562e-05,1,1,0,SSH-Bruteforce
2026-08-31 10:01:09.000,14195,22,6,334888.8681300812,8,11,5592,4389,699.0,399.0,0.029803916909609044,5.673523908251396e-05,1,0,1,SSH-Bruteforce
2026-08-31 10:01:09.500,31957,22,1,71463.1942376169,14,5,8512,3105,608.0,621.0,0.1625592043891516,0.0002658711270890833,1,0,0,SSH-Bruteforce
2026-08-31 10:01:10.000,6798,22,1,151454.04636634514,14,8,3024,8664,216.0,1083.0,0.07717192296702804,0.00014525858190234575,1,1,1,SSH-Bruteforce
2026-08-31 10:01:10.500,7543,22,6,271587.8733141908,12,12,10356,5544,863.0,462.0,0.05854458744930921,8.836918860273088e-05,1,0,0,SSH-Bruteforce
2026-08-31 10:01:11.000,12007,22,6,457270.2409857454,9,11,5463,1760,607.0,160.0,0.015795910935011415,4.3737812363315565e-05,1,1,1,SSH-Bruteforce
2026-08-31 10:01:11.500,31956,22,6,360472.85736315534,11,8,4928,1696,448.0,212.0,0.018375863437459724,5.2708545487882665e-05,1,1,0,SSH-Bruteforce
2026-08-31 10:01:12.000,31822,22,6,169968.28341644225,17,11,13872,803,816.0,73.0,0.08633963763216418,0.00016473661694722978,1,0,1,SSH-Bruteforce
2026-08-31 10:01:12.500,19157,22,6,3242.671116690151,7,9,9100,8613,1300.0,957.0,5.46247192760493,0.0049342037397210456,1,0,0,SSH-Bruteforce
2026-08-31 10:01:13.000,61043,22,6,342826.8851098677,17,4,22797,440,1341.0,110.0,0.0677805650857146,6.125540589576997e-05,1,1,1,SSH-Bruteforce
2026-08-31 10:01:13.500,15963,22,6,168174.31412409147,7,8,812,4672,116.0,584.0,0.03260902253852754,8.919316886905784e-05,1,0,0,SSH-Bruteforce
2026-08-31 10:01:14.000,1805,22,6,663274.216899862,13,7,12636,5691,972.0,813.0,0.027631105706752677,3.0153441050638595e-05,1,0,1,SSH-Bruteforce
2026-08-31 10:01:14.500,50074,22,6,12118.819004625182,9,9,6075,7407,675.0,823.0,1.112484639281246,0.0014852932433661494,1,0,0,SSH-Bruteforce
2026-08-31 10:01:15.000,57724,445,17,439530.9661438341,45,10,26055,10070,579.0,1007.0,0.08218988599623807,0.00012513339044409948,1,0,0,DoS-DoS attack-HOIC
2026-08-31 10:01:15.500,28648,445,6,1419144.1185867116,75,11,91575,6314,1221.0,574.0,0.06897749052914746,6.059990586793901e-05,1,0,0,DoS-DoS attack-HOIC
2026-08-31 10:01:16.000,7847,445,6,95828.05450842118,45,13,55350,689,1230.0,53.0,0.5847869945979914,0.000605250730503462,0,1,0,DoS-DoS attack-HOIC
2026-08-31 10:01:16.500,19513,445,6,318997.6861234839,35,11,43680,15059,1248.0,1369.0,0.18413613186968633,0.0001442016729260895,1,0,0,DoS-DoS attack-HOIC
2026-08-31 10:01:17.000,54043,445,1,47937.2650094033,105,8,152460,2480,1452.0,310.0,3.2321410063191087,0.0023572475391381133,0,0,0,DoS-DoS attack-HOIC
2026-08-31 10:01:17.500,40985,445,6,491324.67053223815,75,8,3825,8928,51.0,1116.0,0.02595635994814889,0.00016893106529415494,1,0,0,DoS-DoS attack-HOIC
2026-08-31 10:01:18.000,55152,445,6,399844.9535949602,60,14,12480,7028,208.0,502.0,0.0487889113620615,0.00018507173676402252,0,1,0,DoS-DoS attack-HOIC
2026-08-31 10:01:18.500,30142,445,6,261588.73418563345,50,9,43500,5058,870.0,562.0,0.1856272600932619,0.00022554488128634728,0,1,0,DoS-DoS attack-HOIC
2026-08-31 10:01:19.000,35905,445,6,368421.04634789954,65,14,96785,11326,1489.0,809.0,0.29344414785407363,0.00021442857507998094,0,1,0,DoS-DoS attack-HOIC
2026-08-31 10:01:19.500,17304,445,6,1134452.6322154412,50,6,24400,5364,488.0,894.0,0.02623644139430691,4.9363012971414695e-05,0,0,0,DoS-DoS attack-HOIC
2026-08-31 10:01:20.000,23287,445,6,109261.06223277317,55,8,26840,6648,488.0,831.0,0.30649528123377723,0.0005766006544949822,0,1,0,DoS-DoS attack-HOIC
2026-08-31 10:01:20.500,14589,445,6,11411.492965000414,85,10,99365,13870,1169.0,1387.0,9.922890917785093,0.008324940497104109,0,0,0,DoS-DoS attack-HOIC
2026-08-31 10:01:21.000,21378,445,6,989038.0829046353,75,4,34950,1928,466.0,482.0,0.037286734087450674,7.987558959023275e-05,0,0,0,DoS-DoS attack-HOIC
2026-08-31 10:01:21.500,43975,445,6,430329.96438228455,70,12,69650,3480,995.0,290.0,0.1699393629334522,0.00019055145303627894,1,1,0,DoS-DoS attack-HOIC
2026-08-31 10:01:22.000,26667,445,6,1106639.4298015023,50,6,47750,1194,955.0,199.0,0.04422759453667469,5.060365507628684e-05,0,1,0,DoS-DoS attack-HOIC
2026-08-31 10:01:22.500,24672,445,17,454341.4021101691,55,7,63855,525,1161.0,75.0,0.14169961112848808,0.00013646125955213206,1,1,0,DoS-DoS attack-HOIC
2026-08-31 10:01:23.000,51753,445,6,830789.704168021,95,9,63650,8271,670.0,919.0,0.08656944066387808,0.00012518210020777407,1,1,0,DoS-DoS attack-HOIC
2026-08-31 10:01:23.500,42995,445,6,280773.0177683868,30,5,7950,6305,265.0,1261.0,0.05077054808468605,0.0001246558528911969,1,0,0,DoS-DoS attack-HOIC
2026-08-31 10:01:24.000,19682,445,6,692867.1215841587,20,6,9720,8646,486.0,1441.0,0.026507247100631997,3.75252327461849e-05,0,1,0,DoS-DoS attack-HOIC
2026-08-31 10:01:24.500,22277,445,6,1221161.9524350301,40,16,9680,20944,242.0,1309.0,0.02507775478812137,4.585796330116239e-05,0,0,0,DoS-DoS attack-HOIC
2026-08-31 10:01:25.000,65190,445,6,424459.7115474032,50,5,50350,2160,1007.0,432.0,0.12371020987441499,0.0001295764910130037,1,1,0,DoS-DoS attack-HOIC
2026-08-31 10:01:25.500,49587,445,6,99704.44905313678,65,6,46410,7602,714.0,1267.0,0.5417210616729599,0.0007121046319110595,0,1,0,DoS-DoS attack-HOIC
2026-08-31 10:01:26.000,27414,445,6,156532.49856366386,45,15,61200,1245,1360.0,83.0,0.39892674408831164,0.0003833069844711137,0,1,0,DoS-DoS attack-HOIC
2026-08-31 10:01:26.500,24152,445,6,110725.35305364734,70,6,47110,2124,673.0,354.0,0.4446497449567781,0.0006863829998926583,1,0,0,DoS-DoS attack-HOIC
2026-08-31 10:01:27.000,52602,445,6,141750.09940727593,55,13,3025,5811,55.0,447.0,0.062335053282672366,0.0004797174765982029,1,1,0,DoS-DoS attack-HOIC
2026-08-31 10:01:27.500,14513,445,6,182941.06395736866,55,14,79255,13076,1441.0,934.0,0.5047035258112916,0.0003771706499548269,1,0,0,DoS-DoS attack-HOIC
2026-08-31 10:01:28.000,39338,445,6,404990.8432038345,40,6,55960,1470,1399.0,245.0,0.14180567526974197,0.00011358281494703344,1,0,0,DoS-DoS attack-HOIC
2026-08-31 10:01:28.500,33682,445,6,443355.8065018187,40,7,26280,9128,657.0,1304.0,0.07986362077578003,0.00010600966381782823,1,0,0,DoS-DoS attack-HOIC
2026-08-31 10:01:29.000,7876,445,17,277998.4508418544,65,9,70395,720,1083.0,80.0,0.25581077801723884,0.000266188533688753,1,0,0,DoS-DoS attack-HOIC
2026-08-31 10:01:29.500,62770,445,6,477802.7384912371,85,9,40715,5643,479.0,627.0,0.09702330326823769,0.00019673390800324308,1,0,0,DoS-DoS attack-HOIC
2026-08-31 10:01:30.000,30474,445,6,42547.47576855111,80,7,104560,5271,1307.0,753.0,2.5813752282660123,0.0020447746525037837,0,0,0,DoS-DoS attack-HOIC
2026-08-31 10:01:30.500,3575,445,6,45941.559826507524,50,4,65350,5704,1307.0,1426.0,1.5466170555127046,0.0011754063247345124,0,0,0,DoS-DoS attack-HOIC
2026-08-31 10:01:31.000,7435,445,17,94268.09002664525,80,11,80800,10307,1010.0,937.0,0.9664670193761598,0.0009653319587213994,0,0,0,DoS-DoS attack-HOIC
2026-08-31 10:01:31.500,62025,445,17,364985.9810873943,35,7,15085,938,431.0,134.0,0.04390031625824105,0.0001150729128656384,1,0,0,DoS-DoS attack-HOIC
2026-08-31 10:01:32.000,50183,445,6,120395.8582359604,80,8,61040,4632,763.0,579.0,0.54546726903044,0.0007309221536526787,0,1,0,DoS-DoS attack-HOIC
2026-08-31 10:01:32.500,58263,445,6,166538.0873313557,50,5,38750,6035,775.0,1207.0,0.26891746335601596,0.00033025478362355427,1,1,0,DoS-DoS attack-HOIC
2026-08-31 10:01:33.000,52731,445,17,255673.57668028373,60,8,79500,784,1325.0,98.0,0.31400976604341846,0.00026596412848079885,1,1,0,DoS-DoS attack-HOIC
2026-08-31 10:01:33.500,34267,445,6,835300.7316259138,60,11,15540,9823,259.0,893.0,0.030363914503375635,8.499932696209716e-05,1,0,0,DoS-DoS attack-HOIC
2026-08-31 10:01:34.000,22824,445,6,6979.556282118813,80,5,85680,2740,1071.0,548.0,12.668427088960117,0.012178424593549083,0,0,0,DoS-DoS attack-HOIC
2026-08-31 10:01:34.500,11427,445,6,524024.44913502556,95,11,46075,6072,485.0,552.0,0.09951253244973716,0.00020228063818958212,1,1,0,DoS-DoS attack-HOIC
2026-08-31 10:01:35.000,58852,445,6,552631.977577511,55,8,2915,6704,53.0,838.0,0.017405796968158256,0.00011399991776629278,1,1,0,DoS-DoS attack-HOIC
2026-08-31 10:01:35.500,8263,445,17,801369.6500504556,50,12,21300,13020,426.0,1085.0,0.04282667804727929,7.736754192690315e-05,1,0,0,DoS-DoS attack-HOIC
2026-08-31 10:01:36.000,7734,445,17,1349690.9824771476,55,10,37455,7770,681.0,777.0,0.03350766996802592,4.815917187223184e-05,0,1,0,DoS-DoS attack-HOIC
2026-08-31 10:01:36.500,22408,445,6,10171.689702263215,60,8,65100,10136,1085.0,1267.0,7.396607852606221,0.006685221622324725,0,0,0,DoS-DoS attack-HOIC
2026-08-31 10:01:37.000,22062,445,6,83490.14240557615,75,10,19800,7380,264.0,738.0,0.3255474145044604,0.0010180842616953323,1,1,0,DoS-DoS attack-HOIC
2026-08-31 10:01:37.500,41870,445,6,1086530.2700153757,40,7,10960,6482,274.0,926.0,0.016052935183842272,4.325696328635402e-05,1,0,0,DoS-DoS attack-HOIC
2026-08-31 10:01:38.000,23471,445,6,306723.24616451736,70,9,98280,4590,1404.0,510.0,0.33538377440577066,0.00025756117602853974,1,0,0,DoS-DoS attack-HOIC
2026-08-31 10:01:38.500,3309,445,17,415734.3152448335,70,7,72730,2261,1039.0,323.0,0.18038203065828862,0.00018521444387577474,0,0,0,DoS-DoS attack-HOIC
2026-08-31 10:01:39.000,39015,445,17,543876.5375510782,45,9,33750,3699,750.0,411.0,0.0688557005380921,9.928723942046445e-05,1,0,0,DoS-DoS attack-HOIC
2026-08-31 10:01:39.500,14545,445,6,568260.8340109487,85,11,101745,15345,1197.0,1395.0,0.2060497450994195,0.00016893650635873493,1,1,0,DoS-DoS attack-HOIC
2026-08-31 10:01:40.000,48681,8080,6,1342218.62202735,2,2,9928,10900,4964.0,5450.0,0.015517591291041124,2.980140443833517e-06,0,0,0,Bot-C2
2026-08-31 10:01:40.500,7995,8080,6,2896211.3470180333,2,2,5817,7152,2908.5,3576.0,0.004477919062539489,1.3811146773196048e-06,0,0,0,Bot-C2
2026-08-31 10:01:41.000,30163,8080,6,636764.097232243,2,2,5236,2352,2618.0,1176.0,0.011916500997563797,6.281761200613494e-06,0,1,0,Bot-C2
2026-08-31 10:01:41.500,20933,8080,17,169292.07902268364,2,2,18938,14430,9469.0,7215.0,0.1971031379061625,2.362780363296122e-05,0,1,0,Bot-C2
2026-08-31 10:01:42.000,12555,8080,6,1059101.1738477792,2,2,6820,6006,3410.0,3003.0,0.01211026889270763,3.7767874295049528e-06,0,1,0,Bot-C2
2026-08-31 10:01:42.500,15745,8080,6,25236.770260244764,2,2,18816,9264,9408.0,4632.0,1.1126621869323559,0.00015849888702740113,0,0,0,Bot-C2
2026-08-31 10:01:43.000,20230,8080,6,131384.7276415242,2,2,9963,6170,4981.5,3085.0,0.12279204964210193,3.0444938856282633e-05,1,0,0,Bot-C2
2026-08-31 10:01:43.500,38735,8080,6,1138389.0749635238,2,2,5808,9920,2904.0,4960.0,0.013816014529448813,3.513737164152801e-06,0,1,0,Bot-C2
2026-08-31 10:01:44.000,7554,8080,6,147985.84458301167,2,2,3636,5120,1818.0,2560.0,0.059167821247232216,2.7029612264610422e-05,0,1,0,Bot-C2
2026-08-31 10:01:44.500,12140,8080,6,124648.19983522058,2,2,2464,11517,1232.0,5758.5,0.11216367358181367,3.209031502233422e-05,1,1,0,Bot-C2
2026-08-31 10:01:45.000,1282,8080,6,74322.68527692113,2,2,20340,9366,10170.0,4683.0,0.3996895414276358,5.3819368669983946e-05,1,0,0,Bot-C2
2026-08-31 10:01:45.500,1306,8080,6,979894.1551541255,2,2,10056,4949,5028.0,2474.5,0.015312878356220796,4.082073537146497e-06,1,1,0,Bot-C2
2026-08-31 10:01:46.000,14961,8080,6,346631.85286545637,2,2,12906,2972,6453.0,1486.0,0.0458065231694241,1.1539620397889936e-05,0,1,0,Bot-C2
2026-08-31 10:01:46.500,2922,8080,6,561800.772322153,2,2,1170,3949,585.0,1974.5,0.009111771026497448,7.1199617319769075e-06,0,0,0,Bot-C2
2026-08-31 10:01:47.000,5159,8080,6,136604.57880636796,2,2,2736,582,1368.0,291.0,0.024289083343686846,2.9281595351038996e-05,0,0,0,Bot-C2
2026-08-31 10:01:47.500,7653,8080,6,709492.2978741559,2,2,24701,4368,12350.5,2184.0,0.0409715511876442,5.637834282244893e-06,0,0,0,Bot-C2
2026-08-31 10:01:48.000,44960,8080,6,713569.7299578956,2,2,8704,17654,4352.0,8827.0,0.03693822606682865,5.605618949363177e-06,0,1,0,Bot-C2
2026-08-31 10:01:48.500,60635,8080,6,187418.0206459728,2,2,16380,13704,8190.0,6852.0,0.1605181822681962,2.1342664840871717e-05,1,0,0,Bot-C2
2026-08-31 10:01:49.000,20608,8080,6,264395.20851583855,2,2,7100,10210,3550.0,5105.0,0.06547017283903746,1.5128867207172144e-05,1,0,0,Bot-C2
2026-08-31 10:01:49.500,55286,8080,17,117665.17823414586,2,2,5161,640,2580.5,320.0,0.04930090691711177,3.3994764293819524e-05,0,1,0,Bot-C2
2026-08-31 10:01:50.000,24575,8080,6,1876677.4861734074,2,2,8982,5439,4491.0,2719.5,0.007684325147059731,2.131426432857564e-06,0,0,0,Bot-C2
2026-08-31 10:01:50.500,34404,8080,6,518668.16594358155,2,2,11570,13080,5785.0,6540.0,0.047525569560800965,7.712059969298331e-06,1,1,0,Bot-C2
2026-08-31 10:01:51.000,65439,8080,6,1363187.6477177027,2,2,6750,9774,3375.0,4887.0,0.012121588709774369,2.9342988888342696e-06,0,1,0,Bot-C2
2026-08-31 10:01:51.500,47995,8080,6,180761.58425404137,2,2,11043,5236,5521.5,2618.0,0.09005785198375447,2.212859560998943e-05,1,0,0,Bot-C2
2026-08-31 10:01:52.000,18095,8080,6,761379.9711270446,2,2,10362,3025,5181.0,1512.5,0.01758254814610878,5.253618628851506e-06,1,1,0,Bot-C2
2026-08-31 10:01:52.500,21098,8080,6,725915.130024136,2,2,4940,1650,2470.0,825.0,0.009078196234441492,5.510286030010011e-06,1,1,0,Bot-C2
2026-08-31 10:01:53.000,26212,8080,1,588269.0535499076,2,2,10476,6536,5238.0,3268.0,0.028918740323074888,6.799609763243566e-06,1,1,0,Bot-C2
2026-08-31 10:01:53.500,3331,8080,6,1685416.1794382893,2,2,4242,9625,2121.0,4812.5,0.00822764143900605,2.3733010568994154e-06,1,0,0,Bot-C2
2026-08-31 10:01:54.000,40925,8080,17,250070.8965940357,2,2,1665,1611,832.5,805.5,0.013100284937144227,1.5995463903717004e-05,1,1,0,Bot-C2
2026-08-31 10:01:54.500,12229,8080,6,70043.45865100579,2,2,15470,6426,7735.0,3213.0,0.31260592235988227,5.71074026963614e-05,1,1,0,Bot-C2
2026-08-31 10:01:55.000,56685,8080,6,556927.2200237665,2,2,4500,3464,2250.0,1732.0,0.014299893618985158,7.182267011042269e-06,1,0,0,Bot-C2
2026-08-31 10:01:55.500,60149,8080,6,653390.1436091264,2,2,13118,9537,6559.0,4768.5,0.03467300543365103,6.1219166512736324e-06,0,0,0,Bot-C2
2026-08-31 10:01:56.000,6930,8080,6,427904.3230004657,2,2,9647,996,4823.5,498.0,0.024872382510937364,9.347884059358213e-06,1,1,0,Bot-C2
2026-08-31 10:01:56.500,3615,8080,6,115851.22037602506,2,2,7513,11770,3756.5,5885.0,0.16644623971804165,3.4527042414155816e-05,1,1,0,Bot-C2
2026-08-31 10:01:57.000,61064,8080,6,351049.506125729,2,2,1080,5256,540.0,2628.0,0.01804873640115666,1.1394404293659506e-05,1,0,0,Bot-C2
2026-08-31 10:01:57.500,64011,8080,6,187121.12949002624,2,2,9576,5076,4788.0,2538.0,0.07830222080824895,2.137652765717962e-05,1,1,0,Bot-C2
2026-08-31 10:01:58.000,64394,8080,6,278842.03958921565,2,2,10755,6455,5377.5,3227.5,0.06171953133299491,1.4345039240672844e-05,1,0,0,Bot-C2
2026-08-31 10:01:58.500,16173,8080,6,518126.6928682797,2,2,14807,1480,7403.5,740.0,0.03143439669074568,7.720119528641415e-06,0,0,0,Bot-C2
2026-08-31 10:01:59.000,45942,8080,6,683667.1084061067,2,2,5136,7356,2568.0,3678.0,0.018272050602143167,5.850800705137101e-06,1,0,0,Bot-C2
2026-08-31 10:01:59.500,40975,8080,6,132129.07745905904,2,2,7305,13158,3652.5,6579.0,0.15487128489784444,3.0273427141248972e-05,0,1,0,Bot-C2
2026-08-31 10:02:00.000,55424,8080,17,259870.42380817098,2,2,1397,2301,698.5,1150.5,0.014230168811312895,1.5392286437331415e-05,1,0,0,Bot-C2
2026-08-31 10:02:00.500,26174,8080,1,156781.43550541636,2,2,784,1872,392.0,936.0,0.016940781230050894,2.5513224744052552e-05,1,0,0,Bot-C2
2026-08-31 10:02:01.000,32876,8080,17,110717.2649255106,2,2,11136,11880,5568.0,5940.0,0.2078808577271676,3.6128060084665904e-05,0,0,0,Bot-C2
2026-08-31 10:02:01.500,43894,8080,6,764821.9716832732,2,2,14730,4068,7365.0,2034.0,0.024578268794216616,5.229975272734677e-06,0,1,0,Bot-C2
2026-08-31 10:02:02.000,55284,8080,6,1199838.2485218565,2,2,12730,11817,6365.0,5908.5,0.020458591005942797,3.3337827035389736e-06,1,1,0,Bot-C2
2026-08-31 10:02:02.500,53780,8080,17,231202.03811650065,2,2,6041,6839,3020.5,3419.5,0.05570885146329374,1.730088554760675e-05,1,0,0,Bot-C2
2026-08-31 10:02:03.000,50845,8080,6,695711.5942969321,2,2,7596,6732,3798.0,3366.0,0.02059474086280473,5.749508895255368e-06,0,0,0,Bot-C2
2026-08-31 10:02:03.500,54540,8080,1,1136490.278736089,2,2,5432,1152,2716.0,576.0,0.0057932743668201465,3.5196077562698337e-06,0,1,0,Bot-C2
2026-08-31 10:02:04.000,57505,8080,1,935804.781949586,2,2,20553,7227,10276.5,3613.5,0.029685678611118402,4.274395768339582e-06,1,1,0,Bot-C2
2026-08-31 10:02:04.500,2307,8080,17,100943.89980158063,2,2,4428,11088,2214.0,5544.0,0.15370913971980257,3.9625970538747765e-05,0,1,0,Bot-C2
2026-08-31 10:02:05.000,34715,443,6,1565110.7082044259,3,9,51300,98100,17100.0,10900.0,0.09545650618571555,7.667189251864703e-06,0,0,1,Data-Exfiltration
2026-08-31 10:02:05.500,2149,443,6,236344.76887895327,9,8,262080,54560,29120.0,6820.0,1.33973771236195,7.192881856415219e-05,0,1,1,Data-Exfiltration
2026-08-31 10:02:06.000,2553,443,17,207182.79596100067,11,4,76780,55360,6980.0,13840.0,0.6377942694551512,7.239983382645124e-05,0,0,1,Data-Exfiltration
2026-08-31 10:02:06.500,64222,443,6,32232.636458293317,8,14,155200,362040,19400.0,25860.0,16.04708943088785,0.0006825380238951604,0,0,1,Data-Exfiltration
2026-08-31 10:02:07.000,27194,443,6,332934.9595318489,9,8,95580,16480,10620.0,2060.0,0.3365822566491831,5.1061024121328874e-05,1,1,1,Data-Exfiltration
2026-08-31 10:02:07.500,9462,443,6,57713.066465519165,11,8,175780,100640,15980.0,12580.0,4.789556626959898,0.00032921487559597017,1,0,1,Data-Exfiltration
2026-08-31 10:02:08.000,21119,443,17,142868.52989288443,8,13,238880,70460,29860.0,5420.0,2.165207412789054,0.00014698828366383311,1,0,1,Data-Exfiltration
2026-08-31 10:02:08.500,17178,443,6,190588.20690720642,10,6,8000,149520,800.0,24920.0,0.8264939502181706,8.39506297834607e-05,1,1,1,Data-Exfiltration
2026-08-31 10:02:09.000,9028,443,6,827286.4815043216,11,8,17600,57280,1600.0,7160.0,0.09051278084821905,2.296665112334618e-05,1,0,1,Data-Exfiltration
2026-08-31 10:02:09.500,10776,443,6,1041679.2028767936,12,8,170640,138880,14220.0,17360.0,0.2971356240407131,1.9199768935171433e-05,1,0,1,Data-Exfiltration
2026-08-31 10:02:10.000,56450,443,6,180102.23803736895,10,7,50200,18340,5020.0,2620.0,0.38056162290428175,9.439083147611307e-05,0,1,1,Data-Exfiltration
2026-08-31 10:02:10.500,44384,443,1,978428.3465816521,13,10,362960,200000,27920.0,20000.0,0.5753717193099188,2.3507086727526172e-05,0,0,1,Data-Exfiltration
2026-08-31 10:02:11.000,27843,443,6,973263.4503980556,12,7,82320,14420,6860.0,2060.0,0.09939754745689904,1.952194957288693e-05,0,1,1,Data-Exfiltration
2026-08-31 10:02:11.500,37656,443,6,723342.7746598924,10,8,146000,141280,14600.0,17660.0,0.3971561064270038,2.488446782124084e-05,1,1,1,Data-Exfiltration
2026-08-31 10:02:12.000,27539,443,17,79319.18373443041,9,12,219060,61920,24340.0,5160.0,3.5423965141311693,0.00026475310270038634,0,0,1,Data-Exfiltration
2026-08-31 10:02:12.500,63393,443,6,586112.4828976647,11,11,144100,163460,13100.0,14860.0,0.5247456912608575,3.753545717173516e-05,0,0,1,Data-Exfiltration
2026-08-31 10:02:13.000,25241,443,6,1450429.8636628971,14,5,157360,65800,11240.0,13160.0,0.15385783593485589,1.3099564808936465e-05,0,1,1,Data-Exfiltration
2026-08-31 10:02:13.500,61437,443,6,573702.480478616,12,12,15360,68640,1280.0,5720.0,0.14641735543562256,4.183353012446359e-05,0,1,1,Data-Exfiltration
2026-08-31 10:02:14.000,24196,443,6,201446.84534963284,17,10,287980,200600,16940.0,20060.0,2.4253544359444446,0.00013403039373388186,0,0,1,Data-Exfiltration
2026-08-31 10:02:14.500,34018,443,6,347153.243578947,13,12,16640,252720,1280.0,21060.0,0.7759109412756647,7.201430625145389e-05,1,0,1,Data-Exfiltration
2026-08-31 10:02:15.000,16060,443,17,518840.9768183779,8,5,101600,9600,12700.0,1920.0,0.21432385830385695,2.5055846744155938e-05,1,0,1,Data-Exfiltration
2026-08-31 10:02:15.500,12763,443,17,357257.33270672214,15,8,350700,177280,23380.0,22160.0,1.4778702958593937,6.437936437888945e-05,0,1,1,Data-Exfiltration
2026-08-31 10:02:16.000,33244,443,17,63889.94881696099,17,8,401880,183840,23640.0,22980.0,9.16763921014179,0.0003912978560635538,0,0,1,Data-Exfiltration
2026-08-31 10:02:16.500,50440,443,17,187029.76676938575,11,13,32340,286260,2940.0,22020.0,1.703472155722732,0.00012832181964013046,1,0,1,Data-Exfiltration
2026-08-31 10:02:17.000,10611,443,6,810745.2027894015,14,8,390040,35360,27860.0,4420.0,0.5247024571112443,2.7135529046655792e-05,1,0,1,Data-Exfiltration
2026-08-31 10:02:17.500,45541,443,6,988146.7017064019,17,15,74460,60900,4380.0,4060.0,0.13698370875992494,3.238385549880022e-05,0,0,1,Data-Exfiltration
2026-08-31 10:02:18.000,31153,443,6,73844.15541095352,7,8,128800,127360,18400.0,15920.0,3.4689272094689536,0.00020313049711912203,0,1,1,Data-Exfiltration
2026-08-31 10:02:18.500,1669,443,6,1522322.122757454,7,4,23800,13200,3400.0,3300.0,0.024304974253896477,7.225803156563817e-06,1,1,1,Data-Exfiltration
2026-08-31 10:02:19.000,31954,443,6,199360.9110129775,10,10,128400,254000,12840.0,25400.0,1.9181292763852098,0.00010032056884859883,1,0,1,Data-Exfiltration
2026-08-31 10:02:19.500,17323,443,6,542819.0178299472,12,14,190080,85680,15840.0,6120.0,0.5080146253853419,4.7898100739842223e-05,0,0,1,Data-Exfiltration
2026-08-31 10:02:20.000,57720,443,17,696810.8623132625,11,7,175560,55020,15960.0,7860.0,0.3309075854977559,2.583197388741264e-05,0,1,1,Data-Exfiltration
2026-08-31 10:02:20.500,31114,443,6,835513.6855348373,12,6,49680,176880,4140.0,29480.0,0.27116252422874504,2.1543632751224447e-05,1,0,1,Data-Exfiltration
2026-08-31 10:02:21.000,22977,443,6,1457073.3988268427,11,7,57640,165900,5240.0,23700.0,0.1534171169266066,1.2353530037930208e-05,0,1,1,Data-Exfiltration
2026-08-31 10:02:21.500,53166,443,6,187651.94369952113,9,6,91440,77880,10160.0,12980.0,0.9023087992208685,7.993522317690189e-05,1,1,1,Data-Exfiltration
2026-08-31 10:02:22.000,47467,443,6,977750.5890722909,10,6,63400,60960,6340.0,10160.0,0.1271899003576396,1.6364091393713684e-05,0,1,1,Data-Exfiltration
2026-08-31 10:02:22.500,27499,443,6,70601.45951758322,12,7,54960,117600,4580.0,16800.0,2.444142106333973,0.0002691162495383952,0,1,1,Data-Exfiltration
2026-08-31 10:02:23.000,19912,443,6,610459.2989313401,12,16,136800,55040,11400.0,3440.0,0.31425518512485495,4.58671037505001e-05,1,0,1,Data-Exfiltration
2026-08-31 10:02:23.500,44756,443,6,677354.6890363094,9,8,118800,230720,13200.0,28840.0,0.5160073527978546,2.5097633890946234e-05,0,1,1,Data-Exfiltration
2026-08-31 10:02:24.000,17111,443,6,566172.3016105115,13,10,325780,210200,25060.0,21020.0,0.9466729447306158,4.0623675750595475e-05,0,0,1,Data-Exfiltration
2026-08-31 10:02:24.500,47329,443,6,145386.57989522823,10,11,51400,195360,5140.0,17760.0,1.6972680708278103,0.00014444249265433627,1,0,1,Data-Exfiltration
2026-08-31 10:02:25.000,47061,443,6,1031953.9952627701,15,11,408600,232980,27240.0,21180.0,0.6217137614069851,2.5194921594472418e-05,1,1,1,Data-Exfiltration
2026-08-31 10:02:25.500,10370,443,6,92477.5888878609,9,8,247320,57120,27480.0,7140.0,3.292040846093491,0.00018382832211138268,1,1,1,Data-Exfiltration
2026-08-31 10:02:26.000,1611,443,17,27563.364477845607,15,10,82500,150000,5500.0,15000.0,8.43510958549794,0.0009070010306987032,0,1,1,Data-Exfiltration
2026-08-31 10:02:26.500,13787,443,6,631976.4045182416,10,7,41400,166320,4140.0,23760.0,0.3286831573325258,2.689973846838503e-05,1,0,1,Data-Exfiltration
2026-08-31 10:02:27.000,60189,443,6,322631.77571104164,14,8,229320,78400,16380.0,9800.0,0.9537808212234653,6.818919169022566e-05,1,1,1,Data-Exfiltration
2026-08-31 10:02:27.500,42969,443,6,945562.3958741025,13,10,60320,254200,4640.0,25420.0,0.332627440948435,2.4324148358813447e-05,1,1,1,Data-Exfiltration
2026-08-31 10:02:28.000,5103,443,6,241765.06345891868,16,8,89920,218080,5620.0,27260.0,1.2739640524595337,9.926992616567795e-05,1,1,1,Data-Exfiltration
2026-08-31 10:02:28.500,37140,443,6,92128.86809469957,11,6,269500,80640,24500.0,13440.0,3.800545987410639,0.0001845241383046235,0,0,1,Data-Exfiltration
2026-08-31 10:02:29.000,56475,443,6,905294.3941290196,10,10,280400,36200,28040.0,3620.0,0.3497204909802877,2.20922609589569e-05,1,1,1,Data-Exfiltration
2026-08-31 10:02:29.500,21239,443,6,398043.79312394874,5,6,83000,125160,16600.0,20860.0,0.5229575327907462,2.763515017629808e-05,0,1,1,Data-Exfiltration
2026-08-31 10:02:30.000,26841,80,6,104864.33748166778,9,9,4446,8082,494.0,898.0,0.11946864205379105,0.00017165034777843542,0,1,0,BENIGN
2026-08-31 10:02:30.500,25789,445,6,637169.0202989127,13,6,15574,3648,1198.0,608.0,0.030167819506793942,2.9819403320626622e-05,1,0,0,BENIGN
2026-08-31 10:02:31.000,31136,8080,6,357812.60303149064,11,13,2552,4459,232.0,343.0,0.019594055492749174,6.707421649208105e-05,1,1,0,BENIGN
2026-08-31 10:02:31.500,26580,443,6,463565.8697094391,15,7,21975,4872,1465.0,696.0,0.0579140997076606,4.7458196206970354e-05,1,0,0,BENIGN
2026-08-31 10:02:32.000,60066,80,6,308925.5569982458,13,10,5603,6830,431.0,683.0,0.040245941839211895,7.445159352544628e-05,0,0,0,BENIGN
2026-08-31 10:02:32.500,19123,53,1,882195.659983044,18,2,11520,1264,640.0,632.0,0.014491116403928807,2.2670707765846068e-05,1,0,0,BENIGN
2026-08-31 10:02:33.000,44577,22,6,884693.9419221182,14,10,15470,690,1105.0,69.0,0.01826620397638028,2.7128025707495464e-05,1,0,0,BENIGN
2026-08-31 10:02:33.500,46120,445,6,617884.5313685549,17,9,2244,12960,132.0,1440.0,0.0246065392931565,4.207905956472434e-05,1,0,0,BENIGN
2026-08-31 10:02:34.000,7474,80,6,55690.063831579886,14,11,17892,15444,1278.0,1404.0,0.5985987032593475,0.000448913114395359,0,1,0,BENIGN
2026-08-31 10:02:34.500,14254,445,6,912721.8178311617,10,11,3880,13992,388.0,1272.0,0.019580993519221664,2.300810563471659e-05,1,1,0,BENIGN
2026-08-31 10:02:35.000,30033,80,6,555868.4917512196,14,6,7728,7836,552.0,1306.0,0.027999428337243688,3.597973314988909e-05,0,0,0,BENIGN
2026-08-31 10:02:35.500,6457,8080,6,597051.1162215987,9,13,12582,9542,1398.0,734.0,0.03705545370996008,3.6847766299906066e-05,0,0,0,BENIGN
2026-08-31 10:02:36.000,34890,8080,6,225479.34281565508,11,4,16082,788,1462.0,197.0,0.07481838375342528,6.652494109670297e-05,0,0,0,BENIGN
2026-08-31 10:02:36.500,40888,8080,1,1057138.8939487413,9,7,8667,1295,963.0,185.0,0.009423548842001837,1.5135191876333005e-05,1,0,0,BENIGN
2026-08-31 10:02:37.000,19734,445,17,646168.1843451471,13,7,15951,2653,1227.0,379.0,0.028791265881600366,3.095169413201501e-05,1,1,0,BENIGN
2026-08-31 10:02:37.500,12463,53,6,59724.348472801816,12,9,1740,8145,145.0,905.0,0.16551038648578104,0.0003516153885889127,0,1,0,BENIGN
2026-08-31 10:02:38.000,42879,8080,6,261936.8862448958,13,5,16835,655,1295.0,131.0,0.06677180999616887,6.871884390686334e-05,1,0,0,BENIGN
2026-08-31 10:02:38.500,17045,80,6,1087449.45878311,15,9,15465,3312,1031.0,368.0,0.017267009375166162,2.2069991212866162e-05,0,0,0,BENIGN
2026-08-31 10:02:39.000,7440,8080,6,24173.399626215964,9,8,6804,1688,756.0,211.0,0.35129523061694246,0.0007032523457946329,1,0,0,BENIGN
2026-08-31 10:02:39.500,8004,443,6,1627466.8279520357,11,7,13640,5187,1240.0,741.0,0.011568284942296336,1.1060133264000322e-05,1,1,0,BENIGN
2026-08-31 10:02:40.000,56939,8080,6,568410.3637505,10,6,13570,6564,1357.0,1094.0,0.035421592011090554,2.8148677469824616e-05,1,0,0,BENIGN
2026-08-31 10:02:40.500,19082,445,6,498989.0319927591,6,13,7968,8580,1328.0,660.0,0.03316305357170356,3.807698923509594e-05,0,1,0,BENIGN
2026-08-31 10:02:41.000,12125,53,6,157738.57161300108,8,15,6616,4665,827.0,311.0,0.07151706703013552,0.00014581088039119909,1,1,0,BENIGN
2026-08-31 10:02:41.500,41742,443,6,143036.2101447174,8,11,10664,12738,1333.0,1158.0,0.16360892094866647,0.00013283349705258793,0,0,0,BENIGN
2026-08-31 10:02:42.000,33626,445,1,1424158.2784253394,12,8,15300,8224,1275.0,1028.0,0.016517826955192643,1.4043382889978442e-05,1,1,0,BENIGN
2026-08-31 10:02:42.500,10146,445,6,177105.03086784238,11,4,13486,464,1226.0,116.0,0.07876681950171122,8.469550484054968e-05,1,0,0,BENIGN
2026-08-31 10:02:43.000,13600,445,6,746951.582740636,12,5,10344,950,862.0,190.0,0.015120123259408657,2.2759172605803714e-05,1,1,0,BENIGN
2026-08-31 10:02:43.500,59091,80,6,249713.58204079722,11,15,10516,2715,956.0,181.0,0.05298470307998115,0.00010411928653008161,1,0,0,BENIGN
2026-08-31 10:02:44.000,28540,445,6,74977.95306042176,14,7,15624,1890,1116.0,270.0,0.2335886655047821,0.0002800823327395469,0,0,0,BENIGN
2026-08-31 10:02:44.500,64783,80,6,5386.559961795687,7,11,9072,10923,1296.0,993.0,3.712016594021951,0.003341650347206557,0,0,0,BENIGN
2026-08-31 10:02:45.000,23457,445,6,392913.48216237884,10,11,8930,1837,893.0,167.0,0.027402979252507058,5.3446880681958596e-05,1,0,0,BENIGN
2026-08-31 10:02:45.500,2113,22,6,1860263.881034444,11,11,7942,9889,722.0,899.0,0.009585199272905732,1.1826279176934894e-05,0,0,0,BENIGN
2026-08-31 10:02:46.000,38370,443,6,230332.63889338018,17,10,18054,7350,1062.0,735.0,0.11029266247696862,0.00011722177164533745,0,0,0,BENIGN
2026-08-31 10:02:46.500,10151,22,6,220954.85961504994,8,10,7920,5360,990.0,536.0,0.06010277403509268,8.14646033608184e-05,0,1,0,BENIGN
2026-08-31 10:02:47.000,11511,445,6,210867.08057373008,10,6,830,8058,83.0,1343.0,0.04214977499283391,7.587718270537159e-05,1,1,0,BENIGN
2026-08-31 10:02:47.500,1179,443,6,367551.4058943361,11,9,7062,7641,642.0,849.0,0.04000256770566346,5.44141572545242e-05,1,0,0,BENIGN
2026-08-31 10:02:48.000,59438,443,17,290503.246235686,9,7,6048,1190,672.0,170.0,0.02491538422905828,5.5076837201565695e-05,1,1,0,BENIGN
2026-08-31 10:02:48.500,2982,53,6,1059776.1726074084,7,11,917,3388,131.0,308.0,0.004062178515834735,1.6984718533106904e-05,1,0,0,BENIGN
2026-08-31 10:02:49.000,11717,22,6,352125.0873778918,12,12,9576,7884,798.0,657.0,0.04958465223117295,6.815759756862261e-05,0,1,0,BENIGN
2026-08-31 10:02:49.500,40136,53,6,354392.2423881031,18,10,13860,10010,770.0,1001.0,0.06735474749242921,7.900850145739496e-05,0,1,0,BENIGN
2026-08-31 10:02:50.000,39571,443,6,74465.59281230722,7,9,6951,11907,993.0,1323.0,0.2532444755391891,0.00021486433389686214,1,0,0,BENIGN
2026-08-31 10:02:50.500,29819,80,6,2029668.4976046614,15,10,5640,11140,376.0,1114.0,0.008267359925879745,1.2317282368712372e-05,1,0,0,BENIGN
2026-08-31 10:02:51.000,56320,443,6,143822.9637983935,18,6,24426,7176,1357.0,1196.0,0.21972847147067145,0.00016687182188773226,1,1,0,BENIGN
2026-08-31 10:02:51.500,22471,53,6,38097.263919445446,9,13,6651,11024,739.0,848.0,0.46394407831316614,0.0005774692912525972,0,1,0,BENIGN
2026-08-31 10:02:52.000,37622,22,6,544053.208021805,13,6,12532,6408,964.0,1068.0,0.034812771472331396,3.492305480328915e-05,1,1,0,BENIGN
2026-08-31 10:02:52.500,42838,445,6,452386.61948019057,7,11,5033,7557,719.0,687.0,0.02783017767896868,3.9788975236015586e-05,1,1,0,BENIGN
2026-08-31 10:02:53.000,26239,445,6,268196.2219677111,9,10,9054,7770,1006.0,777.0,0.06273019014189612,7.084365268045806e-05,1,1,0,BENIGN
2026-08-31 10:02:53.500,60606,22,6,274257.0250984601,9,15,2727,8115,303.0,541.0,0.039532259914626895,8.750915310376734e-05,0,1,0,BENIGN
2026-08-31 10:02:54.000,10818,445,6,768707.3011258612,9,12,1296,14964,144.0,1247.0,0.021152394384668673,2.7318590533704925e-05,1,0,0,BENIGN
2026-08-31 10:02:54.500,56835,445,6,108899.33042426637,4,11,1052,4928,263.0,448.0,0.054913101633895144,0.00013774189373050622,0,1,0,BENIGN
2026-08-31 10:02:55.000,34233,1350,6,858103.3733894641,13,15,19266,17310,1482.0,1154.0,0.04262423518404367,3.263010130012092e-05,1,0,0,Reconnaissance-PortScan
2026-08-31 10:02:55.500,23448,1351,17,523124.4208494754,8,11,8136,16489,1017.0,1499.0,0.04707293144438176,3.632023136825395e-05,1,0,0,Reconnaissance-PortScan
2026-08-31 10:02:56.000,64302,1352,6,271476.2495037951,13,9,2002,7731,154.0,859.0,0.035852123408333054,8.10383966899545e-05,1,0,0,Reconnaissance-PortScan
2026-08-31 10:02:56.500,56101,1353,6,306271.0385307899,14,8,13020,7536,930.0,942.0,0.06711702189648043,7.183180004488079e-05,1,0,0,Reconnaissance-PortScan
2026-08-31 10:02:57.000,48270,1354,6,148292.262432662,8,11,10384,2508,1298.0,228.0,0.08693643071893087,0.00012812536329969644,1,0,0,Reconnaissance-PortScan
2026-08-31 10:02:57.500,57534,1355,6,697393.8290292367,11,7,14707,7140,1337.0,1020.0,0.03132663222744239,2.581038037689216e-05,1,0,0,Reconnaissance-PortScan
2026-08-31 10:02:58.000,38420,1356,6,359616.9931559464,12,9,15516,7686,1293.0,854.0,0.06451864189102255,5.8395460723708024e-05,1,0,0,Reconnaissance-PortScan
2026-08-31 10:02:58.500,7394,1357,6,193459.97580578914,10,8,7680,3376,768.0,422.0,0.057148771746603676,9.304250103462971e-05,1,0,0,Reconnaissance-PortScan
2026-08-31 10:02:59.000,10552,1358,17,453232.22881446645,9,13,657,11557,73.0,889.0,0.026948657273731504,4.854023743426339e-05,1,0,0,Reconnaissance-PortScan
2026-08-31 10:02:59.500,29300,1359,6,2728592.315316911,14,5,20314,6925,1451.0,1385.0,0.009982803164472195,6.9632974824689495e-06,1,0,0,Reconnaissance-PortScan
2026-08-31 10:03:00.000,51124,1360,6,285696.93369842635,12,12,11208,6348,934.0,529.0,0.061449731966381975,8.400510179956524e-05,1,0,0,Reconnaissance-PortScan
2026-08-31 10:03:00.500,45357,1361,6,1267204.3585554834,7,11,3507,13156,501.0,1196.0,0.01314941815609209,1.420449659783098e-05,1,0,0,Reconnaissance-PortScan
2026-08-31 10:03:01.000,9203,1362,6,211572.8767429429,8,9,3904,4185,488.0,465.0,0.03823268901072635,8.035056412193695e-05,1,0,0,Reconnaissance-PortScan
2026-08-31 10:03:01.500,49805,1363,6,28143.77083401599,11,9,9548,2601,868.0,289.0,0.43167634029336743,0.0007106368265591694,1,0,0,Reconnaissance-PortScan
2026-08-31 10:03:02.000,56291,1364,17,114230.14656553135,13,14,16601,15736,1277.0,1124.0,0.2830863915474196,0.0002363649247543164,1,0,0,Reconnaissance-PortScan
2026-08-31 10:03:02.500,17867,1365,6,271239.97473157785,6,12,6654,12708,1109.0,1059.0,0.07138328345018842,6.636189970578409e-05,1,0,0,Reconnaissance-PortScan
2026-08-31 10:03:03.000,24976,1366,1,123996.71426590304,7,10,3108,14850,444.0,1485.0,0.14482641822300188,0.00013710040704928344,1,0,0,Reconnaissance-PortScan
2026-08-31 10:03:03.500,54822,1367,17,113.53199766673677,10,7,3720,9002,372.0,1286.0,112.05650513416721,0.14973750882572257,1,0,0,Reconnaissance-PortScan
2026-08-31 10:03:04.000,34184,1368,6,1232561.0569014233,7,3,1953,2169,279.0,723.0,0.003344256235329219,8.113188343836048e-06,1,0,0,Reconnaissance-PortScan
2026-08-31 10:03:04.500,45922,1369,6,928563.2827085458,9,12,11853,17364,1317.0,1447.0,0.03146473756151726,2.261558300961298e-05,1,0,0,Reconnaissance-PortScan
2026-08-31 10:03:05.000,51963,1370,6,677964.5081047453,15,8,4005,2864,267.0,358.0,0.010131798815104676,3.3925079741943156e-05,1,0,0,Reconnaissance-PortScan
2026-08-31 10:03:05.500,30540,1371,6,91850.0106074339,14,16,10808,16944,772.0,1059.0,0.30214476637994464,0.0003266194505404417,1,0,0,Reconnaissance-PortScan
2026-08-31 10:03:06.000,57550,1372,6,64123.305832956554,9,7,8370,1848,930.0,264.0,0.15934923918340632,0.0002495192627651694,1,0,0,Reconnaissance-PortScan
2026-08-31 10:03:06.500,11473,1373,6,34999.23282386662,8,9,1640,4158,205.0,462.0,0.1656607739810122,0.00048572493233480635,1,0,0,Reconnaissance-PortScan
2026-08-31 10:03:07.000,51314,1374,6,643730.0876406098,11,6,6864,5682,624.0,947.0,0.019489534885325187,2.6408583855454183e-05,1,0,0,Reconnaissance-PortScan
2026-08-31 10:03:07.500,62176,1375,6,1321187.1371146208,5,11,3880,13794,776.0,1254.0,0.013377363057337199,1.2110320748975625e-05,1,0,0,Reconnaissance-PortScan
2026-08-31 10:03:08.000,22149,1376,17,281529.6984773289,8,6,5096,708,637.0,118.0,0.02061594222984339,4.9728323779773855e-05,1,0,0,Reconnaissance-PortScan
2026-08-31 10:03:08.500,8442,1377,6,63428.66944466449,8,5,5056,4470,632.0,894.0,0.15018445258115792,0.00020495463820649308,1,0,0,Reconnaissance-PortScan
2026-08-31 10:03:09.000,23770,1378,17,359122.5789001423,17,6,13022,6258,766.0,1043.0,0.05368640439849408,6.40449845002782e-05,1,0,0,Reconnaissance-PortScan
2026-08-31 10:03:09.500,3478,1379,6,214493.73171720083,9,10,13077,4040,1453.0,404.0,0.07980186582687593,8.85806771461496e-05,1,0,0,Reconnaissance-PortScan
2026-08-31 10:03:10.000,59834,1380,6,234861.77371615256,4,11,5944,671,1486.0,61.0,0.028165503032064516,6.386735381420526e-05,1,0,0,Reconnaissance-PortScan
2026-08-31 10:03:10.500,53850,1381,6,485545.9069381824,12,11,11568,6457,964.0,587.0,0.03712316331383189,4.736936234219881e-05,1,0,0,Reconnaissance-PortScan
2026-08-31 10:03:11.000,18785,1382,6,634198.9784111247,17,5,25058,1845,1474.0,369.0,0.04242044045384082,3.468942831596841e-05,1,0,0,Reconnaissance-PortScan
2026-08-31 10:03:11.500,16247,1383,17,58606.123659675206,13,12,8944,14628,688.0,1219.0,0.40221052893482784,0.0004265765833773416,1,0,0,Reconnaissance-PortScan
2026-08-31 10:03:12.000,7725,1384,6,18119.501455745994,11,10,5346,950,486.0,95.0,0.34747092859603623,0.0011589722840719123,1,0,0,Reconnaissance-PortScan
2026-08-31 10:03:12.500,3621,1385,17,2586309.7731957007,10,7,14660,9177,1466.0,1311.0,0.009216606706185206,6.573071863286005e-06,1,0,0,Reconnaissance-PortScan
2026-08-31 10:03:13.000,1165,1386,6,132457.1834032721,9,13,1224,12532,136.0,964.0,0.1038524272185427,0.0001660914072992105,1,0,0,Reconnaissance-PortScan
2026-08-31 10:03:13.500,3683,1387,6,27666.78841507926,11,9,4598,2700,418.0,300.0,0.26378197165033235,0.0007228883849008834,1,0,0,Reconnaissance-PortScan
2026-08-31 10:03:14.000,22004,1388,6,105283.56423145457,8,8,5672,3792,709.0,474.0,0.08989057378695416,0.00015197053894666805,1,0,0,Reconnaissance-PortScan
2026-08-31 10:03:14.500,10055,1389,17,19868.503306108905,13,6,16237,3462,1249.0,577.0,0.9914687425916237,0.0009562874313031549,1,0,0,Reconnaissance-PortScan
2026-08-31 10:03:15.000,16061,1390,1,248634.70839257832,11,11,14377,6314,1307.0,574.0,0.08321846991087845,8.848322159583035e-05,1,0,0,Reconnaissance-PortScan
2026-08-31 10:03:15.500,61986,1391,6,810759.7621666283,11,10,7370,4200,670.0,420.0,0.014270565141193348,2.590163076621092e-05,1,0,0,Reconnaissance-PortScan
2026-08-31 10:03:16.000,47762,1392,6,208701.37687341686,11,9,8217,1278,747.0,142.0,0.04549562701401833,9.583070461088642e-05,1,0,0,Reconnaissance-PortScan
2026-08-31 10:03:16.500,39453,1393,6,293658.4538182011,8,10,4336,680,542.0,68.0,0.0170810679366122,6.129569833712512e-05,1,0,0,Reconnaissance-PortScan
2026-08-31 10:03:17.000,7166,1394,6,562868.5927925503,13,8,4251,8960,327.0,1120.0,0.0234708423403441,3.730888571245372e-05,1,0,0,Reconnaissance-PortScan
2026-08-31 10:03:17.500,13133,1395,17,355547.7156091545,6,3,2448,3375,408.0,1125.0,0.01637754862201763,2.5313058148404372e-05,1,0,0,Reconnaissance-PortScan
2026-08-31 10:03:18.000,23034,1396,17,988246.435769033,7,5,728,4970,104.0,994.0,0.005765768328330247,1.2142720242183743e-05,1,0,0,Reconnaissance-PortScan
2026-08-31 10:03:18.500,9811,1397,6,1005090.8730809612,11,8,2211,8888,201.0,1111.0,0.011042782595236576,1.8903763339895032e-05,1,0,0,Reconnaissance-PortScan
2026-08-31 10:03:19.000,43888,1398,6,4980.066673638775,12,5,7632,7150,636.0,1430.0,2.9682333468674096,0.003413608909264373,1,0,0,Reconnaissance-PortScan
2026-08-31 10:03:19.500,9496,1399,6,752643.2533147344,10,7,9660,4102,966.0,586.0,0.018284891200721715,2.2587062230218654e-05,1,0,0,Reconnaissance-PortScan
2026-08-31 10:03:20.000,50599,22,6,308772.7910066859,13,10,7930,3660,610.0,366.0,0.03753569076419588,7.448842860884428e-05,1,0,1,SSH-Bruteforce
2026-08-31 10:03:20.500,24407,22,17,2247733.913558893,9,5,9117,1525,1013.0,305.0,0.004734546173707417,6.228495248252569e-06,1,1,0,SSH-Bruteforce
2026-08-31 10:03:21.000,62733,22,6,330080.6973811877,12,11,8412,8448,701.0,768.0,0.05107841849963965,6.967993033758671e-05,1,1,1,SSH-Bruteforce
2026-08-31 10:03:21.500,5273,22,17,2167416.7921601967,14,8,20734,9912,1481.0,1239.0,0.014139412461280552,1.0150331989433275e-05,1,1,0,SSH-Bruteforce
2026-08-31 10:03:22.000,48741,22,6,702370.4510181925,9,12,4680,13284,520.0,1107.0,0.025576246799253438,2.9898752103335683e-05,1,0,1,SSH-Bruteforce
2026-08-31 10:03:22.500,35542,22,17,142911.82327326565,13,5,4004,1290,308.0,258.0,0.03704382099657884,0.00012595179031704175,1,0,0,SSH-Bruteforce
2026-08-31 10:03:23.000,54933,22,6,386522.84354302095,12,17,9300,2805,775.0,165.0,0.03131768329325019,7.502790710485381e-05,1,0,1,SSH-Bruteforce
2026-08-31 10:03:23.500,19375,22,6,2422707.02632693,10,9,6060,8289,606.0,921.0,0.005922713660386462,7.842467039329764e-06,1,0,0,SSH-Bruteforce
2026-08-31 10:03:24.000,5112,22,17,974314.0467929719,7,6,8771,8652,1253.0,1442.0,0.01788232455148347,1.3342720494133338e-05,1,0,1,SSH-Bruteforce
2026-08-31 10:03:24.500,54354,22,6,51219.55677309854,10,9,4450,3222,445.0,358.0,0.1497865362734183,0.0003709520580285386,1,0,0,SSH-Bruteforce
2026-08-31 10:03:25.000,57965,22,6,612720.8040387447,11,5,8844,6840,804.0,1368.0,0.025597302876551698,2.6113035324204742e-05,1,0,1,SSH-Bruteforce
2026-08-31 10:03:25.500,16306,22,1,212002.64949748575,9,9,12375,11367,1375.0,1263.0,0.11198916643332647,8.490459926711636e-05,1,1,0,SSH-Bruteforce
2026-08-31 10:03:26.000,20354,22,1,3503.3759673622308,6,10,5430,1240,905.0,124.0,1.9038778718297857,0.0045670233807011355,1,0,1,SSH-Bruteforce
2026-08-31 10:03:26.500,43433,22,6,258322.06677789116,8,10,9256,11040,1157.0,1104.0,0.07856858785767262,6.968045828922483e-05,1,0,0,SSH-Bruteforce
2026-08-31 10:03:27.000,22802,22,6,133779.23965883424,10,11,4290,8382,429.0,762.0,0.09472321737938627,0.00015697502880106628,1,1,1,SSH-Bruteforce
2026-08-31 10:03:27.500,25288,22,6,854268.1230521889,11,7,6446,9982,586.0,1426.0,0.019230496323698217,2.107066799528658e-05,1,0,0,SSH-Bruteforce
2026-08-31 10:03:28.000,60699,22,6,205739.53452121446,6,8,8844,10656,1474.0,1332.0,0.09478003362081823,6.804720362520283e-05,1,0,1,SSH-Bruteforce
2026-08-31 10:03:28.500,6099,22,6,878747.7040994845,13,10,16575,4010,1275.0,401.0,0.02342538125986988,2.6173610346223332e-05,1,1,0,SSH-Bruteforce
2026-08-31 10:03:29.000,11436,22,6,299.0588357564428,9,8,12888,3248,1432.0,406.0,53.95593619438148,0.05684499970900379,1,0,1,SSH-Bruteforce
2026-08-31 10:03:29.500,49478,22,6,183954.00680797122,8,12,6248,14928,781.0,1244.0,0.11511573118901605,0.00010872282885248966,1,1,0,SSH-Bruteforce
2026-08-31 10:03:30.000,29389,22,6,137985.59947031105,8,3,9848,3882,1231.0,1294.0,0.09950313693393138,7.971846367612856e-05,1,0,1,SSH-Bruteforce
2026-08-31 10:03:30.500,8254,22,6,133004.2329500564,9,18,9693,18486,1077.0,1027.0,0.21186543745914213,0.00020300105792955172,1,1,0,SSH-Bruteforce
2026-08-31 10:03:31.000,49224,22,6,35311.360073131415,12,13,7500,14729,625.0,1133.0,0.6295141265492917,0.000707987456193814,1,0,1,SSH-Bruteforce
2026-08-31 10:03:31.500,12026,22,6,103588.51762558428,7,9,6391,5643,913.0,627.0,0.11617117683192071,0.00015445727350097487,1,1,0,SSH-Bruteforce
2026-08-31 10:03:32.000,14971,22,6,405458.37427483144,9,4,11430,4008,1270.0,1002.0,0.03807542519557117,3.20624774933557e-05,1,0,1,SSH-Bruteforce
2026-08-31 10:03:32.500,14710,22,6,172204.5763737056,11,10,902,5280,82.0,528.0,0.035899162088615405,0.00012194797862518983,1,1,0,SSH-Bruteforce
2026-08-31 10:03:33.000,30328,22,6,270122.7393297678,12,10,11028,12970,919.0,1297.0,0.08884109519493157,8.144445763349006e-05,1,0,1,SSH-Bruteforce
2026-08-31 10:03:33.500,51707,22,17,236497.55390741213,11,7,10450,10444,950.0,1492.0,0.08834763681021598,7.611072377638976e-05,1,0,0,SSH-Bruteforce
2026-08-31 10:03:34.000,14098,22,6,1043353.6366477672,9,7,5814,6090,646.0,870.0,0.0114093626377081,1.5335164835629167e-05,1,0,1,SSH-Bruteforce
2026-08-31 10:03:34.500,53166,22,6,1178515.3543676273,12,11,17496,7755,1458.0,705.0,0.021426110322792548,1.951608005323467e-05,1,1,0,SSH-Bruteforce
2026-08-31 10:03:35.000,57331,22,6,339579.70523160405,8,4,2216,5428,277.0,1357.0,0.02251017914796012,3.533780086021997e-05,1,1,1,SSH-Bruteforce
2026-08-31 10:03:35.500,5517,22,6,200355.17767770356,11,5,8338,7055,758.0,1411.0,0.07682856104668923,7.985818078003168e-05,1,0,0,SSH-Bruteforce
2026-08-31 10:03:36.000,59511,22,6,56472.7735982155,16,11,12496,12782,781.0,1162.0,0.44761392764889146,0.00047810649760740836,1,0,1,SSH-Bruteforce
2026-08-31 10:03:36.500,51109,22,6,1533108.2645374595,10,7,4430,6405,443.0,915.0,0.007067341720448071,1.1088584148372609e-05,1,1,0,SSH-Bruteforce
2026-08-31 10:03:37.000,35252,22,6,31058.431806089415,12,13,3036,5200,253.0,400.0,0.2651775868391864,0.0008049343942423094,1,1,1,SSH-Bruteforce
2026-08-31 10:03:37.500,15164,22,6,176661.90945233524,14,10,12390,3970,885.0,397.0,0.09260626724680565,0.00013585271478748994,1,1,0,SSH-Bruteforce
2026-08-31 10:03:38.000,52899,22,6,176958.09153208518,15,10,21555,11930,1437.0,1193.0,0.18922559408387613,0.00014127638799751839,1,1,1,SSH-Bruteforce
2026-08-31 10:03:38.500,32679,22,17,193126.39084102638,10,11,1710,15906,171.0,1446.0,0.09121487706767435,0.00010873708097304504,1,1,0,SSH-Bruteforce
2026-08-31 10:03:39.000,44496,22,6,89734.91936835555,13,7,624,5425,48.0,775.0,0.06740965548200008,0.00022287867575467043,1,1,1,SSH-Bruteforce
2026-08-31 10:03:39.500,50461,22,6,764301.0617979016,15,10,2880,1030,192.0,103.0,0.00511578512105055,3.270962353612884e-05,1,0,0,SSH-Bruteforce
2026-08-31 10:03:40.000,50440,22,6,65337.94356954463,9,8,4230,11672,470.0,1459.0,0.24338078502027485,0.0002601857216290198,1,0,1,SSH-Bruteforce
2026-08-31 10:03:40.500,60735,22,1,503801.1148725333,10,13,5220,2860,522.0,220.0,0.01603807486985006,4.565293589189992e-05,1,0,0,SSH-Bruteforce
2026-08-31 10:03:41.000,7840,22,6,66106.71744528563,10,9,3440,5634,344.0,626.0,0.13726290382119827,0.0002874140591362979,1,1,1,SSH-Bruteforce
2026-08-31 10:03:41.500,12663,22,6,36573.40658065671,12,11,3876,2508,323.0,228.0,0.17455305904238352,0.000628872236524878,1,1,0,SSH-Bruteforce
2026-08-31 10:03:42.000,65331,22,17,1200813.383357463,6,7,3066,8722,511.0,1246.0,0.009816679396879052,1.0825995262930749e-05,1,0,1,SSH-Bruteforce
2026-08-31 10:03:42.500,48216,22,17,105440.00735833899,9,12,9288,7428,1032.0,619.0,0.1585356490122875,0.00019916538820639136,1,0,0,SSH-Bruteforce
2026-08-31 10:03:43.000,47757,22,1,860883.9810390341,15,8,3435,1672,229.0,209.0,0.005932274397505739,2.671672432790914e-05,1,1,1,SSH-Bruteforce
2026-08-31 10:03:43.500,63690,22,6,393323.45832133427,8,7,4408,2527,551.0,361.0,0.017631798595033152,3.81365506741885e-05,1,0,0,SSH-Bruteforce
2026-08-31 10:03:44.000,30516,22,6,40527.22444364124,11,9,4202,11115,382.0,1235.0,0.37794347396084305,0.0004934954285576067,1,0,1,SSH-Bruteforce
2026-08-31 10:03:44.500,51938,22,6,1555551.2648309409,7,9,10451,2907,1493.0,323.0,0.008587309400803251,1.0285742657048362e-05,1,1,0,SSH-Bruteforce
2026-08-31 10:03:45.000,12264,445,6,141819.2407260406,50,9,37700,3645,754.0,405.0,0.2915330796119047,0.0004160225346983282,0,0,0,DoS-DoS attack-HOIC
2026-08-31 10:03:45.500,33722,445,6,981791.4060771102,60,10,43140,1500,719.0,150.0,0.045467906648226745,7.129824071182509e-05,0,0,0,DoS-DoS attack-HOIC
2026-08-31 10:03:46.000,27981,445,6,92448.43851385583,45,7,49365,819,1097.0,117.0,0.5428323160596193,0.0005624756981328752,0,1,0,DoS-DoS attack-HOIC
2026-08-31 10:03:46.500,60637,445,17,961878.7577866014,70,13,35700,3796,510.0,292.0,0.04106130807012978,8.628946145991423e-05,0,1,0,DoS-DoS attack-HOIC
2026-08-31 10:03:47.000,33832,445,6,6658.546538187224,50,6,72850,1650,1457.0,275.0,11.18862794768364,0.008410243826446763,1,1,0,DoS-DoS attack-HOIC
2026-08-31 10:03:47.500,6851,445,6,358495.04510877887,60,7,46800,924,780.0,132.0,0.1331231788271656,0.000186892401756351,1,1,0,DoS-DoS attack-HOIC
2026-08-31 10:03:48.000,33786,445,6,733627.6672151887,50,10,27600,10970,552.0,1097.0,0.05257435307188442,8.178535608797161e-05,1,0,0,DoS-DoS attack-HOIC
2026-08-31 10:03:48.500,9283,445,6,1365113.5311510125,60,12,83100,17604,1385.0,1467.0,0.0737696885286548,5.274286596424319e-05,0,0,0,DoS-DoS attack-HOIC
2026-08-31 10:03:49.000,51163,445,6,1199559.7600774018,60,14,70680,3654,1178.0,261.0,0.061967733891460236,6.168929840945002e-05,1,1,0,DoS-DoS attack-HOIC
2026-08-31 10:03:49.500,64263,445,6,856358.2693298919,30,7,38310,6545,1277.0,935.0,0.052378778375755816,4.320621558138368e-05,1,1,0,DoS-DoS attack-HOIC
2026-08-31 10:03:50.000,15873,445,6,1095483.1739603525,40,12,7360,16836,184.0,1403.0,0.02208705763348842,4.746763915281029e-05,0,1,0,DoS-DoS attack-HOIC
2026-08-31 10:03:50.500,17256,445,6,111084.31699845903,70,6,41860,6000,598.0,1000.0,0.43084389668035206,0.0006841649842813781,0,0,0,DoS-DoS attack-HOIC
2026-08-31 10:03:51.000,41596,445,6,167166.27069951087,50,8,41550,8192,831.0,1024.0,0.2975600268455947,0.0003469599444542739,0,0,0,DoS-DoS attack-HOIC
2026-08-31 10:03:51.500,25197,445,6,170519.29070598754,40,7,49640,6174,1241.0,882.0,0.3273178053089743,0.0002756286388633997,0,0,0,DoS-DoS attack-HOIC
2026-08-31 10:03:52.000,55893,445,1,236647.6652788393,35,11,13965,3201,399.0,291.0,0.07253821827926386,0.00019438180361447852,0,1,0,DoS-DoS attack-HOIC
2026-08-31 10:03:52.500,62376,445,6,249877.45740289817,70,6,22680,8562,324.0,1427.0,0.12502928564850746,0.000304149084862895,0,1,0,DoS-DoS attack-HOIC
2026-08-31 10:03:53.000,64119,445,6,393240.5144174518,90,7,117720,1267,1308.0,181.0,0.3025807251148627,0.00024666837836185196,0,0,0,DoS-DoS attack-HOIC
2026-08-31 10:03:53.500,53374,445,17,87105.12926934543,65,9,52260,3150,804.0,350.0,0.6361278659296927,0.0008495481335281945,1,0,0,DoS-DoS attack-HOIC
2026-08-31 10:03:54.000,6398,445,6,587606.292773439,60,7,76140,10136,1269.0,1448.0,0.146826201590385,0.00011402192390184751,1,1,0,DoS-DoS attack-HOIC
2026-08-31 10:03:54.500,22198,445,1,91700.99370718935,40,4,24920,2484,623.0,621.0,0.2988408182850817,0.00047982031836752277,1,1,0,DoS-DoS attack-HOIC
2026-08-31 10:03:55.000,24591,445,6,185755.42843636157,55,7,77275,9625,1405.0,1375.0,0.4678194372397203,0.00033377221068886834,0,1,0,DoS-DoS attack-HOIC
2026-08-31 10:03:55.500,36316,445,1,349929.9609455716,65,8,49790,10736,766.0,1342.0,0.17296604107495844,0.00020861317447827324,0,1,0,DoS-DoS attack-HOIC
2026-08-31 10:03:56.000,10301,445,6,795898.6178905575,55,12,78265,4620,1423.0,385.0,0.10414014817444495,8.418157601119397e-05,1,1,0,DoS-DoS attack-HOIC
2026-08-31 10:03:56.500,32624,445,17,672517.159096781,80,8,96320,11600,1204.0,1450.0,0.16047174193047567,0.00013085167985435377,0,1,0,DoS-DoS attack-HOIC
2026-08-31 10:03:57.000,52655,445,6,518571.9264139446,70,10,69930,3410,999.0,341.0,0.1414268614688618,0.00015426982434563598,1,1,0,DoS-DoS attack-HOIC
2026-08-31 10:03:57.500,10909,445,1,84667.08593202988,50,5,64250,2730,1285.0,546.0,0.7910984446288853,0.0006496030823318706,0,1,0,DoS-DoS attack-HOIC
2026-08-31 10:03:58.000,60683,445,6,395981.62960307585,35,8,50820,2288,1452.0,286.0,0.13411733279620378,0.00010859089610297436,1,0,0,DoS-DoS attack-HOIC
2026-08-31 10:03:58.500,55330,445,6,45754.28353977253,60,10,83580,5270,1393.0,527.0,1.9418946840976536,0.0015299113999643866,1,0,0,DoS-DoS attack-HOIC
2026-08-31 10:03:59.000,1802,445,1,236895.9392421717,80,10,62560,13020,782.0,1302.0,0.319043037371554,0.0003799136459835917,0,0,0,DoS-DoS attack-HOIC
2026-08-31 10:03:59.500,30189,445,6,266805.3979617064,65,7,94640,6769,1456.0,967.0,0.3800860131426351,0.0002698596075917298,0,1,0,DoS-DoS attack-HOIC
2026-08-31 10:04:00.000,59953,445,6,20312.798281795018,55,7,38115,9884,693.0,1412.0,2.362992991437734,0.0030522628694168523,0,0,0,DoS-DoS attack-HOIC
2026-08-31 10:04:00.500,2516,445,6,160094.43618852377,50,8,19850,6640,397.0,830.0,0.1654648383105038,0.00036228616919627106,0,0,0,DoS-DoS attack-HOIC
2026-08-31 10:04:01.000,31486,445,6,1557815.2791345702,55,8,80135,7608,1457.0,951.0,0.05632439299746859,4.0441251824538945e-05,1,0,0,DoS-DoS attack-HOIC
2026-08-31 10:04:01.500,50836,445,6,1535579.410874071,40,7,25040,9905,626.0,1415.0,0.02275688235483784,3.0607339266772885e-05,1,1,0,DoS-DoS attack-HOIC
2026-08-31 10:04:02.000,51524,445,6,217184.7116966015,40,14,3160,2702,79.0,193.0,0.02699085011066099,0.000248636285563919,1,1,0,DoS-DoS attack-HOIC
2026-08-31 10:04:02.500,14639,445,17,22028.25002621114,65,7,61165,8743,941.0,1249.0,3.1735612173042225,0.003268530177460434,1,1,0,DoS-DoS attack-HOIC
2026-08-31 10:04:03.000,59667,445,6,98673.90743107394,45,8,14040,7864,312.0,983.0,0.2219837094530854,0.0005371227447504349,1,0,0,DoS-DoS attack-HOIC
2026-08-31 10:04:03.500,45924,445,6,248969.33703682147,40,7,59320,4438,1483.0,634.0,0.2560877606707432,0.00018877826706491623,1,0,0,DoS-DoS attack-HOIC
2026-08-31 10:04:04.000,43970,445,1,1476141.96595691,45,11,50985,16368,1133.0,1488.0,0.045627725214005474,3.7936730538866966e-05,0,1,0,DoS-DoS attack-HOIC
2026-08-31 10:04:04.500,8875,445,17,76109.0612731614,45,3,39060,303,868.0,101.0,0.5171920312293852,0.0006306739196456187,1,0,0,DoS-DoS attack-HOIC
2026-08-31 10:04:05.000,17312,445,6,720937.0327744139,80,6,52960,8784,662.0,1464.0,0.08564409538171647,0.00011928919737671056,0,0,0,DoS-DoS attack-HOIC
2026-08-31 10:04:05.500,8180,445,6,57527.308985964635,40,9,19880,8181,497.0,909.0,0.4877857228115501,0.0008517693744972009,1,1,0,DoS-DoS attack-HOIC
2026-08-31 10:04:06.000,3068,445,6,1988482.8678910106,45,6,12285,6732,273.0,1122.0,0.009563572463701353,2.5647693939568226e-05,0,1,0,DoS-DoS attack-HOIC
2026-08-31 10:04:06.500,8392,445,6,240323.2311918166,100,6,23600,7230,236.0,1205.0,0.12828555876943018,0.00044107263151344796,0,1,0,DoS-DoS attack-HOIC
2026-08-31 10:04:07.000,20924,445,6,746348.9077781293,75,9,43125,4545,575.0,505.0,0.06387093154765142,0.00011254789700026681,1,1,0,DoS-DoS attack-HOIC
2026-08-31 10:04:07.500,31624,445,6,209724.52675827942,35,9,34195,10908,977.0,1212.0,0.21505829906977658,0.00020979901911336653,0,1,0,DoS-DoS attack-HOIC
2026-08-31 10:04:08.000,47427,445,6,493985.85273103835,55,7,10230,8659,186.0,1237.0,0.03823793717003907,0.0001255096672424386,1,1,0,DoS-DoS attack-HOIC
2026-08-31 10:04:08.500,26658,445,6,106606.56375783344,80,4,49040,1400,613.0,350.0,0.4731415985778104,0.0007879439785990498,0,1,0,DoS-DoS attack-HOIC
2026-08-31 10:04:09.000,10192,445,1,78924.34912818772,55,8,62150,9000,1130.0,1125.0,0.901496189413286,0.0007982327467749406,1,1,0,DoS-DoS attack-HOIC
2026-08-31 10:04:09.500,21985,445,1,1390827.969287196,65,9,4485,11070,69.0,1230.0,0.011183985613878724,5.320571748164742e-05,0,1,0,DoS-DoS attack-HOIC
2026-08-31 10:04:10.000,50903,8080,6,1248371.883853331,2,2,1314,6840,657.0,3420.0,0.006531707502708129,3.2041734131509093e-06,1,1,0,Bot-C2
2026-08-31 10:04:10.500,60895,8080,6,1092263.0042230312,2,2,1716,1562,858.0,781.0,0.0030011086957044348,3.662121654306815e-06,1,1,0,Bot-C2
2026-08-31 10:04:11.000,45120,8080,6,490992.89432611753,2,2,9180,938,4590.0,469.0,0.020607222867615578,8.1467574096128e-06,1,1,0,Bot-C2
2026-08-31 10:04:11.500,47111,8080,17,825828.9084967904,2,2,4450,5470,2225.0,2735.0,0.012012173342220113,4.8436182831532715e-06,0,0,0,Bot-C2
2026-08-31 10:04:12.000,24876,8080,6,35767.838470214956,2,2,8288,1038,4144.0,519.0,0.26073703070311877,0.00011183230997345861,1,1,0,Bot-C2
2026-08-31 10:04:12.500,34134,8080,6,203825.5291967881,2,2,11814,588,5907.0,294.0,0.06084615626052289,1.9624627079671952e-05,1,0,0,Bot-C2
2026-08-31 10:04:13.000,33198,8080,17,188222.49106318524,2,2,5607,8071,2803.5,4035.5,0.07266931768893484,2.1251445442004632e-05,1,0,0,Bot-C2
2026-08-31 10:04:13.500,35239,8080,17,504813.7477576721,2,2,1930,1635,965.0,817.5,0.007062010525198102,7.92371447427557e-06,1,0,0,Bot-C2
2026-08-31 10:04:14.000,27979,8080,17,219995.49294118883,2,2,17108,2464,8554.0,1232.0,0.08896545896211841,1.8182190672822074e-05,0,1,0,Bot-C2
2026-08-31 10:04:14.500,7605,8080,6,80381.87163035273,2,2,9196,6110,4598.0,3055.0,0.190416068793255,4.976246407768326e-05,0,1,0,Bot-C2
2026-08-31 10:04:15.000,45643,8080,6,453748.59855645394,2,2,2212,2070,1106.0,1035.0,0.009436943747106423,8.815454224293716e-06,0,1,0,Bot-C2
2026-08-31 10:04:15.500,7341,8080,6,842037.4140282519,2,2,5590,2468,2795.0,1234.0,0.009569646034319734,4.750382742278348e-06,1,1,0,Bot-C2
2026-08-31 10:04:16.000,65070,8080,17,240733.33535811168,2,2,15336,5935,7668.0,2967.5,0.08835917953562167,1.6615895733274726e-05,0,0,0,Bot-C2
2026-08-31 10:04:16.500,50702,8080,17,70936.59592899565,2,2,11580,11484,5790.0,5742.0,0.3251354212124116,5.6388383838434205e-05,0,0,0,Bot-C2
2026-08-31 10:04:17.000,43880,8080,6,109506.17157946793,2,2,1666,2652,833.0,1326.0,0.03943156753016554,3.652762161201069e-05,0,1,0,Bot-C2
2026-08-31 10:04:17.500,46738,8080,6,135565.43794021753,2,2,6870,1210,3435.0,605.0,0.05960221220225133,2.950604564467888e-05,0,1,0,Bot-C2
2026-08-31 10:04:18.000,27673,8080,6,178264.3294584084,2,2,6853,4165,3426.5,2082.5,0.061807093055891396,2.24385888748925e-05,0,1,0,Bot-C2
2026-08-31 10:04:18.500,63283,8080,17,514722.8148503714,2,2,3755,9801,1877.5,4900.5,0.02633650502489836,7.771172919710345e-06,0,1,0,Bot-C2
2026-08-31 10:04:19.000,24156,8080,1,459328.6205970264,2,2,22984,17612,11492.0,8806.0,0.08838116803248684,8.708362206373715e-06,1,0,0,Bot-C2
2026-08-31 10:04:19.500,17813,8080,6,595495.1573057113,2,2,3276,10840,1638.0,5420.0,0.023704642811253254,6.717099124752976e-06,1,1,0,Bot-C2
2026-08-31 10:04:20.000,15591,8080,6,225102.05747250505,2,2,1800,15680,900.0,7840.0,0.07765366605482292,1.776971763268259e-05,0,0,0,Bot-C2
2026-08-31 10:04:20.500,15892,8080,6,868628.9712209756,2,2,12636,4332,6318.0,2166.0,0.01953423217735167,4.6049580804695116e-06,1,1,0,Bot-C2
2026-08-31 10:04:21.000,25394,8080,1,114133.1131411435,2,2,6264,14993,3132.0,7496.5,0.18624743874155003,3.504679658306441e-05,1,1,0,Bot-C2
2026-08-31 10:04:21.500,43557,8080,17,316534.9990034905,2,2,8680,4284,4340.0,2142.0,0.04095597655994901,1.263683324898149e-05,1,1,0,Bot-C2
2026-08-31 10:04:22.000,31507,8080,17,807071.2848531732,2,2,1989,18642,994.5,9321.0,0.025562797719284085,4.956191695852666e-06,1,1,0,Bot-C2
2026-08-31 10:04:22.500,62968,8080,6,99322.21514339052,2,2,7810,13752,3905.0,6876.0,0.21709141269856128,4.027296404759508e-05,1,1,0,Bot-C2
2026-08-31 10:04:23.000,53916,8080,6,58190.01164852889,2,2,6399,8680,3199.5,4340.0,0.25913381988109424,6.874031961830208e-05,0,1,0,Bot-C2
2026-08-31 10:04:23.500,13490,8080,6,1075722.187944322,2,2,12924,931,6462.0,465.5,0.012879719462092494,3.718432179600864e-06,0,0,0,Bot-C2
2026-08-31 10:04:24.000,29827,8080,6,209982.10401133297,2,2,4844,1836,2422.0,918.0,0.031812234814645686,1.904924240397945e-05,1,0,0,Bot-C2
2026-08-31 10:04:24.500,19254,8080,17,575801.0763540458,2,2,759,15829,379.5,7914.5,0.02880856024922115,6.946843561422993e-06,0,1,0,Bot-C2
2026-08-31 10:04:25.000,18886,8080,17,12837.70737638887,2,2,5247,9792,2623.5,4896.0,1.1714708512475556,0.0003115821135042371,0,0,0,Bot-C2
2026-08-31 10:04:25.500,44379,8080,1,585667.122938266,2,2,816,3918,408.0,1959.0,0.008083089889302477,6.829818241911684e-06,0,1,0,Bot-C2
2026-08-31 10:04:26.000,32283,8080,1,189972.74431331453,2,2,23888,5410,11944.0,2705.0,0.1542221233070032,2.105565203181148e-05,0,0,0,Bot-C2
2026-08-31 10:04:26.500,34563,8080,6,28677.315502696187,2,2,7188,15840,3594.0,7920.0,0.8030040325707931,0.00013948306975348153,0,1,0,Bot-C2
2026-08-31 10:04:27.000,22933,8080,6,470564.278237165,2,2,3332,11750,1666.0,5875.0,0.03205088166951369,8.500432746191139e-06,0,0,0,Bot-C2
2026-08-31 10:04:27.500,31819,8080,17,137747.52906947656,2,2,6688,3702,3344.0,1851.0,0.07542785028111289,2.9038633409475605e-05,0,1,0,Bot-C2
2026-08-31 10:04:28.000,50092,8080,17,244537.97115747514,2,2,5892,7381,2946.0,3690.5,0.05427786914495093,1.635737787838497e-05,1,0,0,Bot-C2
2026-08-31 10:04:28.500,9794,8080,6,42006.56300335847,2,2,13056,2226,6528.0,1113.0,0.3638002946144436,9.522321544678539e-05,1,0,0,Bot-C2
2026-08-31 10:04:29.000,12117,8080,6,79593.5672216736,2,2,3809,10309,1904.5,5154.5,0.177376143462783,5.025531759818189e-05,1,1,0,Bot-C2
2026-08-31 10:04:29.500,47595,8080,6,176894.72370675288,2,2,12552,7480,6276.0,3740.0,0.1132424957573953,2.261231944037446e-05,0,1,0,Bot-C2
2026-08-31 10:04:30.000,1217,8080,1,47023.214644833846,2,2,16250,2810,8125.0,1405.0,0.4053317098779143,8.506436723565882e-05,1,1,0,Bot-C2
2026-08-31 10:04:30.500,35799,8080,6,1208584.3649551244,2,2,10032,10280,5016.0,5140.0,0.016806439491368178,3.3096572452477703e-06,0,1,0,Bot-C2
2026-08-31 10:04:31.000,18593,8080,6,3032.7002961936714,2,2,12978,3288,6489.0,1644.0,5.363536900359067,0.0013189565720789541,1,1,0,Bot-C2
2026-08-31 10:04:31.500,52570,8080,6,330688.82825591275,2,2,9730,11011,4865.0,5505.5,0.06272059479227944,1.2095963510395728e-05,1,0,0,Bot-C2
2026-08-31 10:04:32.000,12214,8080,6,65765.24538653421,2,2,1666,8094,833.0,4047.0,0.1484066537143089,6.082239906324135e-05,0,1,0,Bot-C2
2026-08-31 10:04:32.500,63848,8080,6,183852.84366564467,2,2,7360,7168,3680.0,3584.0,0.07901971875741268,2.1756530494882346e-05,1,1,0,Bot-C2
2026-08-31 10:04:33.000,43776,8080,6,1302247.6861313058,2,2,11106,430,5553.0,215.0,0.008858529850171866,3.07161229201521e-06,0,0,0,Bot-C2
2026-08-31 10:04:33.500,33351,8080,6,88186.37500620277,2,2,22048,1795,11024.0,897.5,0.2703705645641886,4.53584808227469e-05,1,0,0,Bot-C2
2026-08-31 10:04:34.000,43094,8080,6,1688237.5513656626,2,2,540,12456,270.0,6228.0,0.007697968801493718,2.3693348111707352e-06,1,0,0,Bot-C2
2026-08-31 10:04:34.500,21413,8080,6,115206.44010807303,2,2,13190,13923,6595.0,6961.5,0.23534274622332196,3.4720281226470245e-05,0,1,0,Bot-C2
2026-08-31 10:04:35.000,41221,443,6,676557.6782451039,13,13,223600,289900,17200.0,22300.0,0.7589892429044001,3.842983508376709e-05,1,1,1,Data-Exfiltration
2026-08-31 10:04:35.500,3285,443,17,395575.4838216908,9,13,248940,276380,27660.0,21260.0,1.3279892750469664,5.561517560921583e-05,1,0,1,Data-Exfiltration
2026-08-31 10:04:36.000,53912,443,6,1079150.294663645,11,10,63140,241000,5740.0,24100.0,0.28183284710307893,1.9459754682595704e-05,1,0,1,Data-Exfiltration
2026-08-31 10:04:36.500,29393,443,6,403710.6024430614,8,5,6880,81800,860.0,16360.0,0.21966230131474102,3.220128458605811e-05,1,1,1,Data-Exfiltration
2026-08-31 10:04:37.000,27536,443,17,382385.2032951791,9,10,99360,173200,11040.0,17320.0,0.7127890871406749,4.9688115114737386e-05,1,0,1,Data-Exfiltration
2026-08-31 10:04:37.500,7740,443,6,108741.05401548078,9,6,157860,38280,17540.0,6380.0,1.8037345854127864,0.00013794238187616903,0,1,1,Data-Exfiltration
2026-08-31 10:04:38.000,22283,443,6,90898.4644486146,16,7,174400,161140,10900.0,23020.0,3.6913714879393686,0.00025302957686894404,0,0,1,Data-Exfiltration
2026-08-31 10:04:38.500,29957,443,6,1241389.3644023843,11,8,15400,195680,1400.0,24460.0,0.1700352895321569,1.530543159518183e-05,0,0,1,Data-Exfiltration
2026-08-31 10:04:39.000,42713,443,6,198628.0959599893,15,7,401400,143360,26760.0,20480.0,2.7426130092004093,0.00011075975879728506,0,1,1,Data-Exfiltration
2026-08-31 10:04:39.500,5402,443,6,232673.05016637416,18,6,269280,8040,14960.0,1340.0,1.19188706981656,0.00010314903243760795,0,0,1,Data-Exfiltration
2026-08-31 10:04:40.000,41607,443,6,713190.934446603,11,10,203500,169800,18500.0,16980.0,0.52342224496225,2.9445130308618405e-05,0,0,1,Data-Exfiltration
2026-08-31 10:04:40.500,47570,443,6,206867.21426098293,10,11,277600,68420,27760.0,6220.0,1.6726671803427282,0.00010151439450666809,1,1,1,Data-Exfiltration
2026-08-31 10:04:41.000,20859,443,6,1518928.043359221,13,12,322400,279120,24800.0,23260.0,0.3960161263898546,1.645897586073009e-05,0,1,1,Data-Exfiltration
2026-08-31 10:04:41.500,30057,443,6,669567.561186252,17,9,459000,228060,27000.0,25340.0,1.0261249794904879,3.883103290360766e-05,0,0,1,Data-Exfiltration
2026-08-31 10:04:42.000,25024,443,6,454942.2013624884,8,9,125920,41220,15740.0,4580.0,0.36738732853484496,3.736738413959773e-05,1,1,1,Data-Exfiltration
2026-08-31 10:04:42.500,46520,443,6,1063875.5849505416,3,11,7080,128700,2360.0,11700.0,0.12762770564476858,1.315943348819237e-05,1,1,1,Data-Exfiltration
2026-08-31 10:04:43.000,11356,443,6,25439.2735453842,6,14,33840,93240,5640.0,6660.0,4.995425664311221,0.0007861859717203685,0,1,1,Data-Exfiltration
2026-08-31 10:04:43.500,43628,443,6,148571.8074647934,8,12,86400,212880,10800.0,17740.0,2.014379478090254,0.00013461504130514928,1,0,1,Data-Exfiltration
2026-08-31 10:04:44.000,3824,443,17,312778.22441201366,8,8,39040,225120,4880.0,28140.0,0.8445600728380122,5.1154456259116424e-05,1,0,1,Data-Exfiltration
2026-08-31 10:04:44.500,30562,443,6,128724.23406502642,6,10,173520,162000,28920.0,16200.0,2.6065022053612954,0.00012429671937822106,1,0,1,Data-Exfiltration
2026-08-31 10:04:45.000,31143,443,6,681103.7704843597,8,9,121920,145440,15240.0,16160.0,0.39253930396824027,2.4959485964467702e-05,1,0,1,Data-Exfiltration
2026-08-31 10:04:45.500,9357,443,6,1257938.8563121464,16,7,119040,12880,7440.0,1840.0,0.10486996195164554,1.828387753856767e-05,0,0,1,Data-Exfiltration
2026-08-31 10:04:46.000,6434,443,6,275624.3002811302,9,12,115560,173520,12840.0,14460.0,1.048818989090066,7.619066961011273e-05,0,0,1,Data-Exfiltration
2026-08-31 10:04:46.500,18863,443,6,209375.94394579035,10,8,41000,177600,4100.0,22200.0,1.0440549944274273,8.596976166374057e-05,1,0,1,Data-Exfiltration
2026-08-31 10:04:47.000,57068,443,17,1629207.8122504405,10,10,40000,210000,4000.0,21000.0,0.15344880997908922,1.2275904798327138e-05,1,1,1,Data-Exfiltration
2026-08-31 10:04:47.500,64339,443,17,294260.6568900544,17,7,15300,207900,900.0,29700.0,0.7585111864812082,8.156034263238798e-05,1,1,1,Data-Exfiltration
2026-08-31 10:04:48.000,31543,443,6,335740.20519313373,12,6,58560,89040,4880.0,14840.0,0.43962563229714235,5.3612881987456384e-05,0,0,1,Data-Exfiltration
2026-08-31 10:04:48.500,6832,443,17,216662.20404518966,8,12,91360,221280,11420.0,18440.0,1.4429835668078141,9.230959357777726e-05,1,0,1,Data-Exfiltration
2026-08-31 10:04:49.000,7820,443,6,1201470.5925810724,7,7,162820,70560,23260.0,10080.0,0.1942452869334874,1.1652386738661511e-05,0,1,1,Data-Exfiltration
2026-08-31 10:04:49.500,22204,443,6,420771.9535815295,12,11,20160,130240,1680.0,11840.0,0.35743827200517975,5.4661437873132546e-05,0,0,1,Data-Exfiltration
2026-08-31 10:04:50.000,55269,443,6,718109.2170419446,10,9,99200,172080,9920.0,19120.0,0.37776983439049344,2.6458370884028956e-05,1,0,1,Data-Exfiltration
2026-08-31 10:04:50.500,44080,443,1,835142.8752002451,12,14,63840,417760,5320.0,29840.0,0.5766677945719868,3.1132397547490986e-05,1,0,1,Data-Exfiltration
2026-08-31 10:04:51.000,18733,443,6,209160.47719541602,5,10,137800,209400,27560.0,20940.0,1.659969438963441,7.171526954047124e-05,1,1,1,Data-Exfiltration
2026-08-31 10:04:51.500,55152,443,6,284310.6479415647,14,6,25480,175200,1820.0,29200.0,0.7058476404098236,7.03455890382523e-05,1,1,1,Data-Exfiltration
2026-08-31 10:04:52.000,59581,443,6,943491.6819182006,15,15,362700,69900,24180.0,4660.0,0.4585096066940426,3.179678271109866e-05,1,1,1,Data-Exfiltration
2026-08-31 10:04:52.500,18567,443,6,225693.28491566295,6,12,161280,25200,26880.0,2100.0,0.8262540910839297,7.97542558961322e-05,1,0,1,Data-Exfiltration
2026-08-31 10:04:53.000,38442,443,6,789782.1368013675,9,8,213480,95040,23720.0,11880.0,0.3906393746072878,2.1524923403098315e-05,1,1,1,Data-Exfiltration
2026-08-31 10:04:53.500,30099,443,6,1415043.8588425273,14,15,142800,192000,10200.0,12800.0,0.23660044026585333,2.0494064419682636e-05,0,1,1,Data-Exfiltration
2026-08-31 10:04:54.000,38779,443,6,488034.1330162804,11,12,205920,261360,18720.0,21780.0,0.9574740133490564,4.712785119634544e-05,0,0,1,Data-Exfiltration
2026-08-31 10:04:54.500,48992,443,6,676676.0571219642,10,4,272000,92960,27200.0,23240.0,0.5393422689534088,2.0689368054986087e-05,0,0,1,Data-Exfiltration
2026-08-31 10:04:55.000,38489,443,6,817627.4405433673,7,17,91420,175100,13060.0,10300.0,0.32596753335433587,2.9353222274141006e-05,1,0,1,Data-Exfiltration
2026-08-31 10:04:55.500,31526,443,6,932292.9970591489,4,7,44080,85680,11020.0,12240.0,0.13918371199604282,1.1798865844300794e-05,0,0,1,Data-Exfiltration
2026-08-31 10:04:56.000,17748,443,6,251307.49329227055,8,5,132000,80100,16500.0,16020.0,0.8439859759569044,5.172945632927749e-05,0,1,1,Data-Exfiltration
2026-08-31 10:04:56.500,4852,443,6,26312.068296341826,10,8,253000,148160,25300.0,18520.0,15.246235884212531,0.0006840967342602093,1,1,1,Data-Exfiltration
2026-08-31 10:04:57.000,52144,443,17,256978.82107342817,15,14,136200,243320,9080.0,17380.0,1.476853222378154,0.00011284976667623964,0,0,1,Data-Exfiltration
2026-08-31 10:04:57.500,18111,443,6,560055.2078255975,11,8,143660,19360,13060.0,2420.0,0.2910784467660089,3.392522689580523e-05,1,0,1,Data-Exfiltration
2026-08-31 10:04:58.000,13629,443,6,299237.13441188796,12,10,356400,292200,29700.0,29220.0,2.1675117336391576,7.352028698745214e-05,0,0,1,Data-Exfiltration
2026-08-31 10:04:58.500,32361,443,6,691077.7706523328,12,9,134160,133020,11180.0,14780.0,0.38661350623958457,3.038731802916115e-05,1,0,1,Data-Exfiltration
2026-08-31 10:04:59.000,6506,443,6,220791.61462632142,11,12,156860,349440,14260.0,29120.0,2.293112448287295,0.00010417062277425991,1,0,1,Data-Exfiltration
2026-08-31 10:04:59.500,28029,443,6,503578.59384851786,8,6,181760,9960,22720.0,1660.0,0.3807151502032757,2.780102286066065e-05,1,1,1,Data-Exfiltration
2026-08-31 10:05:00.000,23784,8080,6,103155.38839664776,9,8,3456,6904,384.0,863.0,0.10043101150625262,0.00016479992235581995,0,0,0,BENIGN
2026-08-31 10:05:00.500,51976,22,6,691887.6416211573,7,7,7630,4543,1090.0,649.0,0.01759389714101785,2.0234499299617998e-05,1,1,0,BENIGN
2026-08-31 10:05:01.000,6487,22,6,394494.31642658357,14,10,17248,11540,1232.0,1154.0,0.07297443537346318,6.0837378385546624e-05,0,0,0,BENIGN
2026-08-31 10:05:01.500,47652,8080,6,114118.49327172885,11,9,8954,12528,814.0,1392.0,0.1882429340086583,0.00017525643237003844,0,1,0,BENIGN
2026-08-31 10:05:02.000,5936,8080,6,172592.8659983607,13,6,8112,8862,624.0,1477.0,0.09834705450211222,0.0001100856625156199,1,0,0,BENIGN
2026-08-31 10:05:02.500,5672,80,6,690372.3118836989,12,8,15264,6072,1272.0,759.0,0.030905063300518405,2.8969875609784782e-05,0,0,0,BENIGN
2026-08-31 10:05:03.000,34647,22,6,329470.69872314064,9,7,8271,5110,919.0,730.0,0.040613626800355095,4.8562740363626146e-05,0,1,0,BENIGN
2026-08-31 10:05:03.500,60180,53,6,121693.1809890208,7,12,6559,8856,937.0,738.0,0.12667102522469223,0.0001561303586940741,0,1,0,BENIGN
2026-08-31 10:05:04.000,36658,22,6,1709749.7802627042,10,13,8870,11388,887.0,876.0,0.011848517387596248,1.3452260831015584e-05,1,1,0,BENIGN
2026-08-31 10:05:04.500,45626,22,6,627852.4304898707,15,11,11460,1639,764.0,149.0,0.020863182753901432,4.141100477910048e-05,0,1,0,BENIGN
2026-08-31 10:05:05.000,50086,8080,6,1574847.8650852593,11,8,7656,2064,696.0,258.0,0.006172024749458613,1.2064657432069305e-05,0,1,0,BENIGN
2026-08-31 10:05:05.500,50358,22,6,278526.4521548618,13,13,8450,6526,650.0,502.0,0.053768681156128026,9.334840478494448e-05,0,1,0,BENIGN
2026-08-31 10:05:06.000,4136,445,6,322274.0798921673,6,11,8238,9889,1373.0,899.0,0.05624715461293943,5.2750131208692574e-05,0,1,0,BENIGN
2026-08-31 10:05:06.500,23078,22,6,1141171.7525227878,12,8,12756,4432,1063.0,554.0,0.015061711755353108,1.752584565435549e-05,0,1,0,BENIGN
2026-08-31 10:05:07.000,5516,445,17,372272.177271802,7,12,6902,8112,986.0,676.0,0.040330706714713,5.103792644062522e-05,0,0,0,BENIGN
2026-08-31 10:05:07.500,23231,53,17,614267.5205466504,17,11,3723,14520,219.0,1320.0,0.02969878658645041,4.5582745404846325e-05,1,0,0,BENIGN
2026-08-31 10:05:08.000,16138,8080,6,145291.7236831758,14,5,9604,6280,686.0,1256.0,0.10932487822598566,0.0001307713854377819,1,0,0,BENIGN
2026-08-31 10:05:08.500,35309,22,6,295951.38405445684,14,7,6678,4662,477.0,666.0,0.038317104127920554,7.095760023688991e-05,1,1,0,BENIGN
2026-08-31 10:05:09.000,17042,445,17,65880.68904692832,12,13,5208,1417,434.0,109.0,0.10056057541042497,0.00037947386947330175,1,1,0,BENIGN
2026-08-31 10:05:09.500,22410,445,6,115323.33715965667,9,9,5697,4482,633.0,498.0,0.08826487552146774,0.00015608289216882004,0,0,0,BENIGN
2026-08-31 10:05:10.000,18764,445,6,471.9302819514585,11,15,1056,21675,96.0,1445.0,48.16601177687923,0.055092882240062466,0,1,0,BENIGN
2026-08-31 10:05:10.500,60542,443,6,20028.3581105462,10,7,12370,952,1237.0,136.0,0.6651568700648285,0.0008487964863460504,0,0,0,BENIGN
2026-08-31 10:05:11.000,53805,80,6,1892338.986460617,10,14,3650,3682,365.0,263.0,0.0038745700703840813,1.2682717088000267e-05,0,1,0,BENIGN
2026-08-31 10:05:11.500,53804,53,6,138769.30925721454,16,8,5776,6960,361.0,870.0,0.09177821859353301,0.00017294890438479836,1,1,0,BENIGN
2026-08-31 10:05:12.000,62464,22,6,544297.3802898314,10,16,2220,21504,222.0,1344.0,0.0435864673589489,4.7768005030040106e-05,1,1,0,BENIGN
2026-08-31 10:05:12.500,45223,443,6,913485.1765064849,12,13,3288,18148,274.0,1396.0,0.02346617170269228,2.7367712846021043e-05,0,1,0,BENIGN
2026-08-31 10:05:13.000,62059,22,6,399988.23075899825,17,16,11186,10880,658.0,680.0,0.055166623171829236,8.25024274753179e-05,0,0,0,BENIGN
2026-08-31 10:05:13.500,9234,22,6,83112.60055428343,18,3,22482,4404,1249.0,1468.0,0.32348885508888664,0.0002526692686478695,0,0,0,BENIGN
2026-08-31 10:05:14.000,45387,8080,6,651190.6913898306,12,11,3660,5885,305.0,535.0,0.014657764808464343,3.53199152011189e-05,1,0,0,BENIGN
2026-08-31 10:05:14.500,46663,8080,6,458459.7273639555,16,4,16768,4996,1048.0,1249.0,0.04747199961196937,4.3624333405595817e-05,1,1,0,BENIGN
2026-08-31 10:05:15.000,13767,8080,6,656987.9462315672,7,7,6167,7707,881.0,1101.0,0.021117586828447967,2.1309371168968687e-05,1,0,0,BENIGN
2026-08-31 10:05:15.500,61372,443,17,734287.4683334661,15,8,5520,6464,368.0,808.0,0.0163205835815714,3.1322882374511195e-05,0,0,0,BENIGN
2026-08-31 10:05:16.000,56308,22,6,1852715.1877392393,7,10,9996,7990,1428.0,799.0,0.009707914156978543,9.175722265575183e-06,0,0,0,BENIGN
2026-08-31 10:05:16.500,43116,80,6,426145.6467891168,12,6,8664,3162,722.0,527.0,0.027751075457013233,4.223907984324693e-05,0,0,0,BENIGN
2026-08-31 10:05:17.000,45323,53,6,209002.53745108895,9,11,567,6545,63.0,595.0,0.03402829499772976,9.569261810385197e-05,1,0,0,BENIGN
2026-08-31 10:05:17.500,7612,8080,6,522722.36948028783,10,11,13240,11341,1324.0,1031.0,0.0470249628382447,4.017428988255721e-05,1,0,0,BENIGN
2026-08-31 10:05:18.000,4335,8080,6,35447.72006310756,11,8,15598,4224,1418.0,528.0,0.5591897013155995,0.0005360006217836944,1,1,0,BENIGN
2026-08-31 10:05:18.500,23456,22,6,1138445.6046852656,16,11,3760,1056,235.0,96.0,0.004230329477436146,2.371654815007806e-05,0,1,0,BENIGN
2026-08-31 10:05:19.000,61740,22,6,63565.111285228835,13,11,8450,6061,650.0,551.0,0.22828560674744208,0.00037756560967118805,1,1,0,BENIGN
2026-08-31 10:05:19.500,65113,443,6,198631.54680455147,8,8,11168,10488,1396.0,1311.0,0.10902598478085009,8.055115240550432e-05,0,1,0,BENIGN
2026-08-31 10:05:20.000,56422,443,6,845718.3384991585,13,12,8476,1716,652.0,143.0,0.01205129359967122,2.956066915146983e-05,0,0,0,BENIGN
2026-08-31 10:05:20.500,34779,8080,6,454797.0749700628,10,11,6710,6556,671.0,596.0,0.0291690530344364,4.617443944845201e-05,0,0,0,BENIGN
2026-08-31 10:05:21.000,4345,22,6,250137.01101250414,14,5,5040,495,360.0,99.0,0.022127872950005113,7.595837146343219e-05,1,1,0,BENIGN
2026-08-31 10:05:21.500,16836,80,6,320690.87522927223,12,13,17280,10062,1440.0,774.0,0.0852596756287491,7.795669266032944e-05,1,0,0,BENIGN
2026-08-31 10:05:22.000,38407,53,6,963952.4859532233,9,8,2178,10408,242.0,1301.0,0.013056660139657736,1.763572400875429e-05,1,0,0,BENIGN
2026-08-31 10:05:22.500,49304,22,17,207761.04476451935,6,7,6918,2870,1153.0,410.0,0.04711181545425324,6.257188403200778e-05,1,0,0,BENIGN
2026-08-31 10:05:23.000,14170,22,6,1018764.8602969111,8,6,1728,390,216.0,65.0,0.0020789880791156614,1.374213083457e-05,1,1,0,BENIGN
2026-08-31 10:05:23.500,58541,445,6,46131.351079664135,16,11,10656,4752,666.0,432.0,0.3340027906412697,0.0005852852639741875,1,0,0,BENIGN
2026-08-31 10:05:24.000,14678,443,6,749840.0233730234,13,10,923,6450,71.0,645.0,0.009832764016430505,3.067320932834689e-05,0,1,0,BENIGN
2026-08-31 10:05:24.500,53917,53,6,940451.5398126732,12,9,11820,1341,985.0,149.0,0.013994341486730483,2.2329699203809752e-05,1,1,0,BENIGN
2026-08-31 10:05:25.000,36844,1150,6,100335.02446510932,14,12,10724,17460,766.0,1455.0,0.28089891986812404,0.0002591318448967934,1,0,0,Reconnaissance-PortScan
2026-08-31 10:05:25.500,56750,1151,6,281363.5272805919,13,14,12909,11368,993.0,812.0,0.08628339370698443,9.596126498696625e-05,1,0,0,Reconnaissance-PortScan
2026-08-31 10:05:26.000,1750,1152,6,90461.13292735316,15,10,12885,2930,859.0,293.0,0.17482646399036728,0.0002763617831020665,1,0,0,Reconnaissance-PortScan
2026-08-31 10:05:26.500,4784,1153,6,613116.2431452706,12,6,9960,5736,830.0,956.0,0.025600365632500486,2.935821746846386e-05,1,0,0,Reconnaissance-PortScan
2026-08-31 10:05:27.000,23214,1154,6,383233.02075369784,11,11,3102,8855,282.0,805.0,0.031200338572527932,5.740632672038258e-05,1,0,0,Reconnaissance-PortScan
2026-08-31 10:05:27.500,2899,1155,6,504372.09970856167,11,8,1199,9280,109.0,1160.0,0.020776327647479418,3.7670600754089985e-05,1,0,0,Reconnaissance-PortScan
2026-08-31 10:05:28.000,24401,1156,6,109380.93679768639,11,10,11594,5770,1054.0,577.0,0.15874795468729064,0.00019198957892381383,1,0,0,Reconnaissance-PortScan
2026-08-31 10:05:28.500,47761,1157,6,118967.36551684729,14,6,15876,7002,1134.0,1167.0,0.1923048383788673,0.00016811333016773084,1,0,0,Reconnaissance-PortScan
2026-08-31 10:05:29.000,5057,1158,6,21191.4631066632,8,9,1576,5886,197.0,654.0,0.3521229260537705,0.0008022098288547438,1,0,0,Reconnaissance-PortScan
2026-08-31 10:05:29.500,39235,1159,6,194353.80271816012,14,6,8232,3756,588.0,626.0,0.06168132463437026,0.00010290511283678721,1,0,0,Reconnaissance-PortScan
2026-08-31 10:05:30.000,18397,1160,6,410200.20261840674,11,8,4015,5088,365.0,636.0,0.022191602884814393,4.631884596412979e-05,1,0,0,Reconnaissance-PortScan
2026-08-31 10:05:30.500,4768,1161,1,975734.9871303202,9,7,9882,8939,1098.0,1277.0,0.019289049022583996,1.6397895136355344e-05,1,0,0,Reconnaissance-PortScan
2026-08-31 10:05:31.000,61054,1162,6,549697.4686168277,8,12,3992,1824,499.0,152.0,0.010580365258964471,3.638364944623271e-05,1,0,0,Reconnaissance-PortScan
2026-08-31 10:05:31.500,26019,1163,6,285815.62565835076,14,9,6370,12375,455.0,1375.0,0.06558423793719019,8.04714575916444e-05,1,0,0,Reconnaissance-PortScan
2026-08-31 10:05:32.000,18001,1164,6,1530083.2869321739,9,10,5490,6080,610.0,608.0,0.0075616798763434,1.2417624688895816e-05,1,0,0,Reconnaissance-PortScan
2026-08-31 10:05:32.500,64996,1165,6,635136.7952496542,10,12,9250,11928,925.0,994.0,0.033343997951405246,3.463820733454128e-05,1,0,0,Reconnaissance-PortScan
2026-08-31 10:05:33.000,33426,1166,6,1330811.4335561378,13,14,19266,13090,1482.0,935.0,0.024312986185651066,2.0288373934125935e-05,1,0,0,Reconnaissance-PortScan
2026-08-31 10:05:33.500,35566,1167,6,374951.8681013277,15,15,8250,17460,550.0,1164.0,0.0685688009223797,8.001026945435205e-05,1,0,0,Reconnaissance-PortScan
2026-08-31 10:05:34.000,11675,1168,6,149812.73910731715,7,12,2849,9612,407.0,801.0,0.08317717220457395,0.0001268249957376539,1,0,0,Reconnaissance-PortScan
2026-08-31 10:05:34.500,34727,1169,6,27136.59459926547,14,13,13314,12701,951.0,977.0,0.9586685571489315,0.000994966405651399,1,0,0,Reconnaissance-PortScan
2026-08-31 10:05:35.000,14419,1170,6,647468.4487511171,9,6,8298,4152,922.0,692.0,0.019228736201466114,2.3167152049959175e-05,1,0,0,Reconnaissance-PortScan
2026-08-31 10:05:35.500,30832,1171,17,64657.57417544264,11,10,2706,1230,246.0,123.0,0.060874538669070145,0.000324787934972173,1,0,0,Reconnaissance-PortScan
2026-08-31 10:05:36.000,37600,1172,6,180323.64611878846,12,9,17088,6822,1424.0,758.0,0.13259492314681406,0.00011645727252543268,1,0,0,Reconnaissance-PortScan
2026-08-31 10:05:36.500,17739,1173,6,380146.8515320969,18,5,26982,4535,1499.0,907.0,0.0829074339880725,6.050293434418465e-05,1,0,0,Reconnaissance-PortScan
2026-08-31 10:05:37.000,45433,1174,6,415534.4844754279,20,8,12340,7904,617.0,988.0,0.048717978304662034,6.738309585707059e-05,1,0,0,Reconnaissance-PortScan
2026-08-31 10:05:37.500,25330,1175,1,458874.89412362484,11,6,14663,2046,1333.0,341.0,0.03641297489492707,3.704713467076188e-05,1,0,0,Reconnaissance-PortScan
2026-08-31 10:05:38.000,20110,1176,6,90914.03749788478,10,16,12960,20480,1296.0,1280.0,0.3678199859631118,0.00028598443884691706,1,0,0,Reconnaissance-PortScan
2026-08-31 10:05:38.500,15400,1177,6,238806.17500038116,10,9,7080,5463,708.0,607.0,0.05252376744217248,7.956243174689286e-05,1,0,0,Reconnaissance-PortScan
2026-08-31 10:05:39.000,62374,1178,1,480113.7694201848,13,9,1885,5220,145.0,580.0,0.01479857578013739,4.582247250711085e-05,1,0,0,Reconnaissance-PortScan
2026-08-31 10:05:39.500,6913,1179,17,1750269.1032642315,15,11,10575,1441,705.0,131.0,0.006865230025212493,1.4854858576525035e-05,1,0,0,Reconnaissance-PortScan
2026-08-31 10:05:40.000,38846,1180,17,650299.0099882649,12,8,12972,5544,1081.0,693.0,0.028473055802513685,3.0755082957997066e-05,1,0,0,Reconnaissance-PortScan
2026-08-31 10:05:40.500,37660,1181,6,1279408.5204151128,10,10,2990,6530,299.0,653.0,0.007440938408661497,1.5632223547608188e-05,1,0,0,Reconnaissance-PortScan
2026-08-31 10:05:41.000,21608,1182,6,718188.0019041757,9,11,3168,1210,352.0,110.0,0.006095896879830048,2.7847861488488114e-05,1,0,0,Reconnaissance-PortScan
2026-08-31 10:05:41.500,50377,1183,6,447897.3206920344,8,12,5360,17568,670.0,1464.0,0.05119030398320456,4.4653091401957916e-05,1,0,0,Reconnaissance-PortScan
2026-08-31 10:05:42.000,52673,1184,17,106611.07153887137,13,4,15145,2832,1165.0,708.0,0.16862226163592398,0.00015945811024145896,1,0,0,Reconnaissance-PortScan
2026-08-31 10:05:42.500,35634,1185,6,549334.6229838425,15,11,8640,1320,576.0,120.0,0.01813102539526558,4.732998597157681e-05,1,0,0,Reconnaissance-PortScan
2026-08-31 10:05:43.000,11082,1186,6,488258.70248184603,11,10,13673,11630,1243.0,1163.0,0.05182293704313967,4.3009986084888475e-05,1,0,0,Reconnaissance-PortScan
2026-08-31 10:05:43.500,60364,1187,6,461241.3946485956,6,9,4278,5706,713.0,634.0,0.021645932294064838,3.252093193218876e-05,1,0,0,Reconnaissance-PortScan
2026-08-31 10:05:44.000,63753,1188,6,336462.3873466977,10,5,14630,1285,1463.0,257.0,0.04730097805294311,4.45815061761952e-05,1,0,0,Reconnaissance-PortScan
2026-08-31 10:05:44.500,10125,1189,6,376084.1860176812,10,9,3890,8307,389.0,923.0,0.0324315683911853,5.05206033805461e-05,1,0,0,Reconnaissance-PortScan
2026-08-31 10:05:45.000,13521,1190,6,203565.14221109112,14,9,3556,7092,254.0,788.0,0.05230758018696177,0.00011298594518220517,1,0,0,Reconnaissance-PortScan
2026-08-31 10:05:45.500,5682,1191,6,366269.1544645326,8,5,11568,820,1446.0,164.0,0.033822121924988256,3.5493024299713216e-05,1,0,0,Reconnaissance-PortScan
2026-08-31 10:05:46.000,12405,1192,6,110046.54540075027,13,9,15431,2160,1187.0,240.0,0.1598505426439453,0.0001999154077748165,1,0,0,Reconnaissance-PortScan
2026-08-31 10:05:46.500,65224,1193,6,817825.2330108547,11,6,14905,6390,1355.0,1065.0,0.026038570516271873,2.0786837228298747e-05,1,0,0,Reconnaissance-PortScan
2026-08-31 10:05:47.000,41336,1194,6,102760.46954361122,10,6,3670,3678,367.0,613.0,0.07150609599118726,0.00015570189655130594,1,0,0,Reconnaissance-PortScan
2026-08-31 10:05:47.500,41510,1195,6,44397.186367198155,13,9,11518,9747,886.0,1083.0,0.47897179382794036,0.0004955268969769427,1,0,0,Reconnaissance-PortScan
2026-08-31 10:05:48.000,47643,1196,6,286568.66979984095,7,11,959,11242,137.0,1022.0,0.04257618255371826,6.281216998335617e-05,1,0,0,Reconnaissance-PortScan
2026-08-31 10:05:48.500,18178,1197,6,536921.9460689436,9,6,6282,4566,698.0,761.0,0.02020405401422169,2.7937021590461404e-05,1,0,0,Reconnaissance-PortScan
2026-08-31 10:05:49.000,20563,1198,6,287874.8428817034,9,10,3051,9910,339.0,991.0,0.045023038032107034,6.600090445259113e-05,1,0,0,Reconnaissance-PortScan
2026-08-31 10:05:49.500,60869,1199,6,162003.02408773827,15,7,1035,1533,69.0,219.0,0.015851555946577247,0.00013579993412176768,1,0,0,Reconnaissance-PortScan
2026-08-31 10:05:50.000,61082,22,6,408416.3828959275,14,9,15918,13248,1137.0,1472.0,0.07141241443959886,5.6315076874126516e-05,1,1,1,SSH-Bruteforce
2026-08-31 10:05:50.500,63092,22,6,213090.86307366172,20,13,4220,14625,211.0,1125.0,0.08843645254091094,0.00015486351466437046,1,0,0,SSH-Bruteforce
2026-08-31 10:05:51.000,12801,22,6,1350544.9163326034,13,11,13741,3432,1057.0,312.0,0.012715608190585783,1.7770604820011576e-05,1,0,1,SSH-Bruteforce
2026-08-31 10:05:51.500,35420,22,6,1279675.9337628535,11,5,10582,4230,962.0,846.0,0.011574805471514928,1.2503165510683152e-05,1,1,0,SSH-Bruteforce
2026-08-31 10:05:52.000,31397,22,6,348951.0536359083,7,11,861,8822,123.0,802.0,0.027748877382171903,5.158316563865479e-05,1,0,1,SSH-Bruteforce
2026-08-31 10:05:52.500,34178,22,1,198662.16270422863,12,13,12288,13949,1024.0,1073.0,0.13206843035199098,0.00012584177912107993,1,1,0,SSH-Bruteforce
2026-08-31 10:05:53.000,7055,22,6,668052.4243554146,18,7,24354,5166,1353.0,738.0,0.0441881488987053,3.742221282071926e-05,1,1,1,SSH-Bruteforce
2026-08-31 10:05:53.500,29021,22,17,18701.912957678636,9,9,6102,8640,678.0,960.0,0.7882616086107176,0.0009624683865820727,1,0,0,SSH-Bruteforce
2026-08-31 10:05:54.000,7463,22,6,321958.5623343909,11,5,1364,3305,124.0,661.0,0.014501866221547135,4.969583627002659e-05,1,0,1,SSH-Bruteforce
2026-08-31 10:05:54.500,23809,22,6,204980.1438558754,14,11,18438,6369,1317.0,579.0,0.12102147814000931,0.0001219630327528614,1,1,0,SSH-Bruteforce
2026-08-31 10:05:55.000,14416,22,6,1266224.8720822467,13,9,9139,9225,703.0,1025.0,0.014502953152117635,1.7374481014299064e-05,1,1,1,SSH-Bruteforce
2026-08-31 10:05:55.500,54184,22,6,6037.822640070042,10,13,5580,6487,558.0,499.0,1.9985681427492767,0.0038093202356205653,1,0,0,SSH-Bruteforce
2026-08-31 10:05:56.000,29693,22,6,402391.3109115993,19,10,26030,11240,1370.0,1124.0,0.09262128427833168,7.206915063245556e-05,1,1,1,SSH-Bruteforce
2026-08-31 10:05:56.500,29963,22,6,674814.5726709836,10,5,2230,5605,223.0,1121.0,0.011610596921273026,2.222832850275627e-05,1,0,0,SSH-Bruteforce
2026-08-31 10:05:57.000,52642,22,6,331811.65307975945,10,8,10120,2712,1012.0,339.0,0.03867254172814953,5.424764269846412e-05,1,1,1,SSH-Bruteforce
2026-08-31 10:05:57.500,3306,22,17,44635.890432634355,10,7,13770,3752,1377.0,536.0,0.3925540596645902,0.0003808594346705875,1,1,0,SSH-Bruteforce
2026-08-31 10:05:58.000,35648,22,17,1796083.130004628,11,11,4180,15422,380.0,1402.0,0.010913748741596584,1.2248876253194817e-05,1,0,1,SSH-Bruteforce
2026-08-31 10:05:58.500,49462,22,1,364916.40351242473,12,11,3192,14465,266.0,1315.0,0.04838642447849004,6.302813405478116e-05,1,1,0,SSH-Bruteforce
2026-08-31 10:05:59.000,25388,22,6,476200.2620964084,8,14,7008,20580,876.0,1470.0,0.05793360943979358,4.6199050589947036e-05,1,0,1,SSH-Bruteforce
2026-08-31 10:05:59.500,3022,22,6,134992.97670397966,3,12,909,15828,303.0,1319.0,0.12398422797551915,0.00011111689189417382,1,1,0,SSH-Bruteforce
2026-08-31 10:06:00.000,32729,22,17,330338.1414942359,9,17,4401,24548,489.0,1444.0,0.08763444592918371,7.870722975435339e-05,1,0,1,SSH-Bruteforce
2026-08-31 10:06:00.500,39268,22,6,280313.95544308075,11,7,14454,8456,1314.0,1208.0,0.08172978745553287,6.421371340897388e-05,1,1,0,SSH-Bruteforce
2026-08-31 10:06:01.000,10452,22,6,38924.47228394113,15,10,22065,6300,1471.0,630.0,0.728718935116179,0.0006422694651120915,1,0,1,SSH-Bruteforce
2026-08-31 10:06:01.500,38461,22,6,56114.44314044407,9,17,1881,6460,209.0,380.0,0.1486426583194917,0.000463338822240353,1,0,0,SSH-Bruteforce
2026-08-31 10:06:02.000,13360,22,6,908454.0907357625,10,10,6050,4420,605.0,442.0,0.011525073315928417,2.2015421806931074e-05,1,0,1,SSH-Bruteforce
2026-08-31 10:06:02.500,10366,22,17,137099.98438399396,13,8,2223,2616,171.0,327.0,0.03529540883165838,0.00015317288395636,1,0,0,SSH-Bruteforce
2026-08-31 10:06:03.000,54494,22,6,108430.58312969118,12,4,10392,4112,866.0,1028.0,0.13376299914678583,0.0001475598446186275,1,0,1,SSH-Bruteforce
2026-08-31 10:06:03.500,40856,22,6,351509.32302417466,8,4,5160,1012,645.0,253.0,0.017558567001080484,3.413849708570412e-05,1,0,0,SSH-Bruteforce
2026-08-31 10:06:04.000,8470,22,6,732121.74887384,17,7,18853,3997,1109.0,571.0,0.03121065592551524,3.278143291957837e-05,1,1,1,SSH-Bruteforce
2026-08-31 10:06:04.500,51607,22,6,31974.157580488223,13,5,5057,4545,389.0,909.0,0.3003050189149138,0.0005629546282512444,1,0,0,SSH-Bruteforce
2026-08-31 10:06:05.000,39416,22,6,429964.5561570667,7,16,966,12496,138.0,781.0,0.03130955751331562,5.349278137024656e-05,1,1,1,SSH-Bruteforce
2026-08-31 10:06:05.500,8485,22,17,63468.27486498933,9,12,9900,3000,1100.0,250.0,0.2032511522553364,0.00033087396878775697,1,1,0,SSH-Bruteforce
2026-08-31 10:06:06.000,35611,22,6,18571.18363487568,10,10,10480,2100,1048.0,210.0,0.6773935490897577,0.00107693727995192,1,0,1,SSH-Bruteforce
2026-08-31 10:06:06.500,11540,22,6,27092.922238479812,12,6,1368,3462,114.0,577.0,0.17827534275196216,0.0006643801593240826,1,1,0,SSH-Bruteforce
2026-08-31 10:06:07.000,14773,22,6,898378.291640906,9,14,873,18564,97.0,1326.0,0.021635651908152826,2.5601687188738745e-05,1,1,1,SSH-Bruteforce
2026-08-31 10:06:07.500,18538,22,17,62766.012880686714,15,9,16230,7569,1082.0,841.0,0.37917017353720295,0.00038237254358976724,1,0,0,SSH-Bruteforce
2026-08-31 10:06:08.000,64145,22,6,23101.223915072285,9,5,3969,3575,441.0,715.0,0.32656278405285377,0.0006060284963865262,1,0,1,SSH-Bruteforce
2026-08-31 10:06:08.500,56739,22,17,288037.65409826505,10,11,2270,4719,227.0,429.0,0.024264188727814856,7.290713453771812e-05,1,0,0,SSH-Bruteforce
2026-08-31 10:06:09.000,36450,22,6,928928.7130413296,12,12,2136,5520,178.0,460.0,0.00824175191533449,2.5836212900735085e-05,1,0,1,SSH-Bruteforce
2026-08-31 10:06:09.500,37292,22,6,152182.48160799046,8,7,1456,707,182.0,101.0,0.014213199686344833,9.856587854608067e-05,1,1,0,SSH-Bruteforce
2026-08-31 10:06:10.000,25974,22,6,273842.1661806102,14,12,2058,1500,147.0,125.0,0.01299288582724482,9.494520278481319e-05,1,0,1,SSH-Bruteforce
2026-08-31 10:06:10.500,35912,22,6,20370.65126492444,6,8,1560,8416,260.0,1052.0,0.48972415586339685,0.0006872632500087766,1,0,0,SSH-Bruteforce
2026-08-31 10:06:11.000,37812,22,6,298081.4869375693,12,5,2208,2650,184.0,530.0,0.01629755691890551,5.70313848541362e-05,1,0,1,SSH-Bruteforce
2026-08-31 10:06:11.500,11237,22,6,430916.75724352116,13,6,11661,5610,897.0,935.0,0.04007966668569112,4.409204255851608e-05,1,1,0,SSH-Bruteforce
2026-08-31 10:06:12.000,62073,22,6,423040.8628003247,9,7,4941,693,549.0,99.0,0.01331786239885311,3.7821405463551605e-05,1,1,1,SSH-Bruteforce
2026-08-31 10:06:12.500,63517,22,17,202053.0351400584,8,7,3320,3612,415.0,516.0,0.034307824155434354,7.42379345544598e-05,1,0,0,SSH-Bruteforce
2026-08-31 10:06:13.000,37051,22,6,189557.55486777096,16,10,704,3590,44.0,359.0,0.022652750520910783,0.00013716150757887293,1,0,1,SSH-Bruteforce
2026-08-31 10:06:13.500,29035,22,6,56373.65377439869,10,9,4270,6561,427.0,729.0,0.19212875648300554,0.00033703687315825916,1,0,0,SSH-Bruteforce
2026-08-31 10:06:14.000,43873,22,17,228483.14940464514,12,8,7284,728,607.0,91.0,0.03506604325319429,8.753380742185295e-05,1,1,1,SSH-Bruteforce
2026-08-31 10:06:14.500,35615,22,6,52399.59709907937,6,9,6138,6264,1023.0,696.0,0.23668120909752344,0.00028626174298200703,1,1,0,SSH-Bruteforce
2026-08-31 10:06:15.000,18882,445,6,727492.0922196849,70,11,41930,9537,599.0,867.0,0.07074578617378396,0.00011134141644308976,0,1,0,DoS-DoS attack-HOIC
2026-08-31 10:06:15.500,19650,445,17,1694747.5271097955,70,10,85820,11400,1226.0,1140.0,0.057365476830182664,4.720467132703778e-05,1,1,0,DoS-DoS attack-HOIC
2026-08-31 10:06:16.000,14491,445,6,1754521.4356009522,60,8,24240,1264,404.0,158.0,0.014536157542651567,3.8757007249855184e-05,1,0,0,DoS-DoS attack-HOIC
2026-08-31 10:06:16.500,53419,445,6,1001503.6506594137,60,10,27360,7600,456.0,760.0,0.034907511297270294,6.98949024830927e-05,1,1,0,DoS-DoS attack-HOIC
2026-08-31 10:06:17.000,40782,445,6,459136.5343776415,45,17,2700,21165,60.0,1245.0,0.051978002647576654,0.00013503608481666676,1,0,0,DoS-DoS attack-HOIC
2026-08-31 10:06:17.500,55336,445,6,603431.3166710485,25,6,16325,3270,653.0,545.0,0.03247262688946121,5.137287234362325e-05,1,0,0,DoS-DoS attack-HOIC
2026-08-31 10:06:18.000,4158,445,6,167880.30681875034,55,8,30580,5408,556.0,676.0,0.2143670134979577,0.00037526736274234006,1,0,0,DoS-DoS attack-HOIC
2026-08-31 10:06:18.500,52246,445,6,498168.3304268637,55,13,69300,2496,1260.0,192.0,0.14411996028940502,0.00013650004595909998,0,0,0,DoS-DoS attack-HOIC
2026-08-31 10:06:19.000,17767,445,17,304081.01447615033,50,9,35000,9729,700.0,1081.0,0.1470956681579909,0.00019402724007515178,0,1,0,DoS-DoS attack-HOIC
2026-08-31 10:06:19.500,16458,445,6,328906.75587788963,75,9,105600,10143,1408.0,1127.0,0.35190216658076756,0.00025539153117496935,1,0,0,DoS-DoS attack-HOIC
2026-08-31 10:06:20.000,65071,445,6,708947.3372868666,50,9,18450,4824,369.0,536.0,0.03282895467065444,8.322197841233189e-05,1,1,0,DoS-DoS attack-HOIC
2026-08-31 10:06:20.500,48799,445,6,165586.00276558296,25,16,10425,1888,417.0,118.0,0.07436014997407532,0.000247605469742312,0,1,0,DoS-DoS attack-HOIC
2026-08-31 10:06:21.000,11257,445,6,191391.8522444995,25,8,31850,784,1274.0,98.0,0.17050882582298013,0.00017242113293369936,0,1,0,DoS-DoS attack-HOIC
2026-08-31 10:06:21.500,50170,445,6,1292751.2083135063,60,8,11940,11792,199.0,1474.0,0.01835774729677232,5.260099511969146e-05,0,0,0,DoS-DoS attack-HOIC
2026-08-31 10:06:22.000,2165,445,6,28933.370772913335,70,8,48790,6416,697.0,802.0,1.9080390050025566,0.002695849045216089,1,0,0,DoS-DoS attack-HOIC
2026-08-31 10:06:22.500,19043,445,6,332410.3924119852,65,7,25545,6055,393.0,865.0,0.09506321318584025,0.00021659972624621832,0,0,0,DoS-DoS attack-HOIC
2026-08-31 10:06:23.000,63867,445,6,1219780.063549285,35,8,45605,8992,1303.0,1124.0,0.044759708435213666,3.5252256767115186e-05,1,0,0,DoS-DoS attack-HOIC
2026-08-31 10:06:23.500,21408,445,17,471269.88129455,50,9,5900,10278,118.0,1142.0,0.03432852520771478,0.00012519365726636,1,0,0,DoS-DoS attack-HOIC
2026-08-31 10:06:24.000,43927,445,6,395277.5611979838,55,14,10505,3962,191.0,283.0,0.0365995984082382,0.00017456088271019808,0,1,0,DoS-DoS attack-HOIC
2026-08-31 10:06:24.500,46758,445,17,143670.51812518892,50,11,27800,2717,556.0,247.0,0.21240961887034177,0.00042458258515223803,0,0,0,DoS-DoS attack-HOIC
2026-08-31 10:06:25.000,37153,445,6,210245.33103929675,75,10,31650,8950,422.0,895.0,0.19310773655411362,0.00040428959623398173,0,1,0,DoS-DoS attack-HOIC
2026-08-31 10:06:25.500,23991,445,17,955435.0962767268,35,11,25620,12650,732.0,1150.0,0.040055049420662216,4.8145604216108225e-05,1,1,0,DoS-DoS attack-HOIC
2026-08-31 10:06:26.000,41627,445,6,409602.5778827216,40,8,15640,5112,391.0,639.0,0.05066374363843756,0.0001171867624636181,1,1,0,DoS-DoS attack-HOIC
2026-08-31 10:06:26.500,12196,445,6,361537.4850039316,35,6,44240,4104,1264.0,684.0,0.13371780798369245,0.00011340456162773851,0,1,0,DoS-DoS attack-HOIC
2026-08-31 10:06:27.000,17414,445,6,52446.8198529216,75,12,74250,936,990.0,78.0,1.4335664239797759,0.0016588231703540618,1,0,0,DoS-DoS attack-HOIC
2026-08-31 10:06:27.500,4291,445,6,8078.998311470881,65,12,11180,14868,172.0,1239.0,3.2241620759809293,0.009530884515146328,0,0,0,DoS-DoS attack-HOIC
2026-08-31 10:06:28.000,40356,445,6,1657764.7978903975,70,13,47110,6721,673.0,517.0,0.03247203708763654,5.0067416140770796e-05,1,0,0,DoS-DoS attack-HOIC
2026-08-31 10:06:28.500,27191,445,6,236593.27852463405,70,8,14560,472,208.0,59.0,0.0635351946306434,0.0003296796953958346,0,1,0,DoS-DoS attack-HOIC
2026-08-31 10:06:29.000,22336,445,6,462177.91135539464,85,8,76925,2080,905.0,260.0,0.1709406660448106,0.00020122121311521278,1,1,0,DoS-DoS attack-HOIC
2026-08-31 10:06:29.500,28864,445,6,41535.976914922234,55,11,23650,3454,430.0,314.0,0.6525427353975916,0.0015889839335980313,0,1,0,DoS-DoS attack-HOIC
2026-08-31 10:06:30.000,20014,445,6,574607.046447228,70,6,101360,7302,1448.0,1217.0,0.1891066262935021,0.00013226430213235686,1,1,0,DoS-DoS attack-HOIC
2026-08-31 10:06:30.500,45203,445,6,1348308.223448412,35,13,30065,6526,859.0,502.0,0.02713845348072123,3.5600168540750974e-05,1,1,0,DoS-DoS attack-HOIC
2026-08-31 10:06:31.000,6930,445,6,428616.318795958,70,11,9590,16192,137.0,1472.0,0.060151699477573914,0.00018898020547992737,1,1,0,DoS-DoS attack-HOIC
2026-08-31 10:06:31.500,49820,445,6,67403.42991521535,55,16,79200,4640,1440.0,290.0,1.2438536153578705,0.0010533588584256774,0,0,0,DoS-DoS attack-HOIC
2026-08-31 10:06:32.000,53449,445,6,435803.9330275023,75,9,77325,2259,1031.0,251.0,0.18261423077416683,0.00019274722789794447,1,1,0,DoS-DoS attack-HOIC
2026-08-31 10:06:32.500,41403,445,17,726959.5411285781,75,15,61425,10890,819.0,726.0,0.09947596242665561,0.0001238033135365969,1,0,0,DoS-DoS attack-HOIC
2026-08-31 10:06:33.000,18321,445,6,260788.72281344022,40,17,15160,7786,379.0,458.0,0.08798693345162381,0.00021856773323204729,0,0,0,DoS-DoS attack-HOIC
2026-08-31 10:06:33.500,3035,445,6,1059456.1744885317,45,6,7695,7410,171.0,1235.0,0.014257314614405443,4.8137904358469225e-05,0,0,0,DoS-DoS attack-HOIC
2026-08-31 10:06:34.000,51618,445,6,523033.09821404587,20,13,4980,7098,249.0,546.0,0.02309222884939928,6.309352144644612e-05,1,1,0,DoS-DoS attack-HOIC
2026-08-31 10:06:34.500,55722,445,17,1147551.1708146918,70,12,74760,8220,1068.0,685.0,0.07231050092551962,7.145650850678005e-05,1,0,0,DoS-DoS attack-HOIC
2026-08-31 10:06:35.000,45038,445,6,488425.66937016504,40,10,16640,9080,416.0,908.0,0.05265898500510811,0.00010236972201615106,0,0,0,DoS-DoS attack-HOIC
2026-08-31 10:06:35.500,47582,445,6,70371.79592046166,55,4,37345,5064,679.0,1266.0,0.6026420022292271,0.0008384040682761773,1,1,0,DoS-DoS attack-HOIC
2026-08-31 10:06:36.000,12762,445,6,185308.49283724732,50,16,55850,8496,1117.0,531.0,0.347237188168388,0.00035616284491831054,1,0,0,DoS-DoS attack-HOIC
2026-08-31 10:06:36.500,29821,445,6,112694.87873151104,60,4,75660,1336,1261.0,334.0,0.6832253680010271,0.0005679051321116127,0,0,0,DoS-DoS attack-HOIC
2026-08-31 10:06:37.000,48522,445,6,1197495.484629651,35,7,16800,3472,480.0,496.0,0.016928665084779193,3.507320114249833e-05,0,1,0,DoS-DoS attack-HOIC
2026-08-31 10:06:37.500,63280,445,17,714392.3467867238,50,6,62150,7254,1243.0,1209.0,0.09715109674844895,7.838829776256615e-05,0,1,0,DoS-DoS attack-HOIC
2026-08-31 10:06:38.000,12144,445,17,564121.0266796739,60,15,16800,19515,280.0,1301.0,0.06437448398812669,0.0001329501941101336,1,1,0,DoS-DoS attack-HOIC
2026-08-31 10:06:38.500,52005,445,6,179028.17713168633,35,10,48405,7790,1383.0,779.0,0.3138891368788624,0.0002513570808710527,1,0,0,DoS-DoS attack-HOIC
2026-08-31 10:06:39.000,9791,445,6,101697.89661595642,60,18,32400,8334,540.0,463.0,0.4005392574619231,0.0007669775146567978,0,0,0,DoS-DoS attack-HOIC
2026-08-31 10:06:39.500,23876,445,17,706218.7429746098,55,9,3410,9423,62.0,1047.0,0.01817142369482491,9.062347981522591e-05,0,1,0,DoS-DoS attack-HOIC
2026-08-31 10:06:40.000,14727,8080,6,321377.1943366735,2,2,5368,1655,2684.0,827.5,0.02185282628494231,1.2446433880075359e-05,1,0,0,Bot-C2
2026-08-31 10:06:40.500,1953,8080,6,127955.7729516671,2,2,12672,2730,6336.0,1365.0,0.12036971559395074,3.1260801348902934e-05,0,1,0,Bot-C2
2026-08-31 10:06:41.000,12975,8080,6,479366.8871942185,2,2,14916,5446,7458.0,2723.0,0.042476859673716755,8.344339391752629e-06,1,1,0,Bot-C2
2026-08-31 10:06:41.500,53875,8080,6,20584.908823963648,2,2,2568,2820,1284.0,1410.0,0.26174514754761413,0.00019431711028033714,0,1,0,Bot-C2
2026-08-31 10:06:42.000,27063,8080,6,197388.9012717029,2,2,2844,8890,1422.0,4445.0,0.0594460981534816,2.026456388392078e-05,0,0,0,Bot-C2
2026-08-31 10:06:42.500,61643,8080,6,316079.66021174844,2,2,1380,10437,690.0,5218.5,0.03738614497278844,1.2655037648400929e-05,1,0,0,Bot-C2
2026-08-31 10:06:43.000,49637,8080,17,80059.9248605534,2,2,8624,9099,4312.0,4549.5,0.22137167913479575,4.996257498951549e-05,1,0,0,Bot-C2
2026-08-31 10:06:43.500,30528,8080,17,2088465.7736152671,2,2,13410,1782,6705.0,891.0,0.007274239392311869,1.915281567222714e-06,0,1,0,Bot-C2
2026-08-31 10:06:44.000,18462,8080,6,117290.20464797123,2,2,3444,5616,1722.0,2808.0,0.07724430208319419,3.41034446283418e-05,1,1,0,Bot-C2
2026-08-31 10:06:44.500,49539,8080,6,69834.0231666427,2,2,17556,740,8778.0,370.0,0.26199263865581557,5.727867045382937e-05,1,0,0,Bot-C2
2026-08-31 10:06:45.000,6768,8080,1,113785.96725190914,2,2,14182,16688,7091.0,8344.0,0.27129883185810033,3.5153719709504416e-05,0,0,0,Bot-C2
2026-08-31 10:06:45.500,19308,8080,17,732801.124599146,2,2,6456,2814,3228.0,1407.0,0.012650089756541161,5.458506906813877e-06,1,0,0,Bot-C2
2026-08-31 10:06:46.000,43441,8080,6,277132.5162598201,2,2,10032,12438,5016.0,6219.0,0.08108034489219913,1.4433528240711905e-05,1,1,0,Bot-C2
2026-08-31 10:06:46.500,40772,8080,17,416682.94433376373,2,2,1260,1072,630.0,536.0,0.005596581361573797,9.599624976970493e-06,1,1,0,Bot-C2
2026-08-31 10:06:47.000,8093,8080,17,10616.49495164864,2,2,7308,2590,3654.0,1295.0,0.9323227709103472,0.00037677218464754383,1,0,0,Bot-C2
2026-08-31 10:06:47.500,43383,8080,6,17519.016840967022,2,2,1712,4080,856.0,2040.0,0.3306121598758717,0.00022832331483140314,0,0,0,Bot-C2
2026-08-31 10:06:48.000,20823,8080,6,295137.87489697017,2,2,8721,4992,4360.5,2496.0,0.046463030217055154,1.355298773924164e-05,0,0,0,Bot-C2
2026-08-31 10:06:48.500,34234,8080,6,848193.4907777897,2,2,7150,13200,3575.0,6600.0,0.023992167142309968,4.7159050893975365e-06,0,0,0,Bot-C2
2026-08-31 10:06:49.000,29250,8080,6,1082451.2585782784,2,2,17964,8140,8982.0,4070.0,0.024115635501264568,3.6953165034116714e-06,0,1,0,Bot-C2
2026-08-31 10:06:49.500,56394,8080,6,45349.02818547664,2,2,5139,2634,2569.5,1317.0,0.17140389351883223,8.820475673167747e-05,0,0,0,Bot-C2
2026-08-31 10:06:50.000,5676,8080,17,386488.3160965252,2,2,11484,5103,5742.0,2551.5,0.04291720941811922,1.0349601354824674e-05,1,0,0,Bot-C2
2026-08-31 10:06:50.500,25347,8080,6,1222245.361819772,2,2,5200,8435,2600.0,4217.5,0.01115569788670551,3.272665313298279e-06,1,1,0,Bot-C2
2026-08-31 10:06:51.000,58009,8080,6,245489.23925152415,2,2,6305,5160,3152.5,2580.0,0.046702658065537965,1.6293993219550968e-05,1,1,0,Bot-C2
2026-08-31 10:06:51.500,43162,8080,6,884703.0824508788,2,2,10710,692,5355.0,346.0,0.012887939723556001,4.52129090459779e-06,0,0,0,Bot-C2
2026-08-31 10:06:52.000,8621,8080,6,71759.49691092814,2,2,8964,5600,4482.0,2800.0,0.20295571492158154,5.57417508710743e-05,0,1,0,Bot-C2
2026-08-31 10:06:52.500,48117,8080,17,1369727.786285637,2,2,25560,4053,12780.0,2026.5,0.02161962420291329,2.9202882791899897e-06,0,0,0,Bot-C2
2026-08-31 10:06:53.000,38250,8080,6,696001.9498419614,2,2,5400,2970,2700.0,1485.0,0.012025828378469754,5.747110336186263e-06,1,0,0,Bot-C2
2026-08-31 10:06:53.500,7615,8080,6,1417950.8158214001,2,2,10360,7714,5180.0,3857.0,0.012746563419692738,2.820972318179205e-06,1,0,0,Bot-C2
2026-08-31 10:06:54.000,50138,8080,6,564459.3109592983,2,2,882,1720,441.0,860.0,0.0046097211073226965,7.086427528551417e-06,1,1,0,Bot-C2
2026-08-31 10:06:54.500,26857,8080,6,225809.9703576552,2,2,7392,17498,3696.0,8749.0,0.11022542520808559,1.7714009675867512e-05,0,0,0,Bot-C2
2026-08-31 10:06:55.000,12850,8080,6,1391773.6546059393,2,2,12300,2825,6150.0,1412.5,0.010867428011614253,2.8740305485260835e-06,0,0,0,Bot-C2
2026-08-31 10:06:55.500,27441,8080,6,161182.8451439742,2,2,15090,3568,7545.0,1784.0,0.11575673566362754,2.4816536748553445e-05,1,1,0,Bot-C2
2026-08-31 10:06:56.000,19717,8080,6,201862.7026807612,2,2,5904,14220,2952.0,7110.0,0.09969152167168042,1.981544855330559e-05,1,1,0,Bot-C2
2026-08-31 10:06:56.500,15162,8080,6,603335.5841550835,2,2,3926,6475,1963.0,3237.5,0.017239162205877945,6.6298095205760775e-06,1,1,0,Bot-C2
2026-08-31 10:06:57.000,56444,8080,6,724758.3134383784,2,2,8964,3753,4482.0,1876.5,0.017546538982758122,5.519081224426554e-06,0,0,0,Bot-C2
2026-08-31 10:06:57.500,51086,8080,6,1325387.2410029024,2,2,1880,4064,940.0,2032.0,0.004484727041326736,3.0179858959130125e-06,0,0,0,Bot-C2
2026-08-31 10:06:58.000,54516,8080,17,114582.32657080353,2,2,5502,8208,2751.0,4104.0,0.11965196037742958,3.490939763017639e-05,1,0,0,Bot-C2
2026-08-31 10:06:58.500,63005,8080,6,799738.9274953654,2,2,6475,10290,3237.5,5145.0,0.02096309110811356,5.001632235756293e-06,1,0,0,Bot-C2
2026-08-31 10:06:59.000,54185,8080,6,670748.5617017292,2,2,9800,12096,4900.0,6048.0,0.03264412516088309,5.9634865109395486e-06,0,0,0,Bot-C2
2026-08-31 10:06:59.500,56804,8080,6,32960.16770357838,2,2,6678,450,3339.0,225.0,0.2162610355002388,0.00012135860578015646,1,1,0,Bot-C2
2026-08-31 10:07:00.000,3193,8080,6,244877.2121701424,2,2,1376,6426,688.0,3213.0,0.03186086582144078,1.6334717160441313e-05,1,1,0,Bot-C2
2026-08-31 10:07:00.500,19580,8080,6,166176.1874013243,2,2,6336,6606,3168.0,3303.0,0.07788119466217848,2.4070837478651977e-05,0,0,0,Bot-C2
2026-08-31 10:07:01.000,23076,8080,6,181555.24985529282,2,2,17836,9992,8918.0,4996.0,0.15327565587140737,2.2031860841081987e-05,1,0,0,Bot-C2
2026-08-31 10:07:01.500,7337,8080,1,2035711.0373393192,2,2,2421,13156,1210.5,6578.0,0.00765187185912332,1.9649154160938102e-06,1,0,0,Bot-C2
2026-08-31 10:07:02.000,9339,8080,6,514698.0999199005,2,2,16214,528,8107.0,264.0,0.032527806110572745,7.771546078263707e-06,1,0,0,Bot-C2
2026-08-31 10:07:02.500,9060,8080,6,632350.2451526385,2,2,7960,335,3980.0,167.5,0.013117730345572258,6.325608364350697e-06,0,0,0,Bot-C2
2026-08-31 10:07:03.000,32802,8080,6,1877886.6361137321,2,2,2485,9482,1242.5,4741.0,0.006372589148779429,2.1300540315131376e-06,1,0,0,Bot-C2
2026-08-31 10:07:03.500,28758,8080,1,236766.35051643706,2,2,8811,7250,4405.5,3625.0,0.06783480830062737,1.6894292584677756e-05,1,0,0,Bot-C2
2026-08-31 10:07:04.000,24197,8080,6,809340.6719431021,2,2,11400,4400,5700.0,2200.0,0.019522063511118768,4.942294559776903e-06,0,0,0,Bot-C2
2026-08-31 10:07:04.500,31427,8080,6,285049.86938955606,2,2,1313,4869,656.5,2434.5,0.02168743319553904,1.4032632284399248e-05,1,1,0,Bot-C2
2026-08-31 10:07:05.000,1809,443,6,1018320.0535417038,16,13,88640,161460,5540.0,12420.0,0.24560058414611347,2.8478276450369013e-05,1,1,1,Data-Exfiltration
2026-08-31 10:07:05.500,7163,443,6,99626.57002461488,11,5,25740,81700,2340.0,16340.0,1.078427170208413,0.0001605997275068374,0,0,1,Data-Exfiltration
2026-08-31 10:07:06.000,7368,443,6,1475247.3209791938,11,7,170060,98000,15460.0,14000.0,0.18170512576851075,1.2201343967146136e-05,1,0,1,Data-Exfiltration
2026-08-31 10:07:06.500,19824,443,17,123443.93254175555,11,10,131560,256200,11960.0,25620.0,3.14118314269862,0.0001701177171360404,1,0,1,Data-Exfiltration
2026-08-31 10:07:07.000,26396,443,6,197426.1916458344,12,11,235920,328240,19660.0,29840.0,2.8575742421424954,0.0001164992334963085,1,1,1,Data-Exfiltration
2026-08-31 10:07:07.500,62540,443,6,705687.604450796,14,18,192920,15120,13780.0,840.0,0.2948046680782495,4.534584396512202e-05,0,1,1,Data-Exfiltration
2026-08-31 10:07:08.000,21562,443,6,250235.65884951848,10,10,295800,250000,29580.0,25000.0,2.181143976392311,7.992466018293556e-05,1,0,1,Data-Exfiltration
2026-08-31 10:07:08.500,64942,443,6,468516.40553577745,14,8,304360,13120,21740.0,1640.0,0.6776283524803485,4.695673350941057e-05,0,0,1,Data-Exfiltration
2026-08-31 10:07:09.000,15997,443,6,294009.4969066809,10,5,218400,81400,21840.0,16280.0,1.0196949525237955,5.101876013294508e-05,0,0,1,Data-Exfiltration
2026-08-31 10:07:09.500,6643,443,6,678115.2938586439,16,14,383360,412720,23960.0,29480.0,1.1739596602494662,4.4240264555677803e-05,0,0,1,Data-Exfiltration
2026-08-31 10:07:10.000,35728,443,6,129599.95220950263,12,8,93600,200480,7800.0,25060.0,2.269136639046892,0.0001543210445488909,0,0,1,Data-Exfiltration
2026-08-31 10:07:10.500,60524,443,6,30118.154329465262,10,9,190400,14580,19040.0,1620.0,6.80586192930836,0.0006308487494236455,0,1,1,Data-Exfiltration
2026-08-31 10:07:11.000,37599,443,6,178287.0441360368,5,8,38900,185600,7780.0,23200.0,1.259205350985065,7.291612277419084e-05,0,0,1,Data-Exfiltration
2026-08-31 10:07:11.500,40943,443,6,321520.5269135781,12,10,322560,153800,26880.0,15380.0,1.4815850314690033,6.84248692004326e-05,0,0,1,Data-Exfiltration
2026-08-31 10:07:12.000,43285,443,6,91973.46982224508,11,9,113300,123660,10300.0,13740.0,2.576395132555105,0.00021745401186319248,1,1,1,Data-Exfiltration
2026-08-31 10:07:12.500,46147,443,6,219095.3659796779,10,13,66200,180960,6620.0,13920.0,1.1280932341199963,0.00010497711759491793,1,0,1,Data-Exfiltration
2026-08-31 10:07:13.000,28740,443,6,255398.66066122806,10,10,250400,184000,25040.0,18400.0,1.7008703133302585,7.83089462859235e-05,0,1,1,Data-Exfiltration
2026-08-31 10:07:13.500,4260,443,6,29552.305768193455,9,8,266760,191840,29640.0,23980.0,15.51824766033652,0.0005752512215999146,1,1,1,Data-Exfiltration
2026-08-31 10:07:14.000,16872,443,17,437703.0674777809,15,9,278100,98820,18540.0,10980.0,0.8611317306121512,5.483169249361039e-05,1,1,1,Data-Exfiltration
2026-08-31 10:07:14.500,3376,443,17,1078565.0325194625,13,10,131820,15200,10140.0,1520.0,0.13631074211186606,2.132462976855475e-05,1,0,1,Data-Exfiltration
2026-08-31 10:07:15.000,2956,443,6,82285.76022456812,9,7,228420,120680,25380.0,17240.0,4.242532353165811,0.00019444433586551983,0,1,1,Data-Exfiltration
2026-08-31 10:07:15.500,11937,443,6,455412.86288214114,9,9,234900,111240,26100.0,12360.0,0.760057583358112,3.9524575317634525e-05,1,1,1,Data-Exfiltration
2026-08-31 10:07:16.000,9580,443,6,546423.2786109861,15,5,103500,87600,6900.0,17520.0,0.3497288777342741,3.660166171996589e-05,0,1,1,Data-Exfiltration
2026-08-31 10:07:16.500,22324,443,6,271790.3650679673,11,10,274340,111200,24940.0,11120.0,1.418519747340572,7.726543210601238e-05,0,0,1,Data-Exfiltration
2026-08-31 10:07:17.000,6522,443,6,603819.0690047157,11,7,113740,115360,10340.0,16480.0,0.37941829226068485,2.9810254302454505e-05,1,1,1,Data-Exfiltration
2026-08-31 10:07:17.500,11606,443,6,264436.70781082584,15,4,357300,84800,23820.0,21200.0,1.6718556347311406,7.185084157405942e-05,0,1,1,Data-Exfiltration
2026-08-31 10:07:18.000,51122,443,6,351232.516592031,10,9,97600,165240,9760.0,18360.0,0.7483361806669357,5.409521926902975e-05,0,0,1,Data-Exfiltration
2026-08-31 10:07:18.500,65410,443,6,3690.1057206735068,13,13,69940,291460,5380.0,22420.0,97.93757316922145,0.007045868573325285,0,0,1,Data-Exfiltration
2026-08-31 10:07:19.000,47657,443,6,588373.5941515056,11,5,242880,99800,22080.0,19960.0,0.5824190674096364,2.7193606509146093e-05,1,1,1,Data-Exfiltration
2026-08-31 10:07:19.500,10593,443,6,541383.2676009014,11,12,183040,46560,16640.0,3880.0,0.4240988108354621,4.248376589379629e-05,1,1,1,Data-Exfiltration
2026-08-31 10:07:20.000,51615,443,6,19578.81378130868,10,14,142600,42560,14260.0,3040.0,9.45716129555281,0.0012258148147184457,1,1,1,Data-Exfiltration
2026-08-31 10:07:20.500,61548,443,6,229630.85135505066,15,8,436500,140000,29100.0,17500.0,2.510551158840245,0.00010016075742120666,0,0,1,Data-Exfiltration
2026-08-31 10:07:21.000,57906,443,6,1932375.1100352616,10,11,172600,140800,17260.0,12800.0,0.1621838318920695,1.0867455232078683e-05,1,0,1,Data-Exfiltration
2026-08-31 10:07:21.500,5881,443,6,272998.9589780929,13,7,364780,67340,28060.0,9620.0,1.5828631786791807,7.32603526186791e-05,1,0,1,Data-Exfiltration
2026-08-31 10:07:22.000,1364,443,6,348522.78985845385,10,6,175000,32040,17500.0,5340.0,0.5940501052403058,4.590804522722611e-05,1,0,1,Data-Exfiltration
2026-08-31 10:07:22.500,44973,443,6,1203584.9445762415,19,12,411920,219120,21680.0,18260.0,0.524300343601368,2.5756387315609803e-05,0,0,1,Data-Exfiltration
2026-08-31 10:07:23.000,17790,443,6,631617.0830807772,11,9,84920,213300,7720.0,23700.0,0.4721531573222811,3.166475469936833e-05,0,1,1,Data-Exfiltration
2026-08-31 10:07:23.500,63467,443,6,436220.8191713995,9,9,8820,127800,980.0,14200.0,0.3131900037608876,4.1263505106836316e-05,1,1,1,Data-Exfiltration
2026-08-31 10:07:24.000,27156,443,6,799260.5623483891,9,9,22680,255600,2520.0,28400.0,0.34817181418144216,2.2520815923767282e-05,0,0,1,Data-Exfiltration
2026-08-31 10:07:24.500,9515,443,6,998898.5809830008,13,9,151840,239580,11680.0,26620.0,0.39185159279222426,2.20242579363061e-05,1,1,1,Data-Exfiltration
2026-08-31 10:07:25.000,1162,443,6,305219.92544632417,9,6,164160,88080,18240.0,14680.0,0.8264204888422155,4.9144891106221184e-05,1,0,1,Data-Exfiltration
2026-08-31 10:07:25.500,1382,443,17,322281.7235449181,14,11,392560,199760,28040.0,18160.0,1.8378950983209144,7.75718825263757e-05,0,1,1,Data-Exfiltration
2026-08-31 10:07:26.000,55107,443,17,243921.65568190228,12,9,180960,192060,15080.0,21340.0,1.5292615120289361,8.6093216858634e-05,0,1,1,Data-Exfiltration
2026-08-31 10:07:26.500,10738,443,6,1701191.1419677434,14,10,12040,32000,860.0,3200.0,0.025887743542328045,1.4107762148407653e-05,0,0,1,Data-Exfiltration
2026-08-31 10:07:27.000,20864,443,6,597285.6590439909,9,10,195480,156200,21720.0,15620.0,0.5887969929782131,3.181057457514231e-05,0,0,1,Data-Exfiltration
2026-08-31 10:07:27.500,35419,443,6,43445.54640734276,11,5,277200,128200,25200.0,25640.0,9.331221113107484,0.00036827710362535707,0,1,1,Data-Exfiltration
2026-08-31 10:07:28.000,31678,443,6,993739.838116295,10,11,188000,161260,18800.0,14660.0,0.35146019772995385,2.1132291565965274e-05,0,1,1,Data-Exfiltration
2026-08-31 10:07:28.500,26903,443,17,327501.92844142206,13,8,81120,214560,6240.0,26820.0,0.9028343784053712,6.412175982992693e-05,1,1,1,Data-Exfiltration
2026-08-31 10:07:29.000,17020,443,6,35615.852056629985,8,9,187200,53280,23400.0,5920.0,6.752049608419055,0.00047731554949735503,1,1,1,Data-Exfiltration
2026-08-31 10:07:29.500,56802,443,6,398939.78583499824,8,5,147200,136700,18400.0,27340.0,0.7116362169761249,3.258637133036148e-05,0,0,1,Data-Exfiltration
2026-08-31 10:07:30.000,38796,443,6,269924.9572296216,10,13,14410,1066,1441.0,82.0,0.057334453835854185,8.520886780981172e-05,0,1,0,BENIGN
2026-08-31 10:07:30.500,59502,53,6,1050841.141219809,11,5,13893,4545,1263.0,909.0,0.01754594417422774,1.5225897970910287e-05,1,0,0,BENIGN
2026-08-31 10:07:31.000,65377,445,6,114074.6568877711,10,6,9750,5730,975.0,955.0,0.13570060538400325,0.00014025902365271653,1,1,0,BENIGN
2026-08-31 10:07:31.500,27786,53,6,875686.8602620721,11,8,451,5016,41.0,627.0,0.006243099272154691,2.1697253735309885e-05,0,0,0,BENIGN
2026-08-31 10:07:32.000,14307,8080,6,407870.6631177119,13,13,15392,12376,1184.0,952.0,0.06808040516340182,6.374569771854102e-05,0,0,0,BENIGN
2026-08-31 10:07:32.500,64946,8080,17,28079.029470381956,18,12,3384,14556,188.0,1213.0,0.6389109713544118,0.0010684129955759395,1,0,0,BENIGN
2026-08-31 10:07:33.000,40444,443,17,1785020.5113559822,11,12,10857,7596,987.0,633.0,0.010337696335981535,1.2885006000518902e-05,1,1,0,BENIGN
2026-08-31 10:07:33.500,56592,443,6,359350.7073255474,5,8,955,8584,191.0,1073.0,0.02654509871631576,3.6176358456033635e-05,1,1,0,BENIGN
2026-08-31 10:07:34.000,20578,80,6,171863.0390775437,7,10,2415,8310,345.0,831.0,0.06240434276585143,9.891597454727034e-05,1,0,0,BENIGN
2026-08-31 10:07:34.500,21243,53,6,316879.8660887132,11,5,10131,1255,921.0,251.0,0.03593159811691247,5.049232126037234e-05,1,1,0,BENIGN
2026-08-31 10:07:35.000,58193,53,6,975463.5990236143,7,10,3598,13230,514.0,1323.0,0.017251284432008938,1.7427610847643925e-05,0,0,0,BENIGN
2026-08-31 10:07:35.500,35943,8080,6,181852.02687856587,9,10,12843,14450,1427.0,1445.0,0.15008356226199465,0.0001044805511661561,1,0,0,BENIGN
2026-08-31 10:07:36.000,10453,80,6,107015.34770501977,9,13,7614,18876,846.0,1452.0,0.2475345879409976,0.0002055779892299716,0,0,0,BENIGN
2026-08-31 10:07:36.500,47864,445,6,69097.5522387576,8,14,9072,13454,1134.0,961.0,0.3260028650349915,0.00031839043908238535,1,0,0,BENIGN
2026-08-31 10:07:37.000,45719,53,6,176810.8039088484,10,11,720,4125,72.0,375.0,0.02740217165815122,0.0001187710226669093,0,0,0,BENIGN
2026-08-31 10:07:37.500,40697,80,6,757173.166988026,9,3,10980,3204,1220.0,1068.0,0.018732834994979398,1.5848422161573096e-05,1,1,0,BENIGN
2026-08-31 10:07:38.000,20242,80,6,318975.80193027464,11,6,15323,5766,1393.0,961.0,0.06611473306664412,5.329557883887097e-05,0,0,0,BENIGN
2026-08-31 10:07:38.500,13476,8080,17,129049.72825242003,19,11,15523,1342,817.0,122.0,0.1306860558877378,0.00023246852514865899,1,1,0,BENIGN
2026-08-31 10:07:39.000,59366,80,6,90871.8616517926,11,9,15950,9621,1450.0,1069.0,0.2813962378714138,0.00022009013168934637,0,1,0,BENIGN
2026-08-31 10:07:39.500,50004,443,6,202279.8664248152,9,5,10998,955,1222.0,191.0,0.05909139753091473,6.92110403608137e-05,1,1,0,BENIGN
2026-08-31 10:07:40.000,19975,443,17,1406075.5292789033,9,12,7506,14928,834.0,1244.0,0.015955046178312754,1.4935186312943204e-05,0,0,0,BENIGN
2026-08-31 10:07:40.500,2331,22,6,210055.95987820398,13,8,16770,9840,1290.0,1230.0,0.12668052843710018,9.997335953322451e-05,0,1,0,BENIGN
2026-08-31 10:07:41.000,15876,8080,17,2216621.0588711575,14,4,18410,468,1315.0,117.0,0.008516566205289369,8.120467830024823e-06,0,1,0,BENIGN
2026-08-31 10:07:41.500,26256,445,6,332017.98269678734,13,8,5278,3608,406.0,451.0,0.02676361059589784,6.324958614830684e-05,0,1,0,BENIGN
2026-08-31 10:07:42.000,36452,22,6,98715.92316682497,11,10,3311,4200,301.0,420.0,0.07608701573449216,0.00021273163765468447,1,1,0,BENIGN
2026-08-31 10:07:42.500,44195,443,6,1108846.7346008841,15,11,10275,10857,685.0,987.0,0.019057638301487743,2.344778515231314e-05,1,0,0,BENIGN
2026-08-31 10:07:43.000,27509,22,6,308422.2272317241,9,9,5193,7461,577.0,829.0,0.04102817139078145,5.836155247621828e-05,0,1,0,BENIGN
2026-08-31 10:07:43.500,53906,8080,6,618370.8497195262,8,13,8848,4576,1106.0,352.0,0.02170865590748921,3.396020366934396e-05,1,1,0,BENIGN
2026-08-31 10:07:44.000,11262,8080,6,2058650.5250561608,10,11,550,9933,55.0,903.0,0.005092170755725088,1.0200857184987774e-05,0,0,0,BENIGN
2026-08-31 10:07:44.500,39999,80,6,25738.945354293115,10,11,1440,4774,144.0,434.0,0.24142403319370265,0.0008158842447807782,1,1,0,BENIGN
2026-08-31 10:07:45.000,53338,53,6,50847.26612342599,8,10,6640,5820,830.0,582.0,0.2450475895263333,0.0003540013331841091,1,1,0,BENIGN
2026-08-31 10:07:45.500,2164,80,17,637299.1136049364,10,10,12660,430,1266.0,43.0,0.020539805752670687,3.1382438124783325e-05,0,1,0,BENIGN
2026-08-31 10:07:46.000,64353,8080,1,165521.00581501072,6,9,4554,1332,759.0,148.0,0.03556044123017653,9.062293891482295e-05,1,1,0,BENIGN
2026-08-31 10:07:46.500,25866,443,6,101855.175627672,12,6,13464,5742,1122.0,957.0,0.18856184656066213,0.00017672150568009572,0,1,0,BENIGN
2026-08-31 10:07:47.000,27445,445,6,20078.75341000006,10,10,10480,9250,1048.0,925.0,0.9826307234963764,0.0009960777734377864,1,0,0,BENIGN
2026-08-31 10:07:47.500,2732,443,6,11044.442509364311,11,6,957,792,87.0,132.0,0.1583601885684555,0.0015392356807682923,1,1,0,BENIGN
2026-08-31 10:07:48.000,4654,80,6,744685.6389096142,7,7,4893,8134,699.0,1162.0,0.017493287528546276,1.8799879127937962e-05,1,1,0,BENIGN
2026-08-31 10:07:48.500,20619,445,17,72185.49460335216,7,9,9380,2079,1340.0,231.0,0.15874380388162398,0.00022165117916973418,0,0,0,BENIGN
2026-08-31 10:07:49.000,11509,8080,6,315293.3847693525,12,7,17700,2604,1475.0,372.0,0.06439716460974616,6.02613341009248e-05,1,1,0,BENIGN
2026-08-31 10:07:49.500,29332,443,6,465571.25678205315,8,15,9928,19125,1241.0,1275.0,0.06240290734480734,4.940167517745393e-05,0,1,0,BENIGN
2026-08-31 10:07:50.000,45813,8080,6,279615.7563870309,8,11,6720,13970,840.0,1270.0,0.0739943995524413,6.795039108247388e-05,0,1,0,BENIGN
2026-08-31 10:07:50.500,56714,445,6,13740.407330152611,8,10,1224,6660,153.0,666.0,0.5737821161211974,0.0013100048313269348,1,0,0,BENIGN
2026-08-31 10:07:51.000,27110,445,6,765085.8359617665,11,11,3685,11275,335.0,1025.0,0.019553361592426682,2.8754943518274533e-05,0,1,0,BENIGN
2026-08-31 10:07:51.500,17883,443,17,5284.43945082271,14,8,6678,4896,477.0,612.0,2.1902039158185564,0.004163166247451896,1,1,0,BENIGN
2026-08-31 10:07:52.000,8708,8080,6,717511.0418121384,10,13,3050,5135,305.0,395.0,0.011407489951951087,3.205525582099878e-05,0,1,0,BENIGN
2026-08-31 10:07:52.500,26576,22,6,1118888.118831853,8,10,1608,13160,201.0,1316.0,0.01319881742536168,1.6087399353772362e-05,1,1,0,BENIGN
2026-08-31 10:07:53.000,2231,8080,6,283556.844461547,11,6,5973,3780,543.0,630.0,0.034395219830352736,5.995270553839809e-05,0,1,0,BENIGN
2026-08-31 10:07:53.500,47123,445,17,383442.5816125082,18,7,19782,1645,1099.0,235.0,0.055880596018661445,6.519880993450021e-05,0,0,0,BENIGN
2026-08-31 10:07:54.000,2984,8080,17,324071.0306721102,21,10,13146,3010,626.0,301.0,0.04985326817393883,9.565804118544836e-05,0,1,0,BENIGN
2026-08-31 10:07:54.500,1581,80,6,246499.90806133594,14,8,6958,2888,497.0,361.0,0.03994321976440905,8.924952618494812e-05,0,0,0,BENIGN
2026-08-31 10:07:55.000,30713,1450,6,1092065.7427566515,9,12,9405,5508,1045.0,459.0,0.013655771274556456,1.922961153126035e-05,1,0,0,Reconnaissance-PortScan
2026-08-31 10:07:55.500,49675,1451,6,1121844.5618418788,12,5,17208,1855,1434.0,371.0,0.016992550169813058,1.5153614482863242e-05,1,0,0,Reconnaissance-PortScan
2026-08-31 10:07:56.000,14917,1452,6,204598.30423318633,11,9,3421,12231,311.0,1359.0,0.07650112281182925,9.775252084312451e-05,1,0,0,Reconnaissance-PortScan
2026-08-31 10:07:56.500,33296,1453,17,477346.5701841266,6,5,7452,6495,1242.0,1299.0,0.029217765185425033,2.3044053706150094e-05,1,0,0,Reconnaissance-PortScan
2026-08-31 10:07:57.000,1906,1454,6,1308015.1834527408,16,10,8304,7200,519.0,720.0,0.011853073416897102,1.9877445100575635e-05,1,0,0,Reconnaissance-PortScan
2026-08-31 10:07:57.500,60562,1455,6,1635854.8756225146,7,10,6972,460,996.0,46.0,0.004543190298055238,1.0392119895982113e-05,1,0,0,Reconnaissance-PortScan
2026-08-31 10:07:58.000,38553,1456,6,355613.8669689523,10,8,1980,4584,198.0,573.0,0.0184582228352431,5.06166988169372e-05,1,0,0,Reconnaissance-PortScan
2026-08-31 10:07:58.500,61035,1457,6,301493.1224978737,7,10,5558,1110,794.0,111.0,0.022116590735252545,5.638602916906018e-05,1,0,0,Reconnaissance-PortScan
2026-08-31 10:07:59.000,39659,1458,6,163346.1295940963,7,8,1701,5256,243.0,657.0,0.04259054081576192,9.182954035308737e-05,1,0,0,Reconnaissance-PortScan
2026-08-31 10:07:59.500,57139,1459,6,1595531.520471371,14,13,11676,2314,834.0,178.0,0.008768237932259228,1.6922260483988503e-05,1,0,0,Reconnaissance-PortScan
2026-08-31 10:08:00.000,30559,1460,6,77050.3514805673,10,12,13410,17388,1341.0,1449.0,0.39971264769337705,0.0002855275748183095,1,0,0,Reconnaissance-PortScan
2026-08-31 10:08:00.500,13893,1461,6,433547.4393463496,3,8,3618,4648,1206.0,581.0,0.019065964297406104,2.5372079273102728e-05,1,0,0,Reconnaissance-PortScan
2026-08-31 10:08:01.000,8190,1462,6,166026.19653102622,8,10,4408,3630,551.0,363.0,0.048414046502678,0.00010841662565914457,1,0,0,Reconnaissance-PortScan
2026-08-31 10:08:01.500,14006,1463,6,163563.8200826161,15,12,2325,11856,155.0,988.0,0.0867001026997913,0.00016507318051578625,1,0,0,Reconnaissance-PortScan
2026-08-31 10:08:02.000,41721,1464,6,259570.54025217248,12,10,5172,6400,431.0,640.0,0.04458133033244837,8.4755380860168e-05,1,0,0,Reconnaissance-PortScan
2026-08-31 10:08:02.500,39139,1465,6,3359782.0807618857,12,9,16872,1008,1406.0,112.0,0.005321773725244763,6.2504053819988825e-06,1,0,0,Reconnaissance-PortScan
2026-08-31 10:08:03.000,8293,1466,6,28267.348993116768,12,5,17232,4395,1436.0,879.0,0.7650876634245185,0.0006014005769740053,1,0,0,Reconnaissance-PortScan
2026-08-31 10:08:03.500,59978,1467,6,432017.3596409552,7,11,5089,15972,727.0,1452.0,0.04875035581212768,4.166499238489617e-05,1,0,0,Reconnaissance-PortScan
2026-08-31 10:08:04.000,29088,1468,6,43090.67425308698,15,11,14535,14311,969.0,1301.0,0.6694255890238069,0.0006033788155938078,1,0,0,Reconnaissance-PortScan
2026-08-31 10:08:04.500,58301,1469,6,83925.87362282147,12,10,9180,10270,765.0,1027.0,0.23175213027980388,0.0002621360856635314,1,0,0,Reconnaissance-PortScan
2026-08-31 10:08:05.000,14551,1470,6,289519.1692672631,10,12,4080,16620,408.0,1385.0,0.07149785643442587,7.598805997861687e-05,1,0,0,Reconnaissance-PortScan
2026-08-31 10:08:05.500,3478,1471,17,357144.686309625,9,9,11502,12636,1278.0,1404.0,0.06758605384484934,5.039974186789659e-05,1,0,0,Reconnaissance-PortScan
2026-08-31 10:08:06.000,21902,1472,6,149737.271132877,13,10,7904,13680,608.0,1368.0,0.1441458084233743,0.0001536023718373614,1,0,0,Reconnaissance-PortScan
2026-08-31 10:08:06.500,52122,1473,6,190232.9523883904,17,11,15980,11781,940.0,1071.0,0.14593160464577268,0.000147187959010181,1,0,0,Reconnaissance-PortScan
2026-08-31 10:08:07.000,63178,1474,6,45491.63832368962,11,5,8580,6350,780.0,1270.0,0.32819218095610614,0.0003517129869589885,1,0,0,Reconnaissance-PortScan
2026-08-31 10:08:07.500,14015,1475,6,180642.62313775977,16,12,5856,5400,366.0,450.0,0.06231087549472175,0.00015500217784756654,1,0,0,Reconnaissance-PortScan
2026-08-31 10:08:08.000,3832,1476,6,1698977.9113062543,17,13,1292,3861,76.0,297.0,0.0030329999970439875,1.7657675123485278e-05,1,0,0,Reconnaissance-PortScan
2026-08-31 10:08:08.500,40434,1477,6,1447557.931747662,10,9,10250,6210,1025.0,690.0,0.011370874794636955,1.3125554137187251e-05,1,0,0,Reconnaissance-PortScan
2026-08-31 10:08:09.000,37617,1478,6,203892.61636121574,16,8,6704,8872,419.0,1109.0,0.07639315379445452,0.00011770901971410559,1,0,0,Reconnaissance-PortScan
2026-08-31 10:08:09.500,37328,1479,6,422978.97156392783,11,6,9185,990,835.0,165.0,0.024055569387145346,4.019112330039026e-05,1,0,0,Reconnaissance-PortScan
2026-08-31 10:08:10.000,31410,1480,6,1201730.014798798,8,11,11096,11924,1387.0,1084.0,0.019155716938352923,1.5810539610282604e-05,1,0,0,Reconnaissance-PortScan
2026-08-31 10:08:10.500,56244,1481,6,3101.5108309698317,12,9,4896,11097,408.0,1233.0,5.1565191353640545,0.006770893631128941,1,0,0,Reconnaissance-PortScan
2026-08-31 10:08:11.000,49101,1482,6,832167.7164334286,11,7,2893,4081,263.0,583.0,0.008380522173830446,2.1630255108825355e-05,1,0,0,Reconnaissance-PortScan
2026-08-31 10:08:11.500,4826,1483,6,1481821.8591413172,15,5,12795,7395,853.0,1479.0,0.013625119561647851,1.3496899020948838e-05,1,0,0,Reconnaissance-PortScan
2026-08-31 10:08:12.000,29777,1484,6,47884.29631317092,10,11,11630,5434,1163.0,494.0,0.35635900097257633,0.0004385571390309484,1,0,0,Reconnaissance-PortScan
2026-08-31 10:08:12.500,22107,1485,6,88039.15486109798,12,7,13656,4907,1138.0,701.0,0.21084936613917873,0.0002158130666726497,1,0,0,Reconnaissance-PortScan
2026-08-31 10:08:13.000,19378,1486,6,1618854.8211409138,16,8,12208,10152,763.0,1269.0,0.013812233010557,1.4825294823495886e-05,1,0,0,Reconnaissance-PortScan
2026-08-31 10:08:13.500,23214,1487,6,385597.7614284741,13,8,9646,11168,742.0,1396.0,0.053978529134487925,5.446089708005412e-05,1,0,0,Reconnaissance-PortScan
2026-08-31 10:08:14.000,7166,1488,6,7149.185354754568,17,12,24327,13008,1431.0,1084.0,5.222273321385858,0.004056406222584435,1,0,0,Reconnaissance-PortScan
2026-08-31 10:08:14.500,29422,1489,17,148955.10011091287,6,12,612,11484,102.0,957.0,0.0812056786923119,0.00012084178376832128,1,0,0,Reconnaissance-PortScan
2026-08-31 10:08:15.000,52995,1490,6,298867.2977894771,10,6,1380,6768,138.0,1128.0,0.02726293595850973,5.353546579972455e-05,1,0,0,Reconnaissance-PortScan
2026-08-31 10:08:15.500,42886,1491,6,590305.4343219857,12,7,9792,889,816.0,127.0,0.01809402282072342,3.218672723469198e-05,1,0,0,Reconnaissance-PortScan
2026-08-31 10:08:16.000,34156,1492,6,660553.7341168576,14,7,18032,7742,1288.0,1106.0,0.0390187787433659,3.179150902501295e-05,1,0,0,Reconnaissance-PortScan
2026-08-31 10:08:16.500,54434,1493,6,2693193.3342485246,13,8,1482,9632,114.0,1204.0,0.004126699653762453,7.797435012507783e-06,1,0,0,Reconnaissance-PortScan
2026-08-31 10:08:17.000,20527,1494,6,169495.54269810664,9,9,2007,12933,223.0,1437.0,0.08814391081498009,0.00010619748290961457,1,0,0,Reconnaissance-PortScan
2026-08-31 10:08:17.500,60926,1495,6,386333.4561954432,9,8,12204,4440,1356.0,555.0,0.04308195351103401,4.4003437255922746e-05,1,0,0,Reconnaissance-PortScan
2026-08-31 10:08:18.000,49480,1496,17,381059.54169723275,9,10,10080,5390,1120.0,539.0,0.040597330093588284,4.9860974258447145e-05,1,0,0,Reconnaissance-PortScan
2026-08-31 10:08:18.500,35655,1497,6,260139.46577921798,10,10,13120,13420,1312.0,1342.0,0.10202219766801722,7.688183697665202e-05,1,0,0,Reconnaissance-PortScan
2026-08-31 10:08:19.000,17523,1498,1,92660.16060389449,12,10,6096,3650,508.0,365.0,0.10518004647769386,0.00023742674148463622,1,0,0,Reconnaissance-PortScan
2026-08-31 10:08:19.500,40876,1499,6,1896155.6528390346,12,12,2148,17772,179.0,1481.0,0.010505466663598825,1.2657188751323886e-05,1,0,0,Reconnaissance-PortScan
2026-08-31 10:08:20.000,9040,22,6,959741.3779439294,13,15,5174,8880,398.0,592.0,0.014643528270044679,2.9174526224651418e-05,1,0,1,SSH-Bruteforce
2026-08-31 10:08:20.500,3408,22,6,344909.39120805054,15,8,22065,7416,1471.0,927.0,0.08547462246791132,6.668418020969303e-05,1,1,0,SSH-Bruteforce
2026-08-31 10:08:21.000,63344,22,17,462218.69130694465,6,6,6114,6210,1019.0,1035.0,0.026662703675800505,2.5961736782668456e-05,1,0,1,SSH-Bruteforce
2026-08-31 10:08:21.500,16096,22,6,128907.00112906384,11,10,14245,10320,1295.0,1032.0,0.19056373806648,0.0001629081416403859,1,1,0,SSH-Bruteforce
2026-08-31 10:08:22.000,37727,22,17,392397.8137800509,10,12,3390,11616,339.0,968.0,0.038241803273727795,5.606555191403516e-05,1,1,1,SSH-Bruteforce
2026-08-31 10:08:22.500,46919,22,6,593672.7914885518,11,8,5115,7680,465.0,960.0,0.021552276242444594,3.200416167303222e-05,1,0,0,SSH-Bruteforce
2026-08-31 10:08:23.000,15506,22,6,361975.4178929614,12,6,12408,2082,1034.0,347.0,0.040030342623665366,4.9727133693994243e-05,1,0,1,SSH-Bruteforce
2026-08-31 10:08:23.500,41534,22,17,2317050.8776151687,7,15,1400,10440,200.0,696.0,0.005109943900815529,9.494828194082908e-06,1,1,0,SSH-Bruteforce
2026-08-31 10:08:24.000,49957,22,6,472527.30749277025,12,15,5280,20550,440.0,1370.0,0.05466350746268472,5.713955483904326e-05,1,0,1,SSH-Bruteforce
2026-08-31 10:08:24.500,22850,22,6,231791.11538684226,10,10,14410,5090,1441.0,509.0,0.08412746953917827,8.628458414274694e-05,1,0,0,SSH-Bruteforce
2026-08-31 10:08:25.000,3514,22,6,739538.3301091532,7,13,9240,16211,1320.0,1247.0,0.0344147138335607,2.7043899126604613e-05,1,0,1,SSH-Bruteforce
2026-08-31 10:08:25.500,57156,22,1,93443.48818922593,12,11,9360,7304,780.0,664.0,0.1783323837876382,0.0002461380717184157,1,0,0,SSH-Bruteforce
2026-08-31 10:08:26.000,47116,22,17,242673.01307151667,10,13,9010,4290,901.0,330.0,0.054806258970099726,9.47777410761123e-05,1,0,1,SSH-Bruteforce
2026-08-31 10:08:26.500,26542,22,6,213057.64427688485,11,9,5863,2592,533.0,288.0,0.03968409595581201,9.387130917992196e-05,1,1,0,SSH-Bruteforce
2026-08-31 10:08:27.000,25069,22,6,282647.14831505844,9,11,4752,3993,528.0,363.0,0.030939636404690732,7.07596029838553e-05,1,0,1,SSH-Bruteforce
2026-08-31 10:08:27.500,51900,22,17,761125.3765342133,8,9,9960,5787,1245.0,643.0,0.020689101277239136,2.2335347794060155e-05,1,0,0,SSH-Bruteforce
2026-08-31 10:08:28.000,27934,22,6,330991.9516937448,9,12,5085,1176,565.0,98.0,0.018915867796096515,6.344565144833522e-05,1,0,1,SSH-Bruteforce
2026-08-31 10:08:28.500,25590,22,6,789974.6297875579,9,10,10467,10600,1163.0,1060.0,0.026667945026789933,2.4051405302558917e-05,1,0,0,SSH-Bruteforce
2026-08-31 10:08:29.000,52943,22,17,429587.781246959,12,9,9312,2772,776.0,308.0,0.02812929167734388,4.8884071931828984e-05,1,1,1,SSH-Bruteforce
2026-08-31 10:08:29.500,34929,22,6,209327.93851026206,12,15,4764,20715,397.0,1381.0,0.1217181049988401,0.00012898421582356774,1,0,0,SSH-Bruteforce
2026-08-31 10:08:30.000,28127,22,6,830309.6688645431,9,11,11646,1463,1294.0,133.0,0.015788085447407604,2.4087398653455802e-05,1,1,1,SSH-Bruteforce
2026-08-31 10:08:30.500,54293,22,6,136094.4703258735,10,8,6040,10536,604.0,1317.0,0.12179774798411255,0.00013226106803294074,1,0,0,SSH-Bruteforce
2026-08-31 10:08:31.000,37212,22,17,127048.20564755195,11,10,11759,7260,1069.0,726.0,0.14969908391515704,0.0001652915906313843,1,1,1,SSH-Bruteforce
2026-08-31 10:08:31.500,6869,22,1,351096.91322508204,12,9,1548,4986,129.0,554.0,0.018610246213201724,5.9812545221493146e-05,1,0,0,SSH-Bruteforce
2026-08-31 10:08:32.000,22186,22,17,151126.69074681186,12,11,1236,6292,103.0,572.0,0.049812511359186795,0.00015219019145341342,1,0,1,SSH-Bruteforce
2026-08-31 10:08:32.500,37698,22,6,4564.286944328279,9,11,10359,12837,1151.0,1167.0,5.0820643469848905,0.004381845444891267,1,0,0,SSH-Bruteforce
2026-08-31 10:08:33.000,53813,22,17,522484.85440775903,10,11,10960,4851,1096.0,441.0,0.03026116425445344,4.0192552611695794e-05,1,0,1,SSH-Bruteforce
2026-08-31 10:08:33.500,20361,22,17,357792.3359336209,9,7,10215,7042,1135.0,1006.0,0.048231888350787,4.4718677267925594e-05,1,1,0,SSH-Bruteforce
2026-08-31 10:08:34.000,23337,22,6,294860.29991851916,12,13,3504,18148,292.0,1396.0,0.07343138430385147,8.478591389230956e-05,1,0,1,SSH-Bruteforce
2026-08-31 10:08:34.500,27967,22,17,1705147.034953414,12,7,1752,5320,146.0,760.0,0.0041474429213382985,1.1142734092962058e-05,1,1,0,SSH-Bruteforce
2026-08-31 10:08:35.000,13437,22,6,423381.38307789626,10,5,9690,4580,969.0,916.0,0.03370483580530387,3.542904955007414e-05,1,1,1,SSH-Bruteforce
2026-08-31 10:08:35.500,1300,22,6,995464.7641652644,14,15,7742,9705,553.0,647.0,0.017526486750593043,2.9132121038986544e-05,1,0,0,SSH-Bruteforce
2026-08-31 10:08:36.000,52175,22,6,75091.9168739037,8,14,1400,1848,175.0,132.0,0.043253656782015426,0.0002929742762328631,1,1,1,SSH-Bruteforce
2026-08-31 10:08:36.500,18635,22,6,421063.1682170712,9,10,6012,6130,668.0,613.0,0.02883652837916247,4.512387079592216e-05,1,1,0,SSH-Bruteforce
2026-08-31 10:08:37.000,40129,22,6,1012399.512678854,9,11,4032,11110,448.0,1010.0,0.014956546116645228,1.975504704351503e-05,1,0,1,SSH-Bruteforce
2026-08-31 10:08:37.500,12968,22,6,437461.35196452145,16,5,2560,2380,160.0,476.0,0.0112924261256517,4.800424061511856e-05,1,0,0,SSH-Bruteforce
2026-08-31 10:08:38.000,53911,22,6,632949.2431770306,13,9,10907,9657,839.0,1073.0,0.03248917700960665,3.475792132908706e-05,1,0,1,SSH-Bruteforce
2026-08-31 10:08:38.500,16930,22,6,232642.2452088375,12,5,10356,2475,863.0,495.0,0.05515335354475443,7.30735726179429e-05,1,0,0,SSH-Bruteforce
2026-08-31 10:08:39.000,50871,22,6,48503.04289052596,9,7,10413,3178,1157.0,454.0,0.2802092237362003,0.00032987621071144173,1,0,1,SSH-Bruteforce
2026-08-31 10:08:39.500,59677,22,6,306152.6685652196,11,12,5984,17256,544.0,1438.0,0.07590983971544278,7.512591710220242e-05,1,0,0,SSH-Bruteforce
2026-08-31 10:08:40.000,21560,22,6,250833.33998424106,9,6,414,8616,46.0,1436.0,0.03599999904401593,5.9800662863813836e-05,1,0,1,SSH-Bruteforce
2026-08-31 10:08:40.500,58077,22,6,1008929.3761294102,6,12,5898,8916,983.0,743.0,0.014682890943947553,1.7840693735051703e-05,1,1,0,SSH-Bruteforce
2026-08-31 10:08:41.000,57646,22,6,139853.8445012143,8,8,1840,7368,230.0,921.0,0.06584016358064185,0.00011440514957539853,1,1,1,SSH-Bruteforce
2026-08-31 10:08:41.500,28834,22,6,1701613.1322534825,9,13,4464,10413,496.0,801.0,0.008742880339793008,1.2928908212371188e-05,1,0,0,SSH-Bruteforce
2026-08-31 10:08:42.000,13330,22,17,1586689.8233462193,11,6,4675,7548,425.0,1258.0,0.007703459000036631,1.0714129346365273e-05,1,1,1,SSH-Bruteforce
2026-08-31 10:08:42.500,57713,22,6,142264.6193108916,11,4,9262,1216,842.0,304.0,0.07365148165452057,0.00010543731865029667,1,1,0,SSH-Bruteforce
2026-08-31 10:08:43.000,11527,22,6,213895.20327275794,12,9,10860,4914,905.0,546.0,0.07374639429921026,9.817891975931378e-05,1,1,1,SSH-Bruteforce
2026-08-31 10:08:43.500,20249,22,6,1129550.877690156,9,10,9558,6850,1062.0,685.0,0.01452612744049903,1.682084479336187e-05,1,0,0,SSH-Bruteforce
2026-08-31 10:08:44.000,38000,22,17,1699932.4483489548,10,7,3170,6552,317.0,936.0,0.005719050783097423,1.0000397378384713e-05,1,1,1,SSH-Bruteforce
2026-08-31 10:08:44.500,61927,22,6,292989.3426936954,10,6,8660,8934,866.0,1489.0,0.06004996576886785,5.460949484494064e-05,1,0,0,SSH-Bruteforce
2026-08-31 10:08:45.000,12614,445,17,193564.9001942868,65,6,63960,5400,984.0,900.0,0.35832942814941154,0.00036680203861891894,0,1,0,DoS-DoS attack-HOIC
2026-08-31 10:08:45.500,58909,445,6,373373.1585761023,35,10,3185,7280,91.0,728.0,0.028028260091403176,0.00012052285753589517,0,0,0,DoS-DoS attack-HOIC
2026-08-31 10:08:46.000,11910,445,17,582006.3207231277,55,8,80740,7248,1468.0,906.0,0.15118048870872297,0.00010824624708652937,1,1,0,DoS-DoS attack-HOIC
2026-08-31 10:08:46.500,13890,445,6,159740.85897829628,50,7,21750,8134,435.0,1162.0,0.1870779973844357,0.00035682792969190315,0,1,0,DoS-DoS attack-HOIC
2026-08-31 10:08:47.000,2112,445,1,666800.0560401077,90,10,73620,10930,818.0,1093.0,0.126799629413418,0.00014996999339257007,1,0,0,DoS-DoS attack-HOIC
2026-08-31 10:08:47.500,4387,445,6,26519.702193590772,70,11,51310,14894,733.0,1354.0,2.496408122977941,0.0030543329400219504,0,1,0,DoS-DoS attack-HOIC
2026-08-31 10:08:48.000,33816,445,6,25275.4654061188,75,7,18750,3682,250.0,526.0,0.8875009670719871,0.003244252821857299,0,0,0,DoS-DoS attack-HOIC
2026-08-31 10:08:48.500,10788,445,6,244114.51790312494,40,9,37160,13221,929.0,1469.0,0.20638264545138404,0.00020072546450284468,0,0,0,DoS-DoS attack-HOIC
2026-08-31 10:08:49.000,56320,445,6,218070.30768327002,80,7,24720,469,309.0,67.0,0.11550861860308813,0.00039895390124533196,1,0,0,DoS-DoS attack-HOIC
2026-08-31 10:08:49.500,61326,445,6,189630.63511938427,70,4,40880,4836,584.0,1209.0,0.24107919044203036,0.00039023230581656853,1,1,0,DoS-DoS attack-HOIC
2026-08-31 10:08:50.000,55844,445,17,337673.04482344683,55,12,57530,3924,1046.0,327.0,0.1819926136843746,0.00019841678518653136,0,1,0,DoS-DoS attack-HOIC
2026-08-31 10:08:50.500,21644,445,1,193370.93032494222,40,6,35360,3720,884.0,620.0,0.2020986294698414,0.00023788477368507431,0,0,0,DoS-DoS attack-HOIC
2026-08-31 10:08:51.000,43751,445,6,106756.23872149762,75,8,79125,7912,1055.0,989.0,0.8152872472297058,0.0007774721270271906,1,0,0,DoS-DoS attack-HOIC
2026-08-31 10:08:51.500,13959,445,6,185147.60365294162,50,14,67250,4074,1345.0,291.0,0.3852277782101045,0.0003456701503764047,1,0,0,DoS-DoS attack-HOIC
2026-08-31 10:08:52.000,9092,445,6,1842528.8394094433,50,8,21850,9800,437.0,1225.0,0.01717747875792951,3.147847608088188e-05,1,1,0,DoS-DoS attack-HOIC
2026-08-31 10:08:52.500,52411,445,6,264760.83621871955,65,6,83135,5796,1279.0,966.0,0.3358918232271142,0.0002681665498996425,1,1,0,DoS-DoS attack-HOIC
2026-08-31 10:08:53.000,8319,445,6,294134.8899641984,45,6,67275,894,1495.0,149.0,0.23176101279919495,0.000173389834862752,0,0,0,DoS-DoS attack-HOIC
2026-08-31 10:08:53.500,42184,445,6,429654.0020920419,45,4,62280,2732,1384.0,683.0,0.15131245067411192,0.00011404525446119923,1,1,0,DoS-DoS attack-HOIC
2026-08-31 10:08:54.000,12414,445,6,2047395.3833050341,45,6,38385,2622,853.0,437.0,0.020028862199348928,2.4909697665442373e-05,1,1,0,DoS-DoS attack-HOIC
2026-08-31 10:08:54.500,42240,445,6,138273.00555338743,40,10,27120,13340,678.0,1334.0,0.29260953600558165,0.00036160347998712513,1,0,0,DoS-DoS attack-HOIC
2026-08-31 10:08:55.000,21155,445,6,571724.463254645,50,8,26600,10008,532.0,1251.0,0.06403084414293211,0.00010144746941351788,1,0,0,DoS-DoS attack-HOIC
2026-08-31 10:08:55.500,30242,445,6,629363.5731467112,55,11,54450,3465,990.0,315.0,0.09202153170307363,0.0001048678423966651,0,1,0,DoS-DoS attack-HOIC
2026-08-31 10:08:56.000,11457,445,6,467385.7480194014,55,7,9185,5096,167.0,728.0,0.03055506091106064,0.00013265273975812336,0,0,0,DoS-DoS attack-HOIC
2026-08-31 10:08:56.500,16062,445,6,46374.81720039868,45,11,5085,3146,113.0,286.0,0.17748857020086223,0.0012075519294433587,0,0,0,DoS-DoS attack-HOIC
2026-08-31 10:08:57.000,53351,445,1,564853.8015236439,85,12,41735,16644,491.0,1387.0,0.10335240701486688,0.00017172585142674742,1,1,0,DoS-DoS attack-HOIC
2026-08-31 10:08:57.500,29206,445,6,33120.497314378146,60,9,28620,9729,477.0,1081.0,1.1578630485048134,0.0020833020508183296,1,0,0,DoS-DoS attack-HOIC
2026-08-31 10:08:58.000,12552,445,6,453346.7781591341,45,12,59355,5364,1319.0,447.0,0.1427582661144549,0.00012573156520533272,0,0,0,DoS-DoS attack-HOIC
2026-08-31 10:08:58.500,22305,445,6,672732.043582701,35,8,17045,11792,487.0,1474.0,0.04286550681605272,6.39184656202194e-05,0,1,0,DoS-DoS attack-HOIC
2026-08-31 10:08:59.000,55213,445,6,118475.39870973123,40,11,46600,1804,1165.0,164.0,0.4085573926997779,0.0004304691146948325,1,0,0,DoS-DoS attack-HOIC
2026-08-31 10:08:59.500,49535,445,17,921385.372880897,85,8,50830,11064,598.0,1383.0,0.06717493224990559,0.00010093496460466636,1,1,0,DoS-DoS attack-HOIC
2026-08-31 10:09:00.000,57603,445,6,15412.010996799701,55,9,55495,1728,1009.0,192.0,3.7128834111754463,0.004152605391454984,0,0,0,DoS-DoS attack-HOIC
2026-08-31 10:09:00.500,9629,445,6,928350.1993670866,45,10,43920,6970,976.0,697.0,0.05481767552174456,5.9244884136293e-05,1,1,0,DoS-DoS attack-HOIC
2026-08-31 10:09:01.000,35806,445,6,308397.83909849694,80,6,25760,354,322.0,59.0,0.08467633909332573,0.00027886057907735364,0,1,0,DoS-DoS attack-HOIC
2026-08-31 10:09:01.500,2405,445,17,122686.87309126556,50,8,39950,2288,799.0,286.0,0.3442748105996378,0.00047274821285996007,1,0,0,DoS-DoS attack-HOIC
2026-08-31 10:09:02.000,2122,445,17,71807.10980969138,40,14,50680,20342,1267.0,1453.0,0.9890664055180218,0.0007520146700736839,0,0,0,DoS-DoS attack-HOIC
2026-08-31 10:09:02.500,20834,445,6,1532082.303754009,55,5,6875,7050,125.0,1410.0,0.009088937301729258,3.916238693743307e-05,1,0,0,DoS-DoS attack-HOIC
2026-08-31 10:09:03.000,53831,445,6,37720.51576196154,70,10,97090,12660,1387.0,1266.0,2.9095572463401864,0.00212086177409763,1,1,0,DoS-DoS attack-HOIC
2026-08-31 10:09:03.500,25346,445,6,111005.48392448714,65,10,13195,10720,203.0,1072.0,0.21543980668661447,0.000675642295692916,1,1,0,DoS-DoS attack-HOIC
2026-08-31 10:09:04.000,42893,445,1,213719.1404536912,55,8,50380,4560,916.0,570.0,0.2570663529752207,0.0002947794000261904,0,0,0,DoS-DoS attack-HOIC
2026-08-31 10:09:04.500,33979,445,6,484101.12044944864,50,10,56000,1420,1120.0,142.0,0.11861158252537005,0.0001239410475709196,1,0,0,DoS-DoS attack-HOIC
2026-08-31 10:09:05.000,62412,445,17,393510.3901735318,95,9,23275,11781,245.0,1309.0,0.08908532245781366,0.00026428781194695974,1,1,0,DoS-DoS attack-HOIC
2026-08-31 10:09:05.500,45740,445,6,67133.5415390899,65,7,96980,4452,1492.0,636.0,1.5108989881880448,0.0010724892257821914,1,0,0,DoS-DoS attack-HOIC
2026-08-31 10:09:06.000,11231,445,6,171053.630411802,50,8,9350,11056,187.0,1382.0,0.11929591876934002,0.0003390749430864315,0,1,0,DoS-DoS attack-HOIC
2026-08-31 10:09:06.500,22817,445,6,136397.893255261,50,9,68200,3510,1364.0,390.0,0.5257412580452496,0.0004325580006229219,1,0,0,DoS-DoS attack-HOIC
2026-08-31 10:09:07.000,3116,445,6,120108.52277966627,55,13,45650,3549,830.0,273.0,0.4096212230180964,0.000566154660973405,0,0,0,DoS-DoS attack-HOIC
2026-08-31 10:09:07.500,29244,445,6,264787.08940377494,35,3,47355,228,1353.0,76.0,0.17970287035272878,0.0001435115287687555,1,0,0,DoS-DoS attack-HOIC
2026-08-31 10:09:08.000,19538,445,6,608751.0445297679,35,9,37940,12672,1084.0,1408.0,0.08314071976379774,7.227913675822138e-05,0,1,0,DoS-DoS attack-HOIC
2026-08-31 10:09:08.500,39034,445,6,122600.6039278473,85,7,83810,2317,986.0,331.0,0.7025006177266656,0.0007504041337890932,0,0,0,DoS-DoS attack-HOIC
2026-08-31 10:09:09.000,9573,445,6,228388.8432115991,65,6,78000,336,1200.0,56.0,0.34299398733760755,0.0003108733290054399,1,1,0,DoS-DoS attack-HOIC
2026-08-31 10:09:09.500,23055,445,6,247900.7161768635,80,7,114560,903,1432.0,129.0,0.46576307554095925,0.00035094694899719787,0,1,0,DoS-DoS attack-HOIC
2026-08-31 10:09:10.000,6209,8080,6,1874453.3776833783,2,2,8344,12699,4172.0,6349.5,0.011226206130501154,2.133955449413326e-06,1,0,0,Bot-C2
2026-08-31 10:09:10.500,16295,8080,1,1546852.9241937958,2,2,22485,9308,11242.5,4654.0,0.02055334382637875,2.585895489746642e-06,1,0,0,Bot-C2
2026-08-31 10:09:11.000,6800,8080,17,805063.0314578598,2,2,7200,8128,3600.0,4064.0,0.019039502996495417,4.968555061715923e-06,1,1,0,Bot-C2
2026-08-31 10:09:11.500,60790,8080,17,138311.01100649522,2,2,621,2336,310.5,1168.0,0.02137935351833516,2.8920329412695517e-05,1,0,0,Bot-C2
2026-08-31 10:09:12.000,13473,8080,1,35231.25083853791,2,2,2376,5136,1188.0,2568.0,0.2132197926294106,0.00011353556583035707,0,0,0,Bot-C2
2026-08-31 10:09:12.500,25321,8080,6,190560.03726596443,2,2,11592,1784,5796.0,892.0,0.07019310129872194,2.099075995775178e-05,0,1,0,Bot-C2
2026-08-31 10:09:13.000,57723,8080,6,155164.66455118114,2,2,5616,2303,2808.0,1151.5,0.05103610427280983,2.5779065171263963e-05,0,0,0,Bot-C2
2026-08-31 10:09:13.500,41615,8080,6,352534.7854703097,2,2,5680,10400,2840.0,5200.0,0.04561252013213919,1.1346398042820695e-05,0,1,0,Bot-C2
2026-08-31 10:09:14.000,16741,8080,6,751926.5086281551,2,2,14183,15336,7091.5,7668.0,0.039257825945600816,5.3196688160982165e-06,0,1,0,Bot-C2
2026-08-31 10:09:14.500,41147,8080,6,977102.5143988215,2,2,2145,788,1072.5,394.0,0.0030017321179186193,4.093736267192116e-06,1,1,0,Bot-C2
2026-08-31 10:09:15.000,40257,8080,17,931726.838984011,2,2,15336,12506,7668.0,6253.0,0.029882148753019838,4.293103764531261e-06,1,1,0,Bot-C2
2026-08-31 10:09:15.500,46529,8080,6,222890.14774395016,2,2,8608,2190,4304.0,1095.0,0.04844538939388196,1.7946060157022397e-05,0,1,0,Bot-C2
2026-08-31 10:09:16.000,51673,8080,6,581150.5350055037,2,2,18750,4752,9375.0,2376.0,0.04044046866337828,6.882898249234667e-06,0,0,0,Bot-C2
2026-08-31 10:09:16.500,47116,8080,6,187589.83655938078,2,2,9009,9747,4504.5,4873.5,0.09998409478363732,2.1323116823125893e-05,1,1,0,Bot-C2
2026-08-31 10:09:17.000,64695,8080,6,31419.605949613157,2,2,25830,2820,12915.0,1410.0,0.9118510282027975,0.00012730904407717942,0,1,0,Bot-C2
2026-08-31 10:09:17.500,11374,8080,6,604602.0076459111,2,2,2124,11396,1062.0,5698.0,0.022361817904671025,6.615922457003262e-06,0,0,0,Bot-C2
2026-08-31 10:09:18.000,31646,8080,6,4938.080849626753,2,2,17561,8352,8780.5,4176.0,5.247585192835147,0.0008100312882082579,0,1,0,Bot-C2
2026-08-31 10:09:18.500,36347,8080,17,263124.1279700745,2,2,15400,5655,7700.0,2827.5,0.08001926756634961,1.5201950618161883e-05,0,1,0,Bot-C2
2026-08-31 10:09:19.000,55585,8080,6,199775.765885756,2,2,10920,15960,5460.0,7980.0,0.13455085445161613,2.0022448579109543e-05,1,0,0,Bot-C2
2026-08-31 10:09:19.500,60710,8080,6,591069.0276707357,2,2,1265,1833,632.5,916.5,0.00524135059513451,6.767399089908986e-06,1,0,0,Bot-C2
2026-08-31 10:09:20.000,3975,8080,17,726741.8715654294,2,2,3630,6219,1815.0,3109.5,0.013552267160070687,5.504017528711824e-06,0,0,0,Bot-C2
2026-08-31 10:09:20.500,18646,8080,1,181270.79955787558,2,2,14745,12116,7372.5,6058.0,0.148181615925085,2.2066433256406685e-05,1,1,0,Bot-C2
2026-08-31 10:09:21.000,59341,8080,17,834665.6579470676,2,2,2460,3120,1230.0,1560.0,0.00668531159369566,4.792338059996889e-06,0,1,0,Bot-C2
2026-08-31 10:09:21.500,5751,8080,17,174011.07273569383,2,2,6259,1968,3129.5,984.0,0.047278600552180035,2.2987042932869837e-05,1,1,0,Bot-C2
2026-08-31 10:09:22.000,54141,8080,6,295589.93163479894,2,2,7310,1764,3655.0,882.0,0.03069793328043371,1.3532260648196479e-05,0,0,0,Bot-C2
2026-08-31 10:09:22.500,39478,8080,6,649175.6753103576,2,2,5880,1534,2940.0,767.0,0.0114206374050311,6.161660321031076e-06,1,1,0,Bot-C2
2026-08-31 10:09:23.000,59418,8080,6,590323.8627443741,2,2,14949,10584,7474.5,5292.0,0.043252529011560466,6.775941567627848e-06,1,1,0,Bot-C2
2026-08-31 10:09:23.500,37493,8080,6,2185779.696431995,2,2,13821,1548,6910.5,774.0,0.00703135820367332,1.8300105937076764e-06,1,1,0,Bot-C2
2026-08-31 10:09:24.000,36572,8080,6,127550.02219923775,2,2,13728,12600,6864.0,6300.0,0.20641313536434028,3.136024542150414e-05,0,0,0,Bot-C2
2026-08-31 10:09:24.500,24806,8080,6,542825.1993587032,2,2,5038,10880,2519.0,5440.0,0.029324357119957536,7.368854660122512e-06,1,0,0,Bot-C2
2026-08-31 10:09:25.000,51764,8080,6,470396.62624491524,2,2,3600,2044,1800.0,1022.0,0.011998385373073293,8.503462348032101e-06,1,0,0,Bot-C2
2026-08-31 10:09:25.500,29478,8080,6,1233131.4909719753,2,2,15873,1974,7936.5,987.0,0.014472909118384416,3.2437741062104365e-06,0,0,0,Bot-C2
2026-08-31 10:09:26.000,3392,8080,6,85015.97712233925,2,2,12518,9233,6259.0,4616.5,0.2558460272254653,4.704997972055818e-05,0,1,0,Bot-C2
2026-08-31 10:09:26.500,65424,8080,6,696756.5036572388,2,2,11480,11421,5740.0,5710.5,0.032868010387366545,5.7408864918329415e-06,0,1,0,Bot-C2
2026-08-31 10:09:27.000,16616,8080,6,419975.8405261743,2,2,7672,16736,3836.0,8368.0,0.05811762878750078,9.524357388970957e-06,0,1,0,Bot-C2
2026-08-31 10:09:27.500,23197,8080,6,160561.43051850947,2,2,8484,5655,4242.0,2827.5,0.08805975353769326,2.4912583220225828e-05,0,0,0,Bot-C2
2026-08-31 10:09:28.000,34228,8080,17,321640.6206193864,2,2,6056,16614,3028.0,8307.0,0.07048239104762123,1.2436240149558223e-05,1,1,0,Bot-C2
2026-08-31 10:09:28.500,36620,8080,6,203065.11242698645,2,2,10724,4711,5362.0,2355.5,0.07601010244824634,1.9698115308907374e-05,0,1,0,Bot-C2
2026-08-31 10:09:29.000,35348,8080,6,432933.5735985363,2,2,11690,5071,5845.0,2535.5,0.038714946175912646,9.239292685618435e-06,0,1,0,Bot-C2
2026-08-31 10:09:29.500,57746,8080,6,1099115.2902598856,2,2,5278,7164,2639.0,3582.0,0.01132001356922702,3.639290650772229e-06,1,1,0,Bot-C2
2026-08-31 10:09:30.000,47156,8080,17,421177.5299029261,2,2,6174,2480,3087.0,1240.0,0.02054715502460238,9.497182817010576e-06,0,0,0,Bot-C2
2026-08-31 10:09:30.500,62226,8080,6,499459.1635636997,2,2,1278,6358,639.0,3179.0,0.015288537195640498,8.008662753085646e-06,0,1,0,Bot-C2
2026-08-31 10:09:31.000,24888,8080,6,365681.9599311364,2,2,5782,5511,2891.0,2755.5,0.030882026561599666,1.0938466859682872e-05,1,0,0,Bot-C2
2026-08-31 10:09:31.500,59672,8080,6,26260.448236362703,2,2,3276,7315,1638.0,3657.5,0.40330613935605397,0.00015232032456087395,1,1,0,Bot-C2
2026-08-31 10:09:32.000,48853,8080,6,132542.04188196105,2,2,5356,1020,2678.0,510.0,0.0481054909746846,3.0179103497292723e-05,0,0,0,Bot-C2
2026-08-31 10:09:32.500,31774,8080,17,338638.6179016569,2,2,4901,10808,2450.5,5404.0,0.04638868448281383,1.181200190535714e-05,0,0,0,Bot-C2
2026-08-31 10:09:33.000,11600,8080,6,185702.36523790748,2,2,8370,5325,4185.0,2662.5,0.07374704130298802,2.1539844119164082e-05,1,0,0,Bot-C2
2026-08-31 10:09:33.500,17590,8080,6,100301.99191999581,2,2,14248,16245,7124.0,8122.5,0.3040119085698927,3.98795669261657e-05,0,1,0,Bot-C2
2026-08-31 10:09:34.000,8214,8080,17,350723.60728879116,2,2,14052,15888,7026.0,7944.0,0.08536636649751747,1.140499218403707e-05,1,0,0,Bot-C2
2026-08-31 10:09:34.500,24095,8080,17,194901.5452525012,2,2,14850,8200,7425.0,4100.0,0.11826483966022608,2.052318258745789e-05,1,0,0,Bot-C2
2026-08-31 10:09:35.000,39357,443,6,149275.559000476,11,12,293040,202800,26640.0,16900.0,3.3216422252031395,0.00015407746688381776,1,1,1,Data-Exfiltration
2026-08-31 10:09:35.500,57417,443,17,311796.9560067363,11,8,249920,47360,22720.0,5920.0,0.9534409950559071,6.093709266032776e-05,0,1,1,Data-Exfiltration
2026-08-31 10:09:36.000,16393,443,6,71522.10997701215,17,12,422960,118080,24880.0,9840.0,7.564653784658319,0.0004054690221704333,0,1,1,Data-Exfiltration
2026-08-31 10:09:36.500,25059,443,6,1313781.947976804,9,10,218700,95400,24300.0,9540.0,0.239080770200349,1.4462065055099111e-05,0,1,1,Data-Exfiltration
2026-08-31 10:09:37.000,55751,443,6,1011349.532637616,15,12,339300,104880,22620.0,8740.0,0.4391953381707503,2.6697001509771395e-05,1,0,1,Data-Exfiltration
2026-08-31 10:09:37.500,2613,443,6,614851.4781271537,13,9,373100,218880,28700.0,24320.0,0.9628016212851134,3.578099879771698e-05,0,0,1,Data-Exfiltration
2026-08-31 10:09:38.000,59955,443,6,56144.35658230681,8,9,225760,123840,28220.0,13760.0,6.2268057062017155,0.00030279089532445416,0,1,1,Data-Exfiltration
2026-08-31 10:09:38.500,26259,443,17,747780.703045502,7,13,145040,67860,20720.0,5220.0,0.28470913882916565,2.6745809190151777e-05,1,0,1,Data-Exfiltration
2026-08-31 10:09:39.000,1183,443,17,825018.8411079545,9,4,12780,119920,1420.0,29980.0,0.16084481151991975,1.5757215898711054e-05,0,0,1,Data-Exfiltration
2026-08-31 10:09:39.500,13169,443,6,730001.9214177723,13,12,251160,42000,19320.0,3500.0,0.4015879840790334,3.42464852025373e-05,0,0,1,Data-Exfiltration
2026-08-31 10:09:40.000,16397,443,17,60499.91349774558,11,14,144980,186200,13180.0,13300.0,5.474057412620932,0.00041322373125044783,1,0,1,Data-Exfiltration
2026-08-31 10:09:40.500,32945,443,6,516283.01699265453,14,5,319760,81500,22840.0,16300.0,0.7772093731255484,3.680152043409615e-05,1,0,1,Data-Exfiltration
2026-08-31 10:09:41.000,40347,443,6,898863.0040848028,12,8,317280,214720,26440.0,26840.0,0.5918588233985099,2.2250331706710902e-05,1,1,1,Data-Exfiltration
2026-08-31 10:09:41.500,17261,443,6,430609.4565032964,12,13,220080,162240,18340.0,12480.0,0.8878578819324993,5.8057247981566444e-05,0,1,1,Data-Exfiltration
2026-08-31 10:09:42.000,42995,443,6,519804.9029908355,14,9,59920,94320,4280.0,10480.0,0.29672671248303345,4.424737024837765e-05,0,1,1,Data-Exfiltration
2026-08-31 10:09:42.500,9268,443,17,306580.0643803283,9,8,257400,209280,28600.0,26160.0,1.5222124795623937,5.545044174286598e-05,0,1,1,Data-Exfiltration
2026-08-31 10:09:43.000,15767,443,17,376137.9882178202,10,15,10800,324300,1080.0,21620.0,0.8908964541944532,6.646496972504127e-05,1,1,1,Data-Exfiltration
2026-08-31 10:09:43.500,32590,443,6,17490.821702259815,10,9,222800,164880,22280.0,18320.0,22.16476769231854,0.0010862840129850708,0,1,1,Data-Exfiltration
2026-08-31 10:09:44.000,47125,443,6,509387.4468440542,9,7,26280,168840,2920.0,24120.0,0.383048308718735,3.141027541769045e-05,0,1,1,Data-Exfiltration
2026-08-31 10:09:44.500,47133,443,6,42477.95249171184,13,9,132080,97200,10160.0,10800.0,5.397623625827071,0.0005179157352067148,0,0,1,Data-Exfiltration
2026-08-31 10:09:45.000,57022,443,6,285477.6894299875,12,10,57840,26400,4820.0,2640.0,0.29508435550690815,7.70638155407405e-05,1,1,1,Data-Exfiltration
2026-08-31 10:09:45.500,19715,443,1,173118.44640735112,6,7,153720,202440,25620.0,28920.0,2.057319756332467,7.509309532884678e-05,0,0,1,Data-Exfiltration
2026-08-31 10:09:46.000,35020,443,6,394199.4262708275,15,6,331200,38160,22080.0,6360.0,0.9369876650628814,5.327252806562841e-05,1,0,1,Data-Exfiltration
2026-08-31 10:09:46.500,57402,443,6,71598.30999231379,15,11,434400,224620,28960.0,20420.0,9.204407198699283,0.00036313706286027946,0,0,1,Data-Exfiltration
2026-08-31 10:09:47.000,6614,443,6,588249.1899623759,11,11,210320,145200,19120.0,13200.0,0.6043697230024153,3.739911652242669e-05,1,0,1,Data-Exfiltration
2026-08-31 10:09:47.500,57095,443,6,792400.7895636169,10,7,75000,189140,7500.0,27020.0,0.3333414144401991,2.145378982919431e-05,1,0,1,Data-Exfiltration
2026-08-31 10:09:48.000,6609,443,6,89177.38728987993,9,14,25920,144200,2880.0,10300.0,1.9076584900153164,0.000257912916002541,0,1,1,Data-Exfiltration
2026-08-31 10:09:48.500,10251,443,6,55082.17745971264,11,6,53240,110520,4840.0,18420.0,2.9730124610641018,0.0003086297742921942,0,0,1,Data-Exfiltration
2026-08-31 10:09:49.000,29302,443,6,78628.44785492396,14,8,324240,113760,23160.0,14220.0,5.57050294001023,0.0002797969513247147,1,1,1,Data-Exfiltration
2026-08-31 10:09:49.500,39838,443,6,1048304.2751819582,14,7,347200,117600,24800.0,16800.0,0.44338271912025645,2.0032351767481467e-05,1,1,1,Data-Exfiltration
2026-08-31 10:09:50.000,13261,443,1,375588.6760536203,5,20,10400,84000,2080.0,4200.0,0.25133878100203894,6.656217717215014e-05,0,1,1,Data-Exfiltration
2026-08-31 10:09:50.500,16673,443,6,314861.8241527925,13,6,153920,49320,11840.0,8220.0,0.6454894954013832,6.034393039080044e-05,1,0,1,Data-Exfiltration
2026-08-31 10:09:51.000,38737,443,6,56423.019597007966,15,12,78900,185040,5260.0,15420.0,4.677877962547357,0.00047852809346358505,1,0,1,Data-Exfiltration
2026-08-31 10:09:51.500,8951,443,17,524277.1881540704,12,12,100560,349440,8380.0,29120.0,0.8583245850841298,4.577731120448692e-05,1,1,1,Data-Exfiltration
2026-08-31 10:09:52.000,46433,443,6,1012475.1323483405,11,9,64680,40320,5880.0,4480.0,0.1037062507949458,1.9753571579989677e-05,0,1,1,Data-Exfiltration
2026-08-31 10:09:52.500,49790,443,17,880671.0110388966,16,14,435520,418600,27220.0,29900.0,0.9698513852326378,3.4064934150914545e-05,1,1,1,Data-Exfiltration
2026-08-31 10:09:53.000,47178,443,6,491822.8864824997,11,5,46200,97800,4200.0,19560.0,0.29278832676322797,3.253203630702533e-05,0,1,1,Data-Exfiltration
2026-08-31 10:09:53.500,8040,443,6,39131.45108669709,8,10,104320,174800,13040.0,17480.0,7.1328814081100935,0.0004599880529735658,0,1,1,Data-Exfiltration
2026-08-31 10:09:54.000,15051,443,6,59615.36932293031,10,13,138200,64480,13820.0,4960.0,3.399794419927274,0.000385806550514739,0,0,1,Data-Exfiltration
2026-08-31 10:09:54.500,49712,443,6,25283.088405979743,11,12,166540,247920,15140.0,20660.0,16.392775802581447,0.0009096989901543533,1,1,1,Data-Exfiltration
2026-08-31 10:09:55.000,25166,443,6,148852.20872054834,13,7,226460,117460,17420.0,16780.0,2.310479655848188,0.00013436145940033662,1,1,1,Data-Exfiltration
2026-08-31 10:09:55.500,47544,443,6,72895.38325171298,12,4,342480,111360,28540.0,27840.0,6.225908688491271,0.00021949263840970458,1,1,1,Data-Exfiltration
2026-08-31 10:09:56.000,55262,443,6,150585.0070756569,7,7,120120,199360,17160.0,28480.0,2.1215923562580903,9.297074304373751e-05,0,1,1,Data-Exfiltration
2026-08-31 10:09:56.500,59632,443,6,243113.7075872818,8,6,17920,48960,2240.0,8160.0,0.275097610336258,5.7586222259384156e-05,0,0,1,Data-Exfiltration
2026-08-31 10:09:57.000,24569,443,6,1432201.01145545,8,9,179680,210420,22460.0,23380.0,0.2723779671129011,1.1869842196665773e-05,0,1,1,Data-Exfiltration
2026-08-31 10:09:57.500,52060,443,17,471286.63045133895,7,8,69160,122080,9880.0,15260.0,0.40578278194057105,3.182776474120773e-05,0,1,1,Data-Exfiltration
2026-08-31 10:09:58.000,32921,443,1,900825.4715260419,14,5,105000,138800,7500.0,27760.0,0.2706406598209136,2.1091765941744703e-05,0,0,1,Data-Exfiltration
2026-08-31 10:09:58.500,51985,443,1,619543.5812880584,11,6,155540,155400,14140.0,25900.0,0.5018855967299721,2.743955471926907e-05,0,1,1,Data-Exfiltration
2026-08-31 10:09:59.000,4191,443,6,59675.14249636929,12,12,284880,250560,23740.0,20880.0,8.97258016506372,0.00040217750627806904,0,0,1,Data-Exfiltration
2026-08-31 10:09:59.500,45781,443,6,665752.3651336662,11,17,11660,297840,1060.0,17520.0,0.4648875711214505,4.205768010145595e-05,0,0,1,Data-Exfiltration
2026-08-31 10:10:00.000,27941,22,6,160860.01089330655,17,12,25143,15744,1479.0,1312.0,0.25417752846341224,0.00018028097746078105,1,1,0,BENIGN
2026-08-31 10:10:00.500,23760,445,6,509588.05521008256,12,8,792,11040,66.0,1380.0,0.02321875459755421,3.9247387757867155e-05,1,1,0,BENIGN
2026-08-31 10:10:01.000,29014,445,6,208487.0215114887,9,18,10017,5454,1113.0,303.0,0.07420605794593986,0.00012950446412903987,1,0,0,BENIGN
2026-08-31 10:10:01.500,63575,8080,6,3031429.4208507403,10,10,2260,13260,226.0,1326.0,0.005119696963155181,6.5975476329319335e-06,1,0,0,BENIGN
2026-08-31 10:10:02.000,59185,445,6,152957.97150306977,14,11,15680,7931,1120.0,721.0,0.15436266424324618,0.00016344359010974353,0,1,0,BENIGN
2026-08-31 10:10:02.500,15111,8080,6,163648.55807506017,13,11,10530,16269,810.0,1479.0,0.1637594630444015,0.00014665573764191336,1,1,0,BENIGN
2026-08-31 10:10:03.000,23464,22,6,1334455.0501355336,9,8,6354,7616,706.0,952.0,0.01046869281844784,1.2739282599399663e-05,0,0,0,BENIGN
2026-08-31 10:10:03.500,36229,8080,6,12476.580641232493,13,15,13377,1635,1029.0,109.0,1.2032142795884582,0.00224420462486523,1,1,0,BENIGN
2026-08-31 10:10:04.000,56644,80,6,596498.2786210587,7,11,7679,14267,1097.0,1297.0,0.036791388653065776,3.0176113904820194e-05,0,0,0,BENIGN
2026-08-31 10:10:04.500,16299,8080,1,646085.8808065867,8,8,4616,3768,577.0,471.0,0.01297660303209765,2.4764509603239793e-05,1,1,0,BENIGN
2026-08-31 10:10:05.000,59256,22,6,905099.9592309096,11,11,10725,12287,975.0,1117.0,0.025424816082523897,2.4306707535873705e-05,1,1,0,BENIGN
2026-08-31 10:10:05.500,56127,53,6,1833349.8397554022,9,9,3690,1881,410.0,209.0,0.0030386999137670704,9.81809342089522e-06,1,0,0,BENIGN
2026-08-31 10:10:06.000,6300,445,6,1856625.401868765,10,18,1250,1350,125.0,75.0,0.001400390190379274,1.5081125127161413e-05,0,0,0,BENIGN
2026-08-31 10:10:06.500,42651,8080,6,33752.39545330685,7,9,1393,2682,199.0,298.0,0.12073217157075689,0.0004740404282532786,1,1,0,BENIGN
2026-08-31 10:10:07.000,41610,445,6,862534.727349106,15,7,6960,2030,464.0,290.0,0.01042276874755574,2.5506219404474558e-05,1,0,0,BENIGN
2026-08-31 10:10:07.500,38520,443,6,519667.1340724831,10,11,11690,572,1169.0,52.0,0.023595873580979126,4.041048321648684e-05,1,1,0,BENIGN
2026-08-31 10:10:08.000,20032,80,6,521128.4556163475,13,5,18902,3550,1454.0,710.0,0.04308342743060308,3.454042819129055e-05,1,1,0,BENIGN
2026-08-31 10:10:08.500,6762,80,6,68683.61380083194,13,10,4082,5800,314.0,580.0,0.1438771120462146,0.00033486880966028494,1,0,0,BENIGN
2026-08-31 10:10:09.000,33426,443,6,525178.5144038891,13,10,17576,960,1352.0,96.0,0.03529466551137681,4.3794632432114085e-05,0,1,0,BENIGN
2026-08-31 10:10:09.500,54408,443,6,2022279.7494572878,11,12,3267,12516,297.0,1043.0,0.007804558199308272,1.1373302831153155e-05,0,1,0,BENIGN
2026-08-31 10:10:10.000,64410,8080,1,1214179.4385659173,11,11,11022,13464,1002.0,1224.0,0.020166706190247345,1.8119232875334542e-05,1,0,0,BENIGN
2026-08-31 10:10:10.500,6817,443,6,289133.65377349843,15,12,19245,5712,1283.0,476.0,0.08631648261425719,9.338241898405033e-05,0,0,0,BENIGN
2026-08-31 10:10:11.000,38315,53,6,20383.90074753596,16,11,16208,8987,1013.0,817.0,1.2360244636044633,0.0013245747377384604,1,0,0,BENIGN
2026-08-31 10:10:11.500,6595,445,17,224938.5585756598,9,6,5094,1614,566.0,269.0,0.02982147677204706,6.66848765027886e-05,1,1,0,BENIGN
2026-08-31 10:10:12.000,32355,445,6,875472.8347802878,6,10,3432,8700,572.0,870.0,0.013857654421574508,1.8275838340355436e-05,1,0,0,BENIGN
2026-08-31 10:10:12.500,17233,22,6,604491.1679935314,12,6,13464,5280,1122.0,880.0,0.031007897207011796,2.9777109993929383e-05,1,1,0,BENIGN
2026-08-31 10:10:13.000,49038,443,6,307485.71244227706,16,5,22768,6280,1423.0,1256.0,0.09446943003736591,6.829585619611278e-05,0,0,0,BENIGN
2026-08-31 10:10:13.500,26418,443,6,28338.900936749924,6,11,912,7249,152.0,659.0,0.28797870514932417,0.000599882120761979,1,1,0,BENIGN
2026-08-31 10:10:14.000,44172,53,1,278342.9290328935,11,16,14729,6336,1339.0,396.0,0.07568002561600484,9.700264379929413e-05,1,1,0,BENIGN
2026-08-31 10:10:14.500,26706,80,6,316520.11314842245,9,2,2664,782,296.0,391.0,0.010887143839340257,3.4752925778509234e-05,0,0,0,BENIGN
2026-08-31 10:10:15.000,3248,80,17,1319417.4074456997,12,14,4416,12656,368.0,904.0,0.012939044083798177,1.9705666950489257e-05,1,1,0,BENIGN
2026-08-31 10:10:15.500,42181,445,6,512336.38105399726,11,11,8976,14531,816.0,1321.0,0.04588196518697679,4.2940538312566024e-05,1,1,0,BENIGN
2026-08-31 10:10:16.000,61039,445,6,186731.04332512157,18,7,23364,4627,1298.0,661.0,0.14990008891968354,0.00013388239873502513,0,0,0,BENIGN
2026-08-31 10:10:16.500,49719,8080,6,372555.36497038463,11,8,990,5392,90.0,674.0,0.017130339809590497,5.09991313666906e-05,0,1,0,BENIGN
2026-08-31 10:10:17.000,56267,53,6,34169.02929515955,10,8,2600,8032,260.0,1004.0,0.31115897103914975,0.0005267928403597344,1,1,0,BENIGN
2026-08-31 10:10:17.500,65202,22,6,1798026.8270906396,6,9,4932,6003,822.0,667.0,0.006081666766692766,8.342478417959899e-06,1,1,0,BENIGN
2026-08-31 10:10:18.000,45476,22,17,223190.35188781482,9,12,5715,3984,635.0,332.0,0.043456179523569095,9.409008866841437e-05,1,1,0,BENIGN
2026-08-31 10:10:18.500,44432,53,6,324916.80700900254,11,11,14223,15939,1293.0,1449.0,0.09282991629988532,6.770963989780111e-05,0,1,0,BENIGN
2026-08-31 10:10:19.000,33465,22,1,219472.66463424024,12,7,3132,6076,261.0,868.0,0.04195511096986015,8.657114557203984e-05,1,1,0,BENIGN
2026-08-31 10:10:19.500,42454,80,6,573657.2032898788,11,8,10802,2184,982.0,273.0,0.022637212476893768,3.3120825278067274e-05,1,0,0,BENIGN
2026-08-31 10:10:20.000,40153,22,17,542698.2392290494,11,9,12287,12231,1117.0,1359.0,0.04517796120801534,3.685289273840879e-05,1,0,0,BENIGN
2026-08-31 10:10:20.500,35740,22,6,628198.8264083703,9,16,12024,9216,1336.0,576.0,0.033810951416605325,3.979631758075015e-05,1,0,0,BENIGN
2026-08-31 10:10:21.000,63392,53,6,156085.2265176102,17,11,4029,15862,237.0,1442.0,0.12743678849376208,0.0001793891748944416,0,1,0,BENIGN
2026-08-31 10:10:21.500,45883,53,17,189656.4010583294,5,11,835,9284,167.0,844.0,0.05335438162382048,8.436308982914593e-05,0,0,0,BENIGN
2026-08-31 10:10:22.000,27610,22,6,66909.27755226514,16,13,17152,16549,1072.0,1273.0,0.5036820188147775,0.0004334227039443502,1,0,0,BENIGN
2026-08-31 10:10:22.500,45784,443,6,532845.0673998246,10,9,10260,5202,1026.0,578.0,0.02901781576990331,3.5657644523875495e-05,0,1,0,BENIGN
2026-08-31 10:10:23.000,65143,53,6,20305.345577177628,10,11,2660,9801,266.0,891.0,0.6136807643337449,0.0010342104205929414,1,0,0,BENIGN
2026-08-31 10:10:23.500,24502,8080,6,455256.64613706,12,12,7164,2604,597.0,217.0,0.021456029434537185,5.2717517038174905e-05,0,0,0,BENIGN
2026-08-31 10:10:24.000,63369,8080,17,1018942.1066221959,8,6,9576,3570,1197.0,595.0,0.012901616210022095,1.3739740372760483e-05,0,1,0,BENIGN
2026-08-31 10:10:24.500,7342,80,6,1107434.3286358616,9,8,9711,9080,1079.0,1135.0,0.016968049042670626,1.5350797388398736e-05,0,0,0,BENIGN
2026-08-31 10:10:25.000,29718,1250,6,298044.50139727147,9,14,2286,17990,254.0,1285.0,0.06803010927651128,7.71696840283961e-05,1,0,0,Reconnaissance-PortScan
2026-08-31 10:10:25.500,21204,1251,6,307448.75189969,7,5,8225,4935,1175.0,987.0,0.04280388168193188,3.903089515069776e-05,1,0,0,Reconnaissance-PortScan
2026-08-31 10:10:26.000,13204,1252,6,40046.32858983886,13,5,11622,4310,894.0,862.0,0.3978392166532866,0.00044947940621134567,1,0,0,Reconnaissance-PortScan
2026-08-31 10:10:26.500,34026,1253,6,555491.7873811835,12,8,14640,2136,1220.0,267.0,0.030200266468001183,3.6004132651408185e-05,1,0,0,Reconnaissance-PortScan
2026-08-31 10:10:27.000,16396,1254,6,860909.9000916675,6,8,2784,10368,464.0,1296.0,0.015276859980872377,1.626186433487023e-05,1,0,0,Reconnaissance-PortScan
2026-08-31 10:10:27.500,30820,1255,6,140290.376376671,13,10,4641,13310,357.0,1331.0,0.12795603278248477,0.0001639456717730015,1,0,0,Reconnaissance-PortScan
2026-08-31 10:10:28.000,59296,1256,6,273486.29693785444,15,10,5985,2930,399.0,293.0,0.03259761128616919,9.14122582337891e-05,1,0,0,Reconnaissance-PortScan
2026-08-31 10:10:28.500,53783,1257,6,912676.7516434536,13,6,18707,4284,1439.0,714.0,0.025190736981465,2.0817885374617677e-05,1,0,0,Reconnaissance-PortScan
2026-08-31 10:10:29.000,25451,1258,6,1048275.40771773,10,12,9750,540,975.0,45.0,0.009816122675533218,2.098685120133438e-05,1,0,0,Reconnaissance-PortScan
2026-08-31 10:10:29.500,34314,1259,6,139314.90422755515,11,12,10967,1032,997.0,86.0,0.08612861678847875,0.000165093606645138,1,0,0,Reconnaissance-PortScan
2026-08-31 10:10:30.000,56080,1260,6,399888.28883301787,10,7,9590,10290,959.0,1470.0,0.04971388398874614,4.251187262619137e-05,1,0,0,Reconnaissance-PortScan
2026-08-31 10:10:30.500,29123,1261,6,106901.87086828235,5,9,4705,8298,941.0,922.0,0.12163491520934293,0.00013096122532729377,1,0,0,Reconnaissance-PortScan
2026-08-31 10:10:31.000,46510,1262,6,53725.10663319602,10,12,13590,7428,1359.0,619.0,0.39121374182812924,0.0004094919745084615,1,0,0,Reconnaissance-PortScan
2026-08-31 10:10:31.500,55064,1263,6,1210236.8874451595,13,8,3081,2344,237.0,293.0,0.004482593495730811,1.7351974822183784e-05,1,0,0,Reconnaissance-PortScan
2026-08-31 10:10:32.000,10845,1264,6,858810.9391173632,4,8,1748,784,437.0,98.0,0.002948262399373676,1.397280757997003e-05,1,0,0,Reconnaissance-PortScan
2026-08-31 10:10:32.500,6856,1265,6,713630.8951975792,9,9,5661,13104,629.0,1456.0,0.026295105951854403,2.5223123215208062e-05,1,0,0,Reconnaissance-PortScan
2026-08-31 10:10:33.000,13844,1266,6,24997.762539450643,7,12,1967,7188,281.0,599.0,0.36623277710913343,0.0007600680245847662,1,0,0,Reconnaissance-PortScan
2026-08-31 10:10:33.500,17235,1267,6,928081.1364606515,17,4,7956,4216,468.0,1054.0,0.013115232625337292,2.2627332002307193e-05,1,0,0,Reconnaissance-PortScan
2026-08-31 10:10:34.000,40914,1268,6,288165.9295209507,8,9,5200,11286,650.0,1254.0,0.057210094291279864,5.899378884822017e-05,1,0,0,Reconnaissance-PortScan
2026-08-31 10:10:34.500,6866,1269,6,209575.50967752122,10,14,450,4256,45.0,304.0,0.022454913777934665,0.00011451719733753336,1,0,0,Reconnaissance-PortScan
2026-08-31 10:10:35.000,64139,1270,6,395353.9425761557,11,11,15191,13266,1381.0,1206.0,0.07197854108612724,5.564634022893486e-05,1,0,0,Reconnaissance-PortScan
2026-08-31 10:10:35.500,2340,1271,17,47899.433093989275,13,16,16575,4560,1275.0,285.0,0.44123695481147107,0.0006054351402665087,1,0,0,Reconnaissance-PortScan
2026-08-31 10:10:36.000,61225,1272,6,706620.1815154282,9,7,12024,8953,1336.0,1279.0,0.029686386758322622,2.264299890990904e-05,1,0,0,Reconnaissance-PortScan
2026-08-31 10:10:36.500,46992,1273,6,436657.6211608102,11,5,12617,2380,1147.0,476.0,0.034344986261292176,3.6641980408126615e-05,1,0,0,Reconnaissance-PortScan
2026-08-31 10:10:37.000,18532,1274,6,103260.05530273131,8,7,5992,5089,749.0,727.0,0.10731158303605695,0.0001452643033607846,1,0,0,Reconnaissance-PortScan
2026-08-31 10:10:37.500,23029,1275,6,104270.47001080515,7,11,2793,5665,399.0,515.0,0.08111596694934213,0.00017262797411777707,1,0,0,Reconnaissance-PortScan
2026-08-31 10:10:38.000,55599,1276,6,101822.84525958716,12,9,17328,13023,1444.0,1447.0,0.2980765261434445,0.00020624055382070883,1,0,0,Reconnaissance-PortScan
2026-08-31 10:10:38.500,16230,1277,1,29345.764110159755,14,5,16856,4885,1204.0,977.0,0.7408564967325051,0.0006474528971950506,1,0,0,Reconnaissance-PortScan
2026-08-31 10:10:39.000,19995,1278,6,443121.4243490141,8,6,9888,5502,1236.0,917.0,0.03473088673665916,3.159404901320521e-05,1,0,0,Reconnaissance-PortScan
2026-08-31 10:10:39.500,26623,1279,6,917379.972422134,13,6,14079,4176,1083.0,696.0,0.01989906096554824,2.071115630487081e-05,1,0,0,Reconnaissance-PortScan
2026-08-31 10:10:40.000,23080,1280,6,8826.558707916065,16,14,8672,8204,542.0,586.0,1.91195691767679,0.003398833107981969,1,0,0,Reconnaissance-PortScan
2026-08-31 10:10:40.500,2402,1281,6,25123.05037537511,13,9,3458,4086,266.0,454.0,0.300282007331068,0.0008756898411033267,1,0,0,Reconnaissance-PortScan
2026-08-31 10:10:41.000,53550,1282,6,425216.708356428,10,5,1480,5975,148.0,1195.0,0.017532236747328605,3.52761302763151e-05,1,0,0,Reconnaissance-PortScan
2026-08-31 10:10:41.500,2543,1283,6,856000.2989082547,10,7,7820,3059,782.0,437.0,0.012709107711466945,1.985980614899697e-05,1,0,0,Reconnaissance-PortScan
2026-08-31 10:10:42.000,23185,1284,6,197811.02311442498,10,7,13830,8512,1383.0,1216.0,0.11294618291290408,8.594061004025465e-05,1,0,0,Reconnaissance-PortScan
2026-08-31 10:10:42.500,41727,1285,6,215094.92969092535,4,11,5484,2277,1371.0,207.0,0.0360817431205428,6.973665079347275e-05,1,0,0,Reconnaissance-PortScan
2026-08-31 10:10:43.000,39885,1286,6,453599.21804952517,7,11,5950,9262,850.0,842.0,0.03353621301437903,3.968260808958865e-05,1,0,0,Reconnaissance-PortScan
2026-08-31 10:10:43.500,58594,1287,6,160249.2714337647,6,8,6900,2152,1150.0,269.0,0.05648699628052015,8.736389172859945e-05,1,0,0,Reconnaissance-PortScan
2026-08-31 10:10:44.000,6379,1288,6,13484.388158165902,9,7,7425,5194,825.0,742.0,0.9358229563422892,0.0011865573580693103,1,0,0,Reconnaissance-PortScan
2026-08-31 10:10:44.500,55144,1289,6,664444.0787386447,17,10,4539,14670,267.0,1467.0,0.028909882132107392,4.06354738698995e-05,1,0,0,Reconnaissance-PortScan
2026-08-31 10:10:45.000,10107,1290,6,491281.9288731211,10,11,8910,2013,891.0,183.0,0.022233669422427802,4.2745313363634884e-05,1,0,0,Reconnaissance-PortScan
2026-08-31 10:10:45.500,39366,1291,6,434651.0936994331,11,12,15103,1284,1373.0,107.0,0.03770150411942782,5.291600627002135e-05,1,0,0,Reconnaissance-PortScan
2026-08-31 10:10:46.000,21480,1292,6,676786.0683394994,9,9,7803,9513,867.0,1057.0,0.025585633052744576,2.659629215462014e-05,1,0,0,Reconnaissance-PortScan
2026-08-31 10:10:46.500,14348,1293,6,562320.3092174411,10,3,4180,411,418.0,137.0,0.008164385892993033,2.3118496320825402e-05,1,0,0,Reconnaissance-PortScan
2026-08-31 10:10:47.000,3281,1294,17,115261.59964046741,14,9,5936,414,424.0,46.0,0.05509206899137677,0.00019954607666167965,1,0,0,Reconnaissance-PortScan
2026-08-31 10:10:47.500,28388,1295,6,217303.6073534379,12,2,1824,1708,152.0,854.0,0.01625375686512543,6.442598983911553e-05,1,0,0,Reconnaissance-PortScan
2026-08-31 10:10:48.000,25996,1296,6,67400.46574753866,9,6,12204,1296,1356.0,216.0,0.2002953517942128,0.00022255039088245866,1,0,0,Reconnaissance-PortScan
2026-08-31 10:10:48.500,47203,1297,6,69548.86422232121,8,11,10944,13959,1368.0,1269.0,0.3580647976768384,0.00027318922040958643,1,0,0,Reconnaissance-PortScan
2026-08-31 10:10:49.000,27678,1298,6,563808.0505933256,11,11,3630,3718,330.0,338.0,0.01303280432433871,3.9020372228559013e-05,1,0,0,Reconnaissance-PortScan
2026-08-31 10:10:49.500,16257,1299,6,978081.6410573525,18,10,21024,2680,1168.0,268.0,0.024235195718562412,2.862746709921311e-05,1,0,0,Reconnaissance-PortScan
2026-08-31 10:10:50.000,16911,22,6,1644817.9480354013,12,14,3960,13090,330.0,935.0,0.010365888833023224,1.5807220507836003e-05,1,0,1,SSH-Bruteforce
2026-08-31 10:10:50.500,30344,22,17,494897.48601038463,12,8,8592,5360,716.0,670.0,0.0281916970566816,4.0412409771619264e-05,1,0,0,SSH-Bruteforce
2026-08-31 10:10:51.000,21832,22,6,101732.55125667337,9,8,891,2472,99.0,309.0,0.033057265920565654,0.0001671048232678014,1,0,1,SSH-Bruteforce
2026-08-31 10:10:51.500,53413,22,6,55829.23389996878,9,13,12375,1560,1375.0,120.0,0.24960041584077314,0.00039405878353046347,1,0,0,SSH-Bruteforce
2026-08-31 10:10:52.000,31178,22,6,837925.0179324124,4,3,580,3753,145.0,1251.0,0.005171107088603233,8.35396944847049e-06,1,0,1,SSH-Bruteforce
2026-08-31 10:10:52.500,54069,22,17,432272.0857910576,10,10,6620,8590,662.0,859.0,0.035186172088382366,4.626715593475656e-05,1,1,0,SSH-Bruteforce
2026-08-31 10:10:53.000,63415,22,6,481540.5385879955,10,7,1280,3780,128.0,540.0,0.010507941895675454,3.5303362100095395e-05,1,0,1,SSH-Bruteforce
2026-08-31 10:10:53.500,35797,22,17,760397.8863268138,10,11,13310,8195,1331.0,745.0,0.02828124641902869,2.7617120427789e-05,1,0,0,SSH-Bruteforce
2026-08-31 10:10:54.000,52192,22,6,607478.5014010112,18,15,14058,15435,781.0,1029.0,0.048549866261103226,5.432291006735179e-05,1,1,1,SSH-Bruteforce
2026-08-31 10:10:54.500,28771,22,17,899265.9336853519,11,13,13002,9646,1182.0,742.0,0.025184986055162367,2.668843453390572e-05,1,0,0,SSH-Bruteforce
2026-08-31 10:10:55.000,11884,22,6,28927.8666399649,11,6,10329,8112,939.0,1352.0,0.6374821974652035,0.0005876686381925308,1,1,1,SSH-Bruteforce
2026-08-31 10:10:55.500,43862,22,17,688212.8816479518,9,10,4356,1450,484.0,145.0,0.008436343106529697,2.76077366558843e-05,1,0,0,SSH-Bruteforce
2026-08-31 10:10:56.000,43180,22,6,951410.6275493519,11,6,16412,4080,1492.0,680.0,0.021538544353417628,1.78682048608286e-05,1,0,1,SSH-Bruteforce
2026-08-31 10:10:56.500,19180,22,17,168530.7348132644,9,8,9414,5184,1046.0,648.0,0.08661921527434566,0.00010087180844388794,1,1,0,SSH-Bruteforce
2026-08-31 10:10:57.000,58529,22,6,511447.2238721316,10,15,14140,15525,1414.0,1035.0,0.05800207453435432,4.888089881540057e-05,1,0,1,SSH-Bruteforce
2026-08-31 10:10:57.500,21384,22,6,188556.9619133633,20,11,6900,11528,345.0,1048.0,0.09773174011729059,0.000164406552183417,1,1,0,SSH-Bruteforce
2026-08-31 10:10:58.000,19159,22,6,1584698.5023009577,10,13,6540,16718,654.0,1286.0,0.014676608809866973,1.4513801815587772e-05,1,1,1,SSH-Bruteforce
2026-08-31 10:10:58.500,26375,22,6,16997.453414243373,10,9,2410,3789,241.0,421.0,0.3647016906166897,0.0011178145058424109,1,1,0,SSH-Bruteforce
2026-08-31 10:10:59.000,57606,22,6,433503.73016649723,8,10,7864,8770,983.0,877.0,0.0383710654421073,4.152213406023394e-05,1,0,1,SSH-Bruteforce
2026-08-31 10:10:59.500,31523,22,6,91062.91620431998,11,6,11946,858,1086.0,143.0,0.14060608348919232,0.0001866841158478811,1,1,0,SSH-Bruteforce
2026-08-31 10:11:00.000,48401,22,6,622779.8463062178,14,8,16142,5624,1153.0,703.0,0.03494975010631328,3.5325484808365895e-05,1,1,1,SSH-Bruteforce
2026-08-31 10:11:00.500,24578,22,6,96725.80337277714,9,12,4590,14124,510.0,1177.0,0.19347474350708974,0.00021710856116537804,1,0,0,SSH-Bruteforce
2026-08-31 10:11:01.000,63515,22,17,134190.28332078364,9,9,10404,10062,1156.0,1118.0,0.15251476852128415,0.00013413787908644165,1,1,1,SSH-Bruteforce
2026-08-31 10:11:01.500,56645,22,6,340975.85324907623,8,9,8144,1440,1018.0,160.0,0.02810756218774823,4.985690287893571e-05,1,1,0,SSH-Bruteforce
2026-08-31 10:11:02.000,50155,22,1,1231582.0702687367,8,7,10784,8960,1348.0,1280.0,0.016031412340658267,1.217945629608357e-05,1,0,1,SSH-Bruteforce
2026-08-31 10:11:02.500,59307,22,6,118947.39145394322,11,10,3828,10660,348.0,1066.0,0.121801746315654,0.0001765486383647663,1,0,0,SSH-Bruteforce
2026-08-31 10:11:03.000,20628,22,6,77882.6703309313,8,10,6176,11550,772.0,1155.0,0.22759877033497253,0.00023111688288556388,1,0,1,SSH-Bruteforce
2026-08-31 10:11:03.500,17947,22,6,711431.1083631174,14,9,8050,4014,575.0,446.0,0.016957369249128912,3.232920198358463e-05,1,1,0,SSH-Bruteforce
2026-08-31 10:11:04.000,48615,22,6,347193.50675156346,13,9,5395,6435,415.0,715.0,0.034073217873064374,6.336524033875031e-05,1,1,1,SSH-Bruteforce
2026-08-31 10:11:04.500,63285,22,6,1213989.7681780022,14,6,7532,2880,538.0,480.0,0.008576678546097569,1.647460343084435e-05,1,0,0,SSH-Bruteforce
2026-08-31 10:11:05.000,51637,22,6,79271.98310638528,8,15,5400,7065,675.0,471.0,0.15724344856743622,0.0002901403383113544,1,1,1,SSH-Bruteforce
2026-08-31 10:11:05.500,55360,22,6,519127.3472827269,7,11,1267,10428,181.0,948.0,0.022528190936173878,3.4673573052683185e-05,1,1,0,SSH-Bruteforce
2026-08-31 10:11:06.000,9571,22,6,132555.46154023113,11,7,12265,700,1115.0,100.0,0.0978081163037329,0.00013579221700479692,1,0,1,SSH-Bruteforce
2026-08-31 10:11:06.500,61972,22,1,85252.08616449735,13,8,14729,6120,1133.0,765.0,0.24455706523504234,0.00024632828288819077,1,0,0,SSH-Bruteforce
2026-08-31 10:11:07.000,45307,22,1,575104.5226909061,13,12,3887,15720,299.0,1310.0,0.03409293306878929,4.3470358888138536e-05,1,0,1,SSH-Bruteforce
2026-08-31 10:11:07.500,34026,22,6,450312.81133883185,9,10,12204,9780,1356.0,978.0,0.04881939719669721,4.219289240980926e-05,1,1,0,SSH-Bruteforce
2026-08-31 10:11:08.000,15586,22,6,702896.5323619331,9,5,3753,4540,417.0,908.0,0.011798322538333158,1.9917582965954924e-05,1,0,1,SSH-Bruteforce
2026-08-31 10:11:08.500,51724,22,6,185142.5549203286,14,10,15428,14350,1102.0,1435.0,0.16083822550253682,0.00012962984122711005,1,1,0,SSH-Bruteforce
2026-08-31 10:11:09.000,8504,22,6,297077.9434447734,9,9,3483,12168,387.0,1352.0,0.05268314375005992,6.0590159574537e-05,1,0,1,SSH-Bruteforce
2026-08-31 10:11:09.500,27696,22,6,259993.4605720818,11,11,9537,11957,867.0,1087.0,0.08267131008556344,8.46175128818459e-05,1,1,0,SSH-Bruteforce
2026-08-31 10:11:10.000,5237,22,6,2070386.8727959164,8,10,4360,4450,545.0,445.0,0.0042552433633140955,8.694027303025394e-06,1,0,1,SSH-Bruteforce
2026-08-31 10:11:10.500,11317,22,6,172831.44046938885,8,9,3368,12339,421.0,1371.0,0.09088045529466701,9.836173298588777e-05,1,1,0,SSH-Bruteforce
2026-08-31 10:11:11.000,35465,22,17,174649.13668912495,17,9,7888,5868,464.0,652.0,0.07876363009854444,0.00014886990277421892,1,1,1,SSH-Bruteforce
2026-08-31 10:11:11.500,56884,22,6,218902.3779797281,15,14,22485,20090,1499.0,1435.0,0.19449309044051508,0.0001324791455731048,1,1,0,SSH-Bruteforce
2026-08-31 10:11:12.000,63531,22,6,415738.2682724594,12,8,4332,2032,361.0,254.0,0.015307707963213514,4.810719033065215e-05,1,1,1,SSH-Bruteforce
2026-08-31 10:11:12.500,58158,22,6,145391.93520438395,14,10,4046,3010,289.0,301.0,0.04853088989836855,0.00016507105407608351,1,1,0,SSH-Bruteforce
2026-08-31 10:11:13.000,3124,22,6,1234260.4583586722,7,10,1533,9540,219.0,954.0,0.008971364127337624,1.3773429979656787e-05,1,1,1,SSH-Bruteforce
2026-08-31 10:11:13.500,45641,22,6,154408.97817890547,14,6,14602,8454,1043.0,1409.0,0.14931774220921962,0.00012952614695456248,1,1,0,SSH-Bruteforce
2026-08-31 10:11:14.000,63021,22,1,1130797.0678633342,10,8,680,11808,68.0,1476.0,0.01104353765568734,1.5917975480651195e-05,1,0,1,SSH-Bruteforce
2026-08-31 10:11:14.500,29196,22,6,54614.585547048875,10,13,13890,2106,1389.0,162.0,0.29288879219436764,0.00042113292200990593,1,1,0,SSH-Bruteforce
2026-08-31 10:11:15.000,21156,445,17,534375.3618595588,55,9,42735,7227,777.0,803.0,0.09349607703694195,0.00011976600076786927,1,1,0,DoS-DoS attack-HOIC
2026-08-31 10:11:15.500,53349,445,6,1187500.0411167527,30,9,6780,3231,226.0,359.0,0.008430315497506105,3.28421041257355e-05,0,1,0,DoS-DoS attack-HOIC
2026-08-31 10:11:16.000,19223,445,6,92412.00570057446,55,10,5170,14000,94.0,1400.0,0.20744057931215779,0.0007033718130041865,1,1,0,DoS-DoS attack-HOIC
2026-08-31 10:11:16.500,37633,445,6,1726144.7181381306,40,7,36680,1379,917.0,197.0,0.022048556879304446,2.7228307977805748e-05,0,1,0,DoS-DoS attack-HOIC
2026-08-31 10:11:17.000,43989,445,6,301546.63210966595,55,8,30415,11120,553.0,1390.0,0.13773989020549637,0.00020892291038753514,0,0,0,DoS-DoS attack-HOIC
2026-08-31 10:11:17.500,9040,445,17,1456754.6654622103,70,5,103110,5640,1473.0,1128.0,0.074652240749645,5.148430396527241e-05,0,0,0,DoS-DoS attack-HOIC
2026-08-31 10:11:18.000,40803,445,17,564772.9852201779,35,9,1960,3672,56.0,408.0,0.009972148362770277,7.790740908414279e-05,1,0,0,DoS-DoS attack-HOIC
2026-08-31 10:11:18.500,38285,445,6,179472.23716893294,60,12,7620,10908,127.0,909.0,0.10323602297065966,0.0004011762550673303,1,1,0,DoS-DoS attack-HOIC
2026-08-31 10:11:19.000,32905,445,6,104313.78793646341,65,10,83590,10670,1286.0,1067.0,0.903619759723199,0.0007189845319248878,1,1,0,DoS-DoS attack-HOIC
2026-08-31 10:11:19.500,18082,445,6,181012.50518858567,40,7,44840,5075,1121.0,725.0,0.27575442892875895,0.00025965056916060644,0,1,0,DoS-DoS attack-HOIC
2026-08-31 10:11:20.000,25496,445,17,48816.01169356458,90,11,66870,10483,743.0,953.0,1.5845825437302496,0.0020689932764954844,0,0,0,DoS-DoS attack-HOIC
2026-08-31 10:11:20.500,42370,445,6,77665.33490445191,60,7,45840,7861,764.0,1123.0,0.6914410407056308,0.0008626757365277605,0,0,0,DoS-DoS attack-HOIC
2026-08-31 10:11:21.000,35950,445,6,55276.11819946485,50,9,64650,9972,1293.0,1108.0,1.349986258391469,0.0010673687283253822,1,0,0,DoS-DoS attack-HOIC
2026-08-31 10:11:21.500,52837,445,6,274907.58639589563,60,10,73020,6230,1217.0,623.0,0.28827869407353834,0.00025463102315643766,0,1,0,DoS-DoS attack-HOIC
2026-08-31 10:11:22.000,35856,445,6,793785.31747235,65,7,86840,4074,1336.0,582.0,0.11453222678438053,9.070462556344895e-05,0,1,0,DoS-DoS attack-HOIC
2026-08-31 10:11:22.500,62219,445,6,76216.48459481406,55,11,60995,2145,1109.0,195.0,0.828429706872257,0.0008659543974274464,0,1,0,DoS-DoS attack-HOIC
2026-08-31 10:11:23.000,37045,445,6,69815.22458447776,55,7,51370,6489,934.0,927.0,0.8287447377856967,0.0008880584479979466,1,1,0,DoS-DoS attack-HOIC
2026-08-31 10:11:23.500,55155,445,17,515610.8794468862,50,7,24550,5537,491.0,791.0,0.058352143445250526,0.00011054848194832585,1,0,0,DoS-DoS attack-HOIC
2026-08-31 10:11:24.000,25111,445,6,109814.23196946426,30,9,41070,927,1369.0,103.0,0.3824367683767403,0.00035514522386582065,1,0,0,DoS-DoS attack-HOIC
2026-08-31 10:11:24.500,13852,445,6,51354.26104560244,80,7,37280,3220,466.0,460.0,0.7886395241117327,0.0016941145332770554,1,0,0,DoS-DoS attack-HOIC
2026-08-31 10:11:25.000,62634,445,1,91269.93723510875,45,9,7065,3258,157.0,362.0,0.11310405497789712,0.000591651551758834,1,0,0,DoS-DoS attack-HOIC
2026-08-31 10:11:25.500,32152,445,6,1286746.9523768364,30,8,21810,9376,727.0,1172.0,0.024236311531301385,2.9531836022236024e-05,1,0,0,DoS-DoS attack-HOIC
2026-08-31 10:11:26.000,59107,445,17,861502.8209282701,75,7,79575,4102,1061.0,586.0,0.09712910737641772,9.518250899131485e-05,1,1,0,DoS-DoS attack-HOIC
2026-08-31 10:11:26.500,2425,445,6,218527.86096009708,60,5,37140,1450,619.0,290.0,0.1765907551956525,0.0002974449102803165,0,0,0,DoS-DoS attack-HOIC
2026-08-31 10:11:27.000,20667,445,6,533296.366042089,75,12,21750,10860,290.0,905.0,0.06114798839040817,0.00016313630757330608,0,1,0,DoS-DoS attack-HOIC
2026-08-31 10:11:27.500,16217,445,17,385311.9048558483,45,9,19890,4941,442.0,549.0,0.06444389515721104,0.00014014620186417767,0,1,0,DoS-DoS attack-HOIC
2026-08-31 10:11:28.000,27877,445,6,565243.8732231035,75,4,72000,1920,960.0,480.0,0.13077541128785627,0.00013976268251813644,0,0,0,DoS-DoS attack-HOIC
2026-08-31 10:11:28.500,45888,445,6,573908.3344354256,65,11,15535,5423,239.0,493.0,0.03651802690799388,0.0001324253289916755,1,0,0,DoS-DoS attack-HOIC
2026-08-31 10:11:29.000,21331,445,6,495418.2663573485,50,6,60450,4098,1209.0,683.0,0.13028990730054793,0.00011303579985174884,1,1,0,DoS-DoS attack-HOIC
2026-08-31 10:11:29.500,38006,445,6,154692.18208957862,80,9,89120,7704,1114.0,856.0,0.6259139840542967,0.0005753361210116541,0,1,0,DoS-DoS attack-HOIC
2026-08-31 10:11:30.000,20635,445,6,19893.77568452158,45,10,42885,7180,953.0,718.0,2.5166162908827348,0.0027646838309907202,0,1,0,DoS-DoS attack-HOIC
2026-08-31 10:11:30.500,44815,445,6,304004.9962070329,45,5,64395,1565,1431.0,313.0,0.2169701183230237,0.00016447098114237698,1,1,0,DoS-DoS attack-HOIC
2026-08-31 10:11:31.000,12974,445,1,1108083.9177282746,60,11,21540,1089,359.0,99.0,0.020421738496294,6.407456950094454e-05,1,0,0,DoS-DoS attack-HOIC
2026-08-31 10:11:31.500,11728,445,6,421400.79350061936,25,14,5950,5334,238.0,381.0,0.026777358215191973,9.254847309398148e-05,1,1,0,DoS-DoS attack-HOIC
2026-08-31 10:11:32.000,44135,445,6,893060.8209483182,65,9,11960,13113,184.0,1457.0,0.028075355464698224,8.286109777001828e-05,0,0,0,DoS-DoS attack-HOIC
2026-08-31 10:11:32.500,12891,445,6,2391212.875978783,50,12,56100,1824,1122.0,152.0,0.024223690237552786,2.5928264531597832e-05,1,0,0,DoS-DoS attack-HOIC
2026-08-31 10:11:33.000,3769,445,6,89333.84264307671,50,10,9100,12840,182.0,1284.0,0.24559561470117028,0.0006716379618081229,0,0,0,DoS-DoS attack-HOIC
2026-08-31 10:11:33.500,56267,445,6,588466.9028259934,40,16,51440,1712,1286.0,107.0,0.0903228367540214,9.516253119779497e-05,1,0,0,DoS-DoS attack-HOIC
2026-08-31 10:11:34.000,4890,445,1,560879.4180804346,65,6,75595,8268,1163.0,1378.0,0.14952055164641143,0.00012658692351686933,1,1,0,DoS-DoS attack-HOIC
2026-08-31 10:11:34.500,33269,445,6,1954898.9254179047,70,10,76230,5060,1089.0,506.0,0.04158271250888665,4.09228318453799e-05,0,1,0,DoS-DoS attack-HOIC
2026-08-31 10:11:35.000,45748,445,6,2120289.0213218057,65,12,97175,10764,1495.0,897.0,0.050907682355587944,3.631580375378938e-05,1,0,0,DoS-DoS attack-HOIC
2026-08-31 10:11:35.500,64169,445,6,580262.9078183483,65,10,36725,3020,565.0,302.0,0.0684948140985728,0.00012925175638175772,0,1,0,DoS-DoS attack-HOIC
2026-08-31 10:11:36.000,6842,445,6,139602.249078049,75,9,12075,10746,161.0,1194.0,0.16347157835262735,0.0006017095035984706,1,0,0,DoS-DoS attack-HOIC
2026-08-31 10:11:36.500,52398,445,6,801121.5241543879,35,8,10640,3704,304.0,463.0,0.01790489902884778,5.367475308424808e-05,1,0,0,DoS-DoS attack-HOIC
2026-08-31 10:11:37.000,49885,445,6,56600.661867097646,80,6,85600,7980,1070.0,1330.0,1.6533375564264439,0.0015194168610031436,0,1,0,DoS-DoS attack-HOIC
2026-08-31 10:11:37.500,52968,445,17,758655.7253056694,75,9,57750,6831,770.0,759.0,0.08512556861431246,0.00011072215920475446,1,1,0,DoS-DoS attack-HOIC
2026-08-31 10:11:38.000,60065,445,6,1205063.5718165955,35,9,44905,11475,1283.0,1275.0,0.04678591347221712,3.651259653738122e-05,1,1,0,DoS-DoS attack-HOIC
2026-08-31 10:11:38.500,31140,445,6,241308.13342018137,30,9,13050,5418,435.0,602.0,0.07653285339983544,0.00016161908612700792,1,1,0,DoS-DoS attack-HOIC
2026-08-31 10:11:39.000,16517,445,6,497985.3812843907,35,6,33320,6132,952.0,1022.0,0.0792232091180151,8.233173410317902e-05,1,0,0,DoS-DoS attack-HOIC
2026-08-31 10:11:39.500,29062,445,6,281184.67834903515,45,9,6615,8622,147.0,958.0,0.05418858555495116,0.00019204460326621792,1,0,0,DoS-DoS attack-HOIC
2026-08-31 10:11:40.000,21471,8080,6,287917.732412566,2,2,10776,3270,5388.0,1635.0,0.0487847687664656,1.3892857401812787e-05,1,0,0,Bot-C2
2026-08-31 10:11:40.500,31455,8080,6,185800.67317664358,2,2,7425,6032,3712.5,3016.0,0.07242707881086066,2.1528447294600777e-05,1,1,0,Bot-C2
2026-08-31 10:11:41.000,18932,8080,6,718014.6887064507,2,2,13608,4151,6804.0,2075.5,0.024733477293823386,5.570916671844898e-06,1,1,0,Bot-C2
2026-08-31 10:11:41.500,30360,8080,6,1375817.4116340876,2,2,6464,7182,3232.0,3591.0,0.009918467294067148,2.907362536733738e-06,1,0,0,Bot-C2
2026-08-31 10:11:42.000,42016,8080,6,1413002.0004597472,2,2,9648,1698,4824.0,849.0,0.008029712623356559,2.8308523262318206e-06,0,1,0,Bot-C2
2026-08-31 10:11:42.500,56374,8080,6,96053.40927009861,2,2,15730,8312,7865.0,4156.0,0.2502982474041271,4.1643498445075634e-05,1,0,0,Bot-C2
2026-08-31 10:11:43.000,5049,8080,17,1038696.4194788253,2,2,17820,20955,8910.0,10477.5,0.03733044542416193,3.850980830345525e-06,1,0,0,Bot-C2
2026-08-31 10:11:43.500,52742,8080,17,668621.5277675606,2,2,20825,2569,10412.5,1284.5,0.03498840379513297,5.982457689173799e-06,1,0,0,Bot-C2
2026-08-31 10:11:44.000,52979,8080,6,145736.2238886478,2,2,675,12818,337.5,6409.0,0.09258508035300614,2.7446848099905474e-05,0,1,0,Bot-C2
2026-08-31 10:11:44.500,62264,8080,17,34827.58801762422,2,2,9603,15197,4801.5,7598.5,0.7120791706944898,0.00011485147914427255,0,1,0,Bot-C2
2026-08-31 10:11:45.000,21117,8080,6,155985.5156316425,2,2,4972,5040,2486.0,2520.0,0.06418544669879052,2.564340659160628e-05,0,0,0,Bot-C2
2026-08-31 10:11:45.500,7179,8080,6,1216393.797871606,2,2,12650,5710,6325.0,2855.0,0.01509379613080452,3.2884087430946667e-06,0,1,0,Bot-C2
2026-08-31 10:11:46.000,47631,8080,6,501440.2010278992,2,2,5220,7368,2610.0,3684.0,0.02510369127553973,7.977022966488634e-06,0,1,0,Bot-C2
2026-08-31 10:11:46.500,34511,8080,6,638369.7167758628,2,2,6657,4020,3328.5,2010.0,0.016725417448931922,6.26596139324976e-06,0,1,0,Bot-C2
2026-08-31 10:11:47.000,48682,8080,6,148632.15194438418,2,2,8346,7840,4173.0,3920.0,0.10889972181098173,2.6912077551212586e-05,1,0,0,Bot-C2
2026-08-31 10:11:47.500,56692,8080,17,635391.4505692121,2,2,14573,10989,7286.5,5494.5,0.04023031782485917,6.295331793264873e-06,0,1,0,Bot-C2
2026-08-31 10:11:48.000,21987,8080,6,14262.244397212922,2,2,14436,12987,7218.0,6493.5,1.9227689006739512,0.0002804607666081685,1,1,0,Bot-C2
2026-08-31 10:11:48.500,51148,8080,6,235258.95735232832,2,2,2321,7506,1160.5,3753.0,0.041770991889865376,1.7002540710233184e-05,1,1,0,Bot-C2
2026-08-31 10:11:49.000,53894,8080,6,492757.90695771034,2,2,3289,11150,1644.5,5575.0,0.029302421728457755,8.117576488249257e-06,1,0,0,Bot-C2
2026-08-31 10:11:49.500,57571,8080,17,78968.58299565791,2,2,832,11350,416.0,5675.0,0.1542638798410146,5.0653055275329044e-05,0,0,0,Bot-C2
2026-08-31 10:11:50.000,65134,8080,6,865812.8706138362,2,2,3081,11088,1540.5,5544.0,0.01636496809038071,4.619935941952349e-06,1,0,0,Bot-C2
2026-08-31 10:11:50.500,54578,8080,6,133960.17973610634,2,2,11124,2904,5562.0,1452.0,0.10471768570770178,2.9859619534559962e-05,1,1,0,Bot-C2
2026-08-31 10:11:51.000,21960,8080,6,528180.4605527639,2,2,4620,11208,2310.0,5604.0,0.029967030554548798,7.573169207619104e-06,0,0,0,Bot-C2
2026-08-31 10:11:51.500,52383,8080,6,259762.63019923968,2,2,12991,1552,6495.5,776.0,0.05598572815606912,1.5398673769117546e-05,0,1,0,Bot-C2
2026-08-31 10:11:52.000,5450,8080,1,453224.15822089155,2,2,14958,686,7479.0,343.0,0.03451713620267851,8.82565487156188e-06,1,0,0,Bot-C2
2026-08-31 10:11:52.500,24327,8080,1,56836.68182306739,2,2,405,17394,202.5,8697.0,0.3131604348803593,7.037708520262021e-05,0,1,0,Bot-C2
2026-08-31 10:11:53.000,46304,8080,6,8528.727326465902,2,2,17400,2160,8700.0,1080.0,2.2934254113586414,0.00046900315160708415,0,0,0,Bot-C2
2026-08-31 10:11:53.500,28630,8080,1,1201558.7932777433,2,2,999,2672,499.5,1336.0,0.003055197981577991,3.3290089693031773e-06,1,0,0,Bot-C2
2026-08-31 10:11:54.000,48856,8080,6,157102.01796655759,2,2,9680,16620,4840.0,8310.0,0.16740714307008092,2.5461162444118773e-05,1,1,0,Bot-C2
2026-08-31 10:11:54.500,29175,8080,17,856502.8035793866,2,2,5181,20880,2590.5,10440.0,0.030427220892663684,4.67015400677851e-06,1,0,0,Bot-C2
2026-08-31 10:11:55.000,14791,8080,6,3669500.2834376665,2,2,7014,8718,3507.0,4359.0,0.0042872322618324075,1.0900666823881027e-06,1,1,0,Bot-C2
2026-08-31 10:11:55.500,12332,8080,6,118767.847827395,2,2,4190,7259,2095.0,3629.5,0.0963981431714989,3.3679148631845195e-05,1,1,0,Bot-C2
2026-08-31 10:11:56.000,45269,8080,6,154058.55384253812,2,2,5890,8082,2945.0,4041.0,0.09069278953100994,2.5964153888064683e-05,1,1,0,Bot-C2
2026-08-31 10:11:56.500,63546,8080,6,543628.1873638286,2,2,5929,9912,2964.5,4956.0,0.02913940146577951,7.357970195260276e-06,1,1,0,Bot-C2
2026-08-31 10:11:57.000,59011,8080,6,1682654.105015206,2,2,1045,5192,522.5,2596.0,0.003706644153051628,2.377196827353938e-06,1,1,0,Bot-C2
2026-08-31 10:11:57.500,46695,8080,6,1237365.3891602308,2,2,9810,3104,4905.0,1552.0,0.010436690821504264,3.2326748711489126e-06,0,1,0,Bot-C2
2026-08-31 10:11:58.000,25794,8080,6,349457.4108006709,2,2,19822,14950,9911.0,7475.0,0.09950282616509963,1.1446316135407757e-05,0,0,0,Bot-C2
2026-08-31 10:11:58.500,29596,8080,6,792641.7040715163,2,2,2805,8016,1402.5,4008.0,0.013651817642548815,5.046416280398785e-06,0,0,0,Bot-C2
2026-08-31 10:11:59.000,42472,8080,6,72944.2009637046,2,2,360,5473,180.0,2736.5,0.07996523263175805,5.483643588668475e-05,0,0,0,Bot-C2
2026-08-31 10:11:59.500,3228,8080,6,1895748.184090207,2,2,1743,10680,871.5,5340.0,0.006553085533296406,2.1099848775002515e-06,0,0,0,Bot-C2
2026-08-31 10:12:00.000,28257,8080,1,1667048.4262668802,2,2,5280,7965,2640.0,3982.5,0.007945180110682721,2.399450392052162e-06,1,0,0,Bot-C2
2026-08-31 10:12:00.500,22753,8080,6,89401.25268997047,2,2,9802,2220,4901.0,1110.0,0.13447238866266994,4.4742102366551304e-05,0,0,0,Bot-C2
2026-08-31 10:12:01.000,32155,8080,6,177925.58795233624,2,2,10488,5484,5244.0,2742.0,0.08976786409935032,2.248130831438776e-05,0,1,0,Bot-C2
2026-08-31 10:12:01.500,53452,8080,6,52766.37497063112,2,2,2951,1576,1475.5,788.0,0.08579327273593684,7.580585176579354e-05,1,1,0,Bot-C2
2026-08-31 10:12:02.000,34894,8080,17,158533.19620153945,2,2,19424,4239,9712.0,2119.5,0.14926211396397493,2.5231308619190285e-05,0,1,0,Bot-C2
2026-08-31 10:12:02.500,39035,8080,6,846289.6376585956,2,2,2760,9716,1380.0,4858.0,0.014741997827563575,4.726514212107591e-06,1,0,0,Bot-C2
2026-08-31 10:12:03.000,40406,8080,6,237661.36101778163,2,2,7136,11790,3568.0,5895.0,0.0796343163152534,1.6830670255786412e-05,0,1,0,Bot-C2
2026-08-31 10:12:03.500,50091,8080,17,46275.327329987704,2,2,2024,5922,1012.0,2961.0,0.1717113731388704,8.643915083758892e-05,0,1,0,Bot-C2
2026-08-31 10:12:04.000,59609,8080,17,209446.57461582465,2,2,8302,3948,4151.0,1974.0,0.05848746880623171,1.9097948997953212e-05,1,1,0,Bot-C2
2026-08-31 10:12:04.500,42499,8080,6,1991849.0454528397,2,2,7992,5985,3996.0,2992.5,0.007017098023486116,2.008184309504505e-06,0,1,0,Bot-C2
2026-08-31 10:12:05.000,47705,443,6,496698.7454132283,14,8,351960,75840,25140.0,9480.0,0.8612866530103255,4.429244124877784e-05,0,0,1,Data-Exfiltration
2026-08-31 10:12:05.500,22631,443,6,269064.9636489565,16,17,420160,283900,26260.0,16700.0,2.616691487533864,0.0001226469606121886,0,1,1,Data-Exfiltration
2026-08-31 10:12:06.000,25992,443,17,91083.89240709777,11,9,139040,174780,12640.0,19420.0,3.445395137077952,0.00021957779217882556,1,1,1,Data-Exfiltration
2026-08-31 10:12:06.500,34422,443,6,2140703.371231012,10,8,16000,97760,1600.0,12220.0,0.05314141208366055,8.408451279060214e-06,1,1,1,Data-Exfiltration
2026-08-31 10:12:07.000,12932,443,6,859763.1525189313,11,7,89980,42700,8180.0,6100.0,0.15432157055083293,2.0935998416603802e-05,1,0,1,Data-Exfiltration
2026-08-31 10:12:07.500,27447,443,17,165278.99188770252,8,13,9440,379860,1180.0,29220.0,2.3554112687288935,0.00012705789017032306,1,0,1,Data-Exfiltration
2026-08-31 10:12:08.000,44639,443,6,36322.28096498012,12,4,257280,11280,21440.0,2820.0,7.393808780483588,0.00044050096994242404,1,1,1,Data-Exfiltration
2026-08-31 10:12:08.500,10195,443,6,29145.999605392193,7,6,120960,135120,17280.0,22520.0,8.786111417663042,0.0004460303359482176,0,1,1,Data-Exfiltration
2026-08-31 10:12:09.000,13745,443,6,64131.58960559025,11,7,278520,145040,25320.0,20720.0,6.604545474996826,0.0002806729118659525,0,0,1,Data-Exfiltration
2026-08-31 10:12:09.500,61770,443,6,434666.10255777685,12,12,13680,179520,1140.0,14960.0,0.44447910444057365,5.521479558267996e-05,1,0,1,Data-Exfiltration
2026-08-31 10:12:10.000,62239,443,6,1320874.4226866015,8,7,125920,147560,15740.0,21080.0,0.20704466321763051,1.1356113603424227e-05,1,1,1,Data-Exfiltration
2026-08-31 10:12:10.500,56859,443,6,343327.57772182475,12,7,85920,120820,7160.0,17260.0,0.6021654344396589,5.534073355109566e-05,0,0,1,Data-Exfiltration
2026-08-31 10:12:11.000,50453,443,6,925581.1442038331,12,6,216000,31320,18000.0,5220.0,0.2672050976255224,1.94472414574616e-05,1,0,1,Data-Exfiltration
2026-08-31 10:12:11.500,17640,443,6,295192.9779407672,13,7,261820,133560,20140.0,19080.0,1.3393950043958776,6.77522891595871e-05,0,0,1,Data-Exfiltration
2026-08-31 10:12:12.000,43536,443,1,616500.9603393448,14,10,376600,95000,26900.0,9500.0,0.7649623120339738,3.892937974727602e-05,1,1,1,Data-Exfiltration
2026-08-31 10:12:12.500,39482,443,6,658146.7751553792,8,6,46560,150360,5820.0,25060.0,0.299203775556779,2.127185079115837e-05,1,0,1,Data-Exfiltration
2026-08-31 10:12:13.000,47193,443,1,95558.28342106922,10,9,75800,122220,7580.0,13580.0,2.0722431681481734,0.00019883153315228407,0,0,1,Data-Exfiltration
2026-08-31 10:12:13.500,8683,443,6,224094.50112157187,14,10,221200,196800,15800.0,19680.0,1.865284502249259,0.00010709767477029237,0,1,1,Data-Exfiltration
2026-08-31 10:12:14.000,61638,443,17,507092.58925046574,12,7,241680,52220,20140.0,7460.0,0.5795785744544565,3.746850260168314e-05,1,1,1,Data-Exfiltration
2026-08-31 10:12:14.500,44393,443,6,36660.00728235617,8,9,80160,170280,10020.0,18920.0,6.8314225363566194,0.00046372058424398076,1,1,1,Data-Exfiltration
2026-08-31 10:12:15.000,12728,443,6,224348.27319387614,13,10,174200,272800,13400.0,27280.0,1.9924378896100952,0.00010251917552803621,0,0,1,Data-Exfiltration
2026-08-31 10:12:15.500,33817,443,6,382643.3555246808,8,10,70400,78000,8800.0,7800.0,0.3878285036274458,4.704119316235866e-05,0,0,1,Data-Exfiltration
2026-08-31 10:12:16.000,49176,443,17,2789610.3062433368,9,5,73800,60900,8200.0,12180.0,0.04828631429201757,5.018622123891952e-06,1,1,1,Data-Exfiltration
2026-08-31 10:12:16.500,47497,443,6,321734.4793413903,9,9,57780,138060,6420.0,15340.0,0.6087006913116964,5.594675471614857e-05,0,1,1,Data-Exfiltration
2026-08-31 10:12:17.000,32250,443,6,846564.0157676816,13,10,111540,30800,8580.0,3080.0,0.16813849555044197,2.716864829043252e-05,1,1,1,Data-Exfiltration
2026-08-31 10:12:17.500,24876,443,6,282876.1634511041,6,10,45120,189600,7520.0,18960.0,0.8297623848121596,5.656185308876343e-05,1,1,1,Data-Exfiltration
2026-08-31 10:12:18.000,33106,443,17,795776.2143215298,6,5,168960,40600,28160.0,8120.0,0.26334036658287807,1.3822981639681517e-05,1,1,1,Data-Exfiltration
2026-08-31 10:12:18.500,23818,443,6,452446.4691297593,6,8,37440,213120,6240.0,26640.0,0.5537892703116726,3.094288707041593e-05,1,0,1,Data-Exfiltration
2026-08-31 10:12:19.000,42444,443,6,1088396.845052435,11,9,289520,151740,26320.0,16860.0,0.4054219763699218,1.8375650472280368e-05,1,0,1,Data-Exfiltration
2026-08-31 10:12:19.500,53940,443,6,264615.78293818125,12,11,254160,252780,21180.0,22980.0,1.9157587440627917,8.691847381040006e-05,1,1,1,Data-Exfiltration
2026-08-31 10:12:20.000,56775,443,17,463555.0501401643,12,7,162960,130900,13580.0,18700.0,0.6339268656544822,4.098758064192187e-05,1,0,1,Data-Exfiltration
2026-08-31 10:12:20.500,61799,443,6,497151.3813887149,3,7,86220,141120,28740.0,20160.0,0.45728526261033065,2.0114597633954898e-05,0,1,1,Data-Exfiltration
2026-08-31 10:12:21.000,14403,443,6,270112.5777246215,12,8,205680,66720,17140.0,8340.0,1.0084684033767053,7.40432014226656e-05,0,0,1,Data-Exfiltration
2026-08-31 10:12:21.500,55278,443,6,77924.75315912574,17,9,15300,217800,900.0,24200.0,2.99134730005607,0.0003336552115034656,1,0,1,Data-Exfiltration
2026-08-31 10:12:22.000,8030,443,6,49114.89265562232,12,10,354480,210200,29540.0,21020.0,11.497123771487836,0.00044792931035760497,0,1,1,Data-Exfiltration
2026-08-31 10:12:22.500,53659,443,6,8406.042520103338,14,16,175000,50240,12500.0,3140.0,26.79501075486839,0.003568861315246189,1,1,1,Data-Exfiltration
2026-08-31 10:12:23.000,52170,443,6,1033891.9355516334,15,9,335700,189540,22380.0,21060.0,0.508022146158513,2.321325776369719e-05,1,1,1,Data-Exfiltration
2026-08-31 10:12:23.500,9706,443,6,134904.64798743778,16,6,467520,143760,29220.0,23960.0,4.531200437301537,0.00016307814687317404,0,1,1,Data-Exfiltration
2026-08-31 10:12:24.000,34864,443,6,118815.71613140781,9,7,154980,79240,17220.0,11320.0,1.9712880383706517,0.00013466232010046295,0,0,1,Data-Exfiltration
2026-08-31 10:12:24.500,33454,443,6,665970.1386750012,14,13,77560,221780,5540.0,17060.0,0.44947961269114134,4.0542358330529886e-05,1,0,1,Data-Exfiltration
2026-08-31 10:12:25.000,24115,443,6,192843.0884047426,8,11,84640,53900,10580.0,4900.0,0.7184079094504318,9.852569856762093e-05,0,1,1,Data-Exfiltration
2026-08-31 10:12:25.500,61541,443,6,352655.1181781096,11,5,238700,129600,21700.0,25920.0,1.0443631213755566,4.5370105734479794e-05,1,0,1,Data-Exfiltration
2026-08-31 10:12:26.000,34007,443,6,88673.61383283445,11,6,105600,102600,9600.0,17100.0,2.347936336157616,0.00019171430218385915,0,1,1,Data-Exfiltration
2026-08-31 10:12:26.500,25013,443,6,1606269.4908427012,16,15,353280,31500,22080.0,2100.0,0.23954884419533887,1.9299376708912897e-05,1,1,1,Data-Exfiltration
2026-08-31 10:12:27.000,10939,443,6,953859.3096458949,10,6,179400,5160,17940.0,860.0,0.1934876539251686,1.6773962195506597e-05,1,1,1,Data-Exfiltration
2026-08-31 10:12:27.500,43576,443,6,996777.349242374,11,16,65340,13440,5940.0,840.0,0.07903470123903639,2.7087292884665935e-05,1,1,1,Data-Exfiltration
2026-08-31 10:12:28.000,20014,443,6,261089.70788653375,11,8,19140,211520,1740.0,26440.0,0.8834511396803407,7.27719225436854e-05,0,1,1,Data-Exfiltration
2026-08-31 10:12:28.500,25758,443,6,718501.7314214949,11,9,119240,65520,10840.0,7280.0,0.25714621401384313,2.783570188502307e-05,1,0,1,Data-Exfiltration
2026-08-31 10:12:29.000,15848,443,6,77670.11751116064,8,6,28480,156360,3560.0,26060.0,2.3798084243871744,0.0001802495019553151,1,0,1,Data-Exfiltration
2026-08-31 10:12:29.500,54957,443,17,4328.18050552697,14,7,354200,90160,25300.0,12880.0,102.6666975663093,0.004851923325439948,0,0,1,Data-Exfiltration
2026-08-31 10:12:30.000,37105,443,6,10087.543940300478,12,14,6576,11690,548.0,835.0,1.8107479967366993,0.00257743610616195,0,1,0,BENIGN
2026-08-31 10:12:30.500,12057,80,6,441671.91723178636,13,11,9009,6314,693.0,574.0,0.03469317246994371,5.433897665461392e-05,1,1,0,BENIGN
2026-08-31 10:12:31.000,43760,443,6,303847.1718756196,10,6,13490,8286,1349.0,1381.0,0.07166760797825483,5.2658051416792674e-05,0,0,0,BENIGN
2026-08-31 10:12:31.500,17265,53,6,364921.50482356077,12,12,15552,7656,1296.0,638.0,0.06359723856390725,6.576756831841495e-05,1,0,0,BENIGN
2026-08-31 10:12:32.000,60420,22,6,3745.5644958619023,7,7,9653,7798,1379.0,1114.0,4.659110788958179,0.003737754343327861,1,1,0,BENIGN
2026-08-31 10:12:32.500,57939,443,6,274685.0198663241,12,11,6000,9581,500.0,871.0,0.05672315151010159,8.373226909263441e-05,1,0,0,BENIGN
2026-08-31 10:12:33.000,6963,445,6,633044.9718228756,13,5,9217,5530,709.0,1106.0,0.023295343389747706,2.8433998848271425e-05,0,1,0,BENIGN
2026-08-31 10:12:33.500,48488,22,6,292320.1417484717,8,7,11072,8869,1384.0,1267.0,0.06821630517843744,5.131360401567432e-05,0,1,0,BENIGN
2026-08-31 10:12:34.000,48586,80,6,658793.2835813201,11,10,13618,3860,1238.0,386.0,0.026530325119165015,3.1876463411286495e-05,0,1,0,BENIGN
2026-08-31 10:12:34.500,36087,8080,6,132646.60167008056,9,11,9918,12331,1102.0,1121.0,0.16773139845422153,0.00015077657283852893,1,0,0,BENIGN
2026-08-31 10:12:35.000,55861,8080,17,838703.1664297618,7,7,3304,686,472.0,98.0,0.00475734462400718,1.6692437277218177e-05,1,1,0,BENIGN
2026-08-31 10:12:35.500,35488,22,6,443889.5889677393,14,7,7336,5033,524.0,719.0,0.02786503740375018,4.730906180602747e-05,1,1,0,BENIGN
2026-08-31 10:12:36.000,12209,8080,1,118344.37449777988,6,4,6726,2200,1121.0,550.0,0.07542394843122188,8.449915800047266e-05,0,0,0,BENIGN
2026-08-31 10:12:36.500,28069,443,6,135065.48298580016,12,14,6420,19334,535.0,1381.0,0.19067788030492452,0.00019249921906997118,0,1,0,BENIGN
2026-08-31 10:12:37.000,52122,22,6,494471.6610333097,11,11,10054,16456,914.0,1496.0,0.05361277923200951,4.4491932972621995e-05,1,1,0,BENIGN
2026-08-31 10:12:37.500,45793,53,6,885800.7855018075,13,9,8320,12915,640.0,1435.0,0.02397265880468893,2.4836284139541157e-05,0,0,0,BENIGN
2026-08-31 10:12:38.000,48142,443,6,268608.56982106005,19,15,22743,3690,1197.0,246.0,0.09840713576869456,0.00012657823993249403,0,0,0,BENIGN
2026-08-31 10:12:38.500,20191,443,17,149405.50440639476,8,8,5552,1200,694.0,150.0,0.04519244472534361,0.00010709110124489007,0,1,0,BENIGN
2026-08-31 10:12:39.000,37436,443,6,1008746.712286573,11,13,7106,806,646.0,62.0,0.007843396071137688,2.3791899103552138e-05,0,0,0,BENIGN
2026-08-31 10:12:39.500,22649,53,17,553223.8906868931,15,10,2925,14910,195.0,1491.0,0.032238304057211536,4.518966085956201e-05,1,0,0,BENIGN
2026-08-31 10:12:40.000,40212,80,6,297181.05648240645,14,13,3360,10738,240.0,826.0,0.04743909375111947,9.0853704871629e-05,1,1,0,BENIGN
2026-08-31 10:12:40.500,64045,445,17,334617.8709220565,14,4,14854,4296,1061.0,1074.0,0.057229459821314714,5.379270374849425e-05,1,1,0,BENIGN
2026-08-31 10:12:41.000,28100,8080,6,114239.17047700014,15,8,8070,4888,538.0,611.0,0.11342869477045579,0.00020133199411332637,0,1,0,BENIGN
2026-08-31 10:12:41.500,57733,22,6,492823.928683616,11,8,16115,6288,1465.0,786.0,0.04545842581017963,3.85533227868327e-05,0,1,0,BENIGN
2026-08-31 10:12:42.000,45629,80,6,222162.10155004065,11,9,5797,4986,527.0,554.0,0.048536631244847264,9.002435545738155e-05,0,1,0,BENIGN
2026-08-31 10:12:42.500,20053,22,6,2718235.6188317216,25,9,4975,1647,199.0,183.0,0.0024361390727495975,1.2508113632359757e-05,1,1,0,BENIGN
2026-08-31 10:12:43.000,23997,8080,6,327139.72183031094,13,10,16562,10310,1274.0,1031.0,0.08214227195900478,7.030635066452479e-05,0,0,0,BENIGN
2026-08-31 10:12:43.500,40145,53,6,332654.74111877993,17,8,19261,6784,1133.0,848.0,0.07829438988791461,7.515299470907526e-05,1,1,0,BENIGN
2026-08-31 10:12:44.000,32457,443,17,417184.64975939447,12,5,10440,1665,870.0,333.0,0.02901592857429254,4.0749342070464537e-05,1,0,0,BENIGN
2026-08-31 10:12:44.500,44333,443,6,1242989.631128048,15,10,15165,3640,1011.0,364.0,0.015128847038557066,2.0112798509116013e-05,1,0,0,BENIGN
2026-08-31 10:12:45.000,2956,53,6,806768.4003548296,13,13,17901,3016,1377.0,232.0,0.025926895488892602,3.222734057040721e-05,0,1,0,BENIGN
2026-08-31 10:12:45.500,45278,80,6,299946.89342521835,14,8,6580,10832,470.0,1354.0,0.05805027616917323,7.334631723649272e-05,1,0,0,BENIGN
2026-08-31 10:12:46.000,2781,80,6,634165.4770395613,11,10,15895,14820,1445.0,1482.0,0.04843373080304018,3.311438537730241e-05,1,1,0,BENIGN
2026-08-31 10:12:46.500,31746,22,6,441229.1523205101,9,8,11070,3992,1230.0,499.0,0.0341364570324618,3.8528732542281935e-05,0,0,0,BENIGN
2026-08-31 10:12:47.000,38877,53,6,338998.3146863323,10,12,14540,13332,1454.0,1111.0,0.08221869782735398,6.489707779139594e-05,1,0,0,BENIGN
2026-08-31 10:12:47.500,39429,80,6,106792.05237388774,23,9,31786,10530,1382.0,1170.0,0.39624671551292734,0.0002996477667174042,0,0,0,BENIGN
2026-08-31 10:12:48.000,2140,53,6,311751.1067579936,16,9,2496,11943,156.0,1327.0,0.046315793870607046,8.019217721207674e-05,1,0,0,BENIGN
2026-08-31 10:12:48.500,44551,8080,6,141061.16957404363,12,10,8832,13160,736.0,1316.0,0.15590399586824116,0.00015596070885327872,0,0,0,BENIGN
2026-08-31 10:12:49.000,12715,443,6,1231624.3420641003,10,4,2420,4884,242.0,1221.0,0.0059303797030349345,1.1367102388073532e-05,1,0,0,BENIGN
2026-08-31 10:12:49.500,1516,443,6,204290.08756999794,10,9,12250,5085,1225.0,565.0,0.08485482680706077,9.300500198062616e-05,1,1,0,BENIGN
2026-08-31 10:12:50.000,28906,443,6,1521034.876607742,6,10,6006,9580,1001.0,958.0,0.010246970822035257,1.0519153929973316e-05,1,0,0,BENIGN
2026-08-31 10:12:50.500,9835,53,6,380772.21126473875,10,7,5010,476,501.0,68.0,0.014407563991169733,4.4646115174970004e-05,0,1,0,BENIGN
2026-08-31 10:12:51.000,28832,53,6,499217.5026026282,12,10,11796,5770,983.0,577.0,0.035187067576896394,4.406896770418539e-05,0,1,0,BENIGN
2026-08-31 10:12:51.500,25296,22,6,391470.78908727056,11,8,8129,1456,739.0,182.0,0.024484585483639677,4.853491123517515e-05,0,0,0,BENIGN
2026-08-31 10:12:52.000,29423,443,1,69275.19305881899,9,9,2160,5994,240.0,666.0,0.11770447166996269,0.0002598332707946196,1,0,0,BENIGN
2026-08-31 10:12:52.500,7498,22,6,235659.221824097,15,9,19410,7920,1294.0,880.0,0.11597254623559859,0.0001018419725449823,0,0,0,BENIGN
2026-08-31 10:12:53.000,27980,443,17,52206.10065703521,8,10,4440,2570,555.0,257.0,0.13427549482595935,0.0003447872905659441,0,1,0,BENIGN
2026-08-31 10:12:53.500,48177,22,6,487694.1001226755,16,10,20304,6320,1269.0,632.0,0.054591597463978,5.3312106898416016e-05,0,0,0,BENIGN
2026-08-31 10:12:54.000,43530,22,6,296084.9041080727,16,9,22304,6768,1394.0,752.0,0.09818805212847552,8.443524020404128e-05,0,1,0,BENIGN
2026-08-31 10:12:54.500,55134,8080,6,752505.1018873462,18,9,11610,954,645.0,106.0,0.01669623231566333,3.5880155406153294e-05,1,0,0,BENIGN
2026-08-31 10:12:55.000,15003,1050,1,124532.36102681323,13,9,10179,7200,783.0,800.0,0.13955408743003406,0.00017666090819153858,1,0,0,Reconnaissance-PortScan
2026-08-31 10:12:55.500,45547,1051,6,89901.99930991673,11,8,10054,1464,914.0,183.0,0.12811728423316968,0.00021134123983592847,1,0,0,Reconnaissance-PortScan
2026-08-31 10:12:56.000,43589,1052,17,260717.71373963388,13,10,5018,12040,386.0,1204.0,0.06542708492903065,8.821801813622378e-05,1,0,0,Reconnaissance-PortScan
2026-08-31 10:12:56.500,29352,1053,17,1305816.1122364977,11,7,4268,9863,388.0,1409.0,0.010821584959377881,1.3784482999702913e-05,1,0,0,Reconnaissance-PortScan
2026-08-31 10:12:57.000,48399,1054,6,619664.9746947052,18,7,22014,3528,1223.0,504.0,0.04121904745733252,4.034438127136924e-05,1,0,0,Reconnaissance-PortScan
2026-08-31 10:12:57.500,13891,1055,6,271436.5380121185,8,7,10520,945,1315.0,135.0,0.042238233966371004,5.526153593506891e-05,1,0,0,Reconnaissance-PortScan
2026-08-31 10:12:58.000,60258,1056,6,364151.1413053084,10,8,12850,3576,1285.0,447.0,0.04510764387740084,4.943002494783972e-05,1,0,0,Reconnaissance-PortScan
2026-08-31 10:12:58.500,26875,1057,6,43985.74315197053,11,9,9867,10629,897.0,1181.0,0.46596916470245203,0.0004546927836674981,1,0,0,Reconnaissance-PortScan
2026-08-31 10:12:59.000,32303,1058,17,2085911.9113914256,13,11,5629,9273,433.0,843.0,0.007144117600818555,1.1505759120899566e-05,1,0,0,Reconnaissance-PortScan
2026-08-31 10:12:59.500,52919,1059,17,548917.2526523907,6,10,8754,7960,1459.0,796.0,0.030449033836944958,2.9148291336072714e-05,1,0,0,Reconnaissance-PortScan
2026-08-31 10:13:00.000,31551,1060,6,168019.0133763775,8,9,8264,12987,1033.0,1443.0,0.1264797332854888,0.00010117902526249635,1,0,0,Reconnaissance-PortScan
2026-08-31 10:13:00.500,8890,1061,6,440713.2981589317,9,9,9153,6768,1017.0,752.0,0.036125526654512824,4.0842879202388715e-05,1,0,0,Reconnaissance-PortScan
2026-08-31 10:13:01.000,16473,1062,6,57976.187083867684,7,4,1442,1268,206.0,317.0,0.04674332921570561,0.00018973307061725524,1,0,0,Reconnaissance-PortScan
2026-08-31 10:13:01.500,11709,1063,6,1688301.1987369368,7,10,7105,4000,1015.0,400.0,0.006577617790144419,1.00692933302526e-05,1,0,0,Reconnaissance-PortScan
2026-08-31 10:13:02.000,24568,1064,17,96055.65292785413,16,12,7856,17196,491.0,1433.0,0.26080713871372135,0.000291497680184584,1,0,0,Reconnaissance-PortScan
2026-08-31 10:13:02.500,6475,1065,6,522105.11896609515,11,13,13211,3263,1201.0,251.0,0.03155303290706535,4.596775462969336e-05,1,0,0,Reconnaissance-PortScan
2026-08-31 10:13:03.000,22666,1066,6,140819.8240538299,12,6,10788,7932,899.0,1322.0,0.1329358286338628,0.000127822912147945,1,0,0,Reconnaissance-PortScan
2026-08-31 10:13:03.500,42340,1067,6,632147.017858399,10,9,2490,10440,249.0,1160.0,0.020454102660485512,3.005629934642109e-05,1,0,0,Reconnaissance-PortScan
2026-08-31 10:13:04.000,64088,1068,6,749891.3922103934,14,12,11298,15276,807.0,1273.0,0.03543713166424758,3.467168748665752e-05,1,0,0,Reconnaissance-PortScan
2026-08-31 10:13:04.500,64785,1069,6,559539.7536125652,6,13,1518,10621,253.0,817.0,0.021694615836336632,3.395647919024599e-05,1,0,0,Reconnaissance-PortScan
2026-08-31 10:13:05.000,40978,1070,6,476606.34293175046,14,1,19922,60,1423.0,60.0,0.041925585540186876,3.147251441811646e-05,1,0,0,Reconnaissance-PortScan
2026-08-31 10:13:05.500,39894,1071,6,1114988.4873066316,12,8,15576,6144,1298.0,768.0,0.019480021764414872,1.7937404939608535e-05,1,0,0,Reconnaissance-PortScan
2026-08-31 10:13:06.000,32054,1072,6,40945.008235241396,10,13,10120,19448,1012.0,1496.0,0.7221393099471747,0.0005617290357408353,1,0,0,Reconnaissance-PortScan
2026-08-31 10:13:06.500,59237,1073,17,200921.91077925955,11,6,16060,3930,1460.0,655.0,0.0994913890748673,8.460998570649046e-05,1,0,0,Reconnaissance-PortScan
2026-08-31 10:13:07.000,59253,1074,6,142700.65743282434,7,8,2401,3280,343.0,410.0,0.03981060845691056,0.00010511514290682247,1,0,0,Reconnaissance-PortScan
2026-08-31 10:13:07.500,60369,1075,6,2212006.406021946,16,7,18752,10192,1172.0,1456.0,0.01308495306391169,1.0397799905678859e-05,1,0,0,Reconnaissance-PortScan
2026-08-31 10:13:08.000,31897,1076,6,246648.23032037797,15,9,13440,5967,896.0,663.0,0.07868290793736854,9.73045700261166e-05,1,0,0,Reconnaissance-PortScan
2026-08-31 10:13:08.500,63877,1077,6,659528.5534958936,12,13,10800,16666,900.0,1282.0,0.04164489900247293,3.790586452566166e-05,1,0,0,Reconnaissance-PortScan
2026-08-31 10:13:09.000,59651,1078,6,577155.2624718474,11,10,9317,6710,847.0,671.0,0.027768957578384865,3.6385356532481576e-05,1,0,0,Reconnaissance-PortScan
2026-08-31 10:13:09.500,1643,1079,6,119180.14384206751,11,13,15983,10400,1453.0,800.0,0.22137076821075102,0.00020137582674669387,1,0,0,Reconnaissance-PortScan
2026-08-31 10:13:10.000,34674,1080,6,136559.43639142605,7,9,1113,7974,159.0,886.0,0.06654245389010047,0.00011716509983950782,1,0,0,Reconnaissance-PortScan
2026-08-31 10:13:10.500,26396,1081,6,165144.88822423737,7,9,8911,8883,1273.0,987.0,0.10774780975818905,9.688462156519191e-05,1,0,0,Reconnaissance-PortScan
2026-08-31 10:13:11.000,4666,1082,6,264772.605401502,21,15,9786,17385,466.0,1159.0,0.10262013306766238,0.00013596572781406077,1,0,0,Reconnaissance-PortScan
2026-08-31 10:13:11.500,64636,1083,6,133498.78350048963,9,10,8856,14950,984.0,1495.0,0.17832372231413968,0.00014232339426903528,1,0,0,Reconnaissance-PortScan
2026-08-31 10:13:12.000,29025,1084,1,9923.570344335414,12,9,4428,2043,369.0,227.0,0.6520838537888681,0.0021161738416884917,1,0,0,Reconnaissance-PortScan
2026-08-31 10:13:12.500,35088,1085,6,1057609.2121333105,8,6,10312,3240,1289.0,540.0,0.01281380669192171,1.3237403607357138e-05,1,0,0,Reconnaissance-PortScan
2026-08-31 10:13:13.000,30314,1086,6,1684992.2757030819,17,2,11458,1830,674.0,915.0,0.007886089563453085,1.1276016082601493e-05,1,0,0,Reconnaissance-PortScan
2026-08-31 10:13:13.500,15146,1087,6,208948.82673058452,13,7,15730,2898,1210.0,414.0,0.08915101506230114,9.571721608578606e-05,1,0,0,Reconnaissance-PortScan
2026-08-31 10:13:14.000,25844,1088,6,206627.84760868445,10,8,14030,3784,1403.0,473.0,0.08621296792905836,8.711313701151065e-05,1,0,0,Reconnaissance-PortScan
2026-08-31 10:13:14.500,3919,1089,6,3558.539602992268,8,9,4824,13374,603.0,1486.0,5.11389558052379,0.004777240623634709,1,0,0,Reconnaissance-PortScan
2026-08-31 10:13:15.000,56769,1090,6,570108.9956198646,12,6,2628,7242,219.0,1207.0,0.017312478974473088,3.15729099838415e-05,1,0,0,Reconnaissance-PortScan
2026-08-31 10:13:15.500,51105,1091,1,872743.0798369211,9,9,2961,4842,329.0,538.0,0.008940775561770876,2.0624626440071225e-05,1,0,0,Reconnaissance-PortScan
2026-08-31 10:13:16.000,6390,1092,6,79268.31725002745,7,6,1582,270,226.0,45.0,0.023363685063791634,0.0001639999491518851,1,0,0,Reconnaissance-PortScan
2026-08-31 10:13:16.500,9735,1093,6,86978.13143735782,12,7,6300,9660,525.0,1380.0,0.18349439950500138,0.00021844571369643022,1,0,0,Reconnaissance-PortScan
2026-08-31 10:13:17.000,20620,1094,6,780522.1276493059,16,15,22400,19395,1400.0,1293.0,0.05354748894222679,3.971700340253691e-05,1,0,0,Reconnaissance-PortScan
2026-08-31 10:13:17.500,19817,1095,6,478935.08517746266,9,6,10539,7110,1171.0,1185.0,0.03685050551911833,3.13194845479503e-05,1,0,0,Reconnaissance-PortScan
2026-08-31 10:13:18.000,9223,1096,6,22948.968102495335,11,5,13079,3280,1189.0,656.0,0.7128425086395407,0.0006971991037491688,1,0,0,Reconnaissance-PortScan
2026-08-31 10:13:18.500,11741,1097,6,487154.5980434359,13,13,10556,9750,812.0,750.0,0.041682866344972154,5.337114768882478e-05,1,0,0,Reconnaissance-PortScan
2026-08-31 10:13:19.000,37215,1098,6,184748.1963060288,9,7,9873,3598,1097.0,514.0,0.0729154615234057,8.66043637721395e-05,1,0,0,Reconnaissance-PortScan
2026-08-31 10:13:19.500,11235,1099,17,230006.9707485566,10,9,13390,5517,1339.0,613.0,0.08220185648132855,8.260619205295617e-05,1,0,0,Reconnaissance-PortScan
2026-08-31 10:13:20.000,46574,22,6,734254.452404648,14,8,3094,6680,221.0,835.0,0.013311461670892845,2.9962365127853752e-05,1,0,1,SSH-Bruteforce
2026-08-31 10:13:20.500,64093,22,6,832832.7133928746,8,4,10416,2188,1302.0,547.0,0.015133891593308416,1.4408655912385036e-05,1,1,0,SSH-Bruteforce
2026-08-31 10:13:21.000,24384,22,6,255710.08927252208,11,10,15521,6310,1411.0,631.0,0.08537402673963308,8.212425273841302e-05,1,1,1,SSH-Bruteforce
2026-08-31 10:13:21.500,57770,22,6,1470176.560891229,7,8,1295,1712,185.0,214.0,0.0020453325675092297,1.020285617314215e-05,1,0,0,SSH-Bruteforce
2026-08-31 10:13:22.000,22566,22,6,260827.62481919903,10,8,11070,5848,1107.0,731.0,0.06486276141600654,6.901109501643917e-05,1,0,1,SSH-Bruteforce
2026-08-31 10:13:22.500,32336,22,6,738845.3823800264,14,8,7532,10672,538.0,1334.0,0.02463844321678437,2.977618934131269e-05,1,1,0,SSH-Bruteforce
2026-08-31 10:13:23.000,46266,22,6,330705.34120651934,14,9,11788,7443,842.0,827.0,0.058151464773014,6.954831728871728e-05,1,0,1,SSH-Bruteforce
2026-08-31 10:13:23.500,37459,22,17,1139103.955424943,13,10,17654,6110,1358.0,611.0,0.020862011659792904,2.0191309046256387e-05,1,1,0,SSH-Bruteforce
2026-08-31 10:13:24.000,29271,22,6,1191687.4429382612,9,9,5130,2025,570.0,225.0,0.0060040911250171195,1.5104631761049356e-05,1,0,1,SSH-Bruteforce
2026-08-31 10:13:24.500,61169,22,6,45738.01411241316,11,14,2750,8764,250.0,626.0,0.25173808310050244,0.0005465912869126768,1,1,0,SSH-Bruteforce
2026-08-31 10:13:25.000,23381,22,17,1378305.1799304849,8,10,7456,11570,932.0,1157.0,0.01380390952373954,1.3059517051787644e-05,1,0,1,SSH-Bruteforce
2026-08-31 10:13:25.500,56412,22,6,873015.111074391,14,12,20510,6636,1465.0,553.0,0.03109453622891059,2.9781844174157347e-05,1,1,0,SSH-Bruteforce
2026-08-31 10:13:26.000,42069,22,6,783454.4022810765,12,11,15528,13651,1294.0,1241.0,0.03724403094126611,2.9357164798283717e-05,1,1,1,SSH-Bruteforce
2026-08-31 10:13:26.500,28715,22,6,112141.6876368514,8,7,11216,4851,1402.0,693.0,0.14327410561714612,0.00013375935670985198,1,0,0,SSH-Bruteforce
2026-08-31 10:13:27.000,13448,22,6,817683.617150949,8,5,352,2975,44.0,595.0,0.004068810882565511,1.5898569724482007e-05,1,0,1,SSH-Bruteforce
2026-08-31 10:13:27.500,19876,22,6,949002.6372696992,12,9,4200,3006,350.0,334.0,0.007593234957339932,2.21284948798416e-05,1,1,0,SSH-Bruteforce
2026-08-31 10:13:28.000,23625,22,1,170647.15619972593,11,11,2211,14234,201.0,1294.0,0.09636843862659535,0.00012892098812922453,1,1,1,SSH-Bruteforce
2026-08-31 10:13:28.500,53795,22,6,1520993.649756171,9,5,2295,6495,255.0,1299.0,0.005779116830205914,9.204509172114086e-06,1,1,0,SSH-Bruteforce
2026-08-31 10:13:29.000,19044,22,6,25573.04545292274,3,12,2475,13872,825.0,1156.0,0.6392277378031026,0.0005865550906616835,1,0,1,SSH-Bruteforce
2026-08-31 10:13:29.500,9179,22,6,81206.08715529733,13,12,11375,996,875.0,83.0,0.15234079650726765,0.0003078586947442964,1,1,0,SSH-Bruteforce
2026-08-31 10:13:30.000,4607,22,6,385642.0855224157,14,7,17276,4046,1234.0,578.0,0.05528960868096889,5.445463757153863e-05,1,1,1,SSH-Bruteforce
2026-08-31 10:13:30.500,16539,22,6,428766.24429697235,10,6,2910,468,291.0,78.0,0.007878418706817655,3.731637042897646e-05,1,0,0,SSH-Bruteforce
2026-08-31 10:13:31.000,37801,22,6,518030.1743803973,13,13,14313,18824,1101.0,1448.0,0.06396731626491574,5.019012653190721e-05,1,1,1,SSH-Bruteforce
2026-08-31 10:13:31.500,20734,22,1,8557.377382997189,7,9,1869,13482,267.0,1498.0,1.79389073252306,0.0018697317256445157,1,0,0,SSH-Bruteforce
2026-08-31 10:13:32.000,44202,22,6,1614043.7439062418,9,11,8532,3608,948.0,328.0,0.007521481400834936,1.2391237892644046e-05,1,1,1,SSH-Bruteforce
2026-08-31 10:13:32.500,25556,22,6,22806.357491442282,12,7,16092,2009,1341.0,287.0,0.7936822001871753,0.0008331010332885659,1,0,0,SSH-Bruteforce
2026-08-31 10:13:33.000,64215,22,6,77194.82661154764,12,7,3888,2786,324.0,398.0,0.08645657088809452,0.0002461304834992202,1,0,1,SSH-Bruteforce
2026-08-31 10:13:33.500,19625,22,6,7056.82407257717,13,11,8944,2728,688.0,248.0,1.654001837571294,0.0034009633397627703,1,0,0,SSH-Bruteforce
2026-08-31 10:13:34.000,64251,22,6,418345.3302603049,11,6,4455,978,405.0,163.0,0.012986878559131,4.063628483438745e-05,1,0,1,SSH-Bruteforce
2026-08-31 10:13:34.500,5991,22,6,1346090.0297228664,15,10,16965,10140,1131.0,1014.0,0.020136097438727057,1.857230901930184e-05,1,0,0,SSH-Bruteforce
2026-08-31 10:13:35.000,19777,22,6,548228.0565637972,10,11,11670,4862,1167.0,442.0,0.03015533371881456,3.8305226717584424e-05,1,0,1,SSH-Bruteforce
2026-08-31 10:13:35.500,21046,22,6,864836.1050912512,12,14,17568,4522,1464.0,323.0,0.02554241187399756,3.0063499715886672e-05,1,1,0,SSH-Bruteforce
2026-08-31 10:13:36.000,44487,22,6,6685.0936976523435,16,5,20944,3510,1309.0,702.0,3.657989112704256,0.0031413172228179184,1,0,1,SSH-Bruteforce
2026-08-31 10:13:36.500,10159,22,6,390459.7491099998,13,7,3003,4305,231.0,615.0,0.018716397827101088,5.122166893021644e-05,1,1,0,SSH-Bruteforce
2026-08-31 10:13:37.000,6746,22,17,307688.58290776063,18,10,12294,2800,683.0,280.0,0.04905609384939168,9.10011016154079e-05,1,0,1,SSH-Bruteforce
2026-08-31 10:13:37.500,28437,22,6,345542.59817645175,12,10,16308,2060,1359.0,206.0,0.05315697716114523,6.366798222698144e-05,1,0,0,SSH-Bruteforce
2026-08-31 10:13:38.000,28260,22,6,37476.6490818049,9,10,10863,6000,1207.0,600.0,0.44996018610659266,0.000506982359961173,1,1,1,SSH-Bruteforce
2026-08-31 10:13:38.500,16538,22,6,576695.8701168254,12,7,11352,1309,946.0,187.0,0.021954379519339418,3.294630841698515e-05,1,0,0,SSH-Bruteforce
2026-08-31 10:13:39.000,44920,22,1,349804.42095890676,6,6,4620,4440,770.0,740.0,0.02590018723864362,3.4304883759792875e-05,1,1,1,SSH-Bruteforce
2026-08-31 10:13:39.500,38236,22,17,724401.68459389,13,11,845,7282,65.0,662.0,0.011218913722493515,3.313078987816468e-05,1,1,0,SSH-Bruteforce
2026-08-31 10:13:40.000,41410,22,6,332076.4378004646,16,12,21024,3648,1314.0,304.0,0.07429614748542246,8.431793651069346e-05,1,1,1,SSH-Bruteforce
2026-08-31 10:13:40.500,21355,22,17,80895.85359779549,9,10,6759,5400,751.0,540.0,0.15030436614155837,0.0002348698870540019,1,0,0,SSH-Bruteforce
2026-08-31 10:13:41.000,19084,22,6,522427.1765635617,10,11,6540,3498,654.0,318.0,0.019214161226902737,4.0196990014440876e-05,1,1,1,SSH-Bruteforce
2026-08-31 10:13:41.500,2220,22,6,94604.42719912357,12,6,2784,4728,232.0,788.0,0.0794043177640586,0.00019026593713432572,1,1,0,SSH-Bruteforce
2026-08-31 10:13:42.000,13321,22,6,1029406.1510209551,13,9,5460,8478,420.0,942.0,0.013539845265195888,2.1371545116538208e-05,1,1,1,SSH-Bruteforce
2026-08-31 10:13:42.500,3811,22,6,474815.49521065253,6,7,6390,1386,1065.0,198.0,0.0163768876084939,2.7379055929838055e-05,1,0,0,SSH-Bruteforce
2026-08-31 10:13:43.000,24840,22,6,85515.1024925334,15,10,16620,11230,1108.0,1123.0,0.32567346801899627,0.0002923460215610379,1,0,1,SSH-Bruteforce
2026-08-31 10:13:43.500,59829,22,17,1639552.588329341,17,12,16626,6456,978.0,538.0,0.014078230954079453,1.7687752260129286e-05,1,0,0,SSH-Bruteforce
2026-08-31 10:13:44.000,41719,22,6,365284.8376075648,12,6,504,8280,42.0,1380.0,0.02404698770770336,4.927661415512984e-05,1,0,1,SSH-Bruteforce
2026-08-31 10:13:44.500,20726,22,6,37846.087254683,9,12,8721,6324,969.0,527.0,0.39753118716818076,0.0005548790249605714,1,0,0,SSH-Bruteforce
2026-08-31 10:13:45.000,26266,445,6,492864.4911053797,35,12,41930,6048,1198.0,504.0,0.09734521529725772,9.536089705638235e-05,1,1,0,DoS-DoS attack-HOIC
2026-08-31 10:13:45.500,56865,445,6,145978.20187743075,55,9,74470,2403,1354.0,267.0,0.5266060206665626,0.00043842162167028744,1,1,0,DoS-DoS attack-HOIC
2026-08-31 10:13:46.000,63986,445,6,814038.9102622789,55,6,17435,4230,317.0,705.0,0.026614206921329493,7.493499294720051e-05,0,1,0,DoS-DoS attack-HOIC
2026-08-31 10:13:46.500,3200,445,6,851385.7258470943,70,11,15050,15609,215.0,1419.0,0.03601070474741097,9.5139015771561e-05,1,1,0,DoS-DoS attack-HOIC
2026-08-31 10:13:47.000,21151,445,6,1930364.5570686061,70,7,22470,6027,321.0,861.0,0.014762496490884118,3.98888384671396e-05,0,0,0,DoS-DoS attack-HOIC
2026-08-31 10:13:47.500,42584,445,17,348446.6251876125,50,8,59150,6704,1183.0,838.0,0.18899307738352353,0.00016645303987980023,1,0,0,DoS-DoS attack-HOIC
2026-08-31 10:13:48.000,28252,445,6,303445.18384153827,55,6,68035,4752,1237.0,792.0,0.23986869416128653,0.0002010247756307923,1,0,0,DoS-DoS attack-HOIC
2026-08-31 10:13:48.500,54598,445,6,700147.1633450079,30,8,14940,10320,498.0,1290.0,0.03607812945918054,5.427430401618609e-05,1,0,0,DoS-DoS attack-HOIC
2026-08-31 10:13:49.000,21232,445,6,71052.9710953729,40,11,39600,13552,990.0,1232.0,0.7480616105577708,0.0007177743478786557,1,1,0,DoS-DoS attack-HOIC
2026-08-31 10:13:49.500,29506,445,6,395838.3335604154,50,13,19000,17511,380.0,1347.0,0.09223715063337866,0.00015915588425139974,1,1,0,DoS-DoS attack-HOIC
2026-08-31 10:13:50.000,10195,445,6,395101.8022246207,60,9,44160,2709,736.0,301.0,0.11862512328447464,0.00017463853520725318,1,1,0,DoS-DoS attack-HOIC
2026-08-31 10:13:50.500,36243,445,6,46865.93054813526,55,7,42075,6293,765.0,899.0,1.0320503492404036,0.0013229226276237393,0,0,0,DoS-DoS attack-HOIC
2026-08-31 10:13:51.000,34420,445,17,270628.7435673569,35,11,5600,4433,160.0,403.0,0.03707292827575114,0.00016997455404012284,1,1,0,DoS-DoS attack-HOIC
2026-08-31 10:13:51.500,43613,445,6,959630.9883097615,50,6,30700,822,614.0,137.0,0.03284804303286678,5.835576454033816e-05,0,1,0,DoS-DoS attack-HOIC
2026-08-31 10:13:52.000,41570,445,1,969504.6841351823,35,3,11025,3225,315.0,1075.0,0.014698227077225836,3.919527220593557e-05,1,0,0,DoS-DoS attack-HOIC
2026-08-31 10:13:52.500,4720,445,17,52256.91760738074,50,6,50400,4938,1008.0,823.0,1.0589602778560074,0.0010716284571169253,0,0,0,DoS-DoS attack-HOIC
2026-08-31 10:13:53.000,61798,445,6,47551.58612724009,95,6,97470,3732,1026.0,622.0,2.1282570829060843,0.0021240090647765314,0,1,0,DoS-DoS attack-HOIC
2026-08-31 10:13:53.500,21082,445,17,152377.13973150594,75,13,5100,12558,68.0,966.0,0.11588352445750855,0.0005775144496693143,0,0,0,DoS-DoS attack-HOIC
2026-08-31 10:13:54.000,21337,445,6,1038785.8955925902,40,16,28960,23680,724.0,1480.0,0.0506745424854503,5.3909087750479045e-05,1,1,0,DoS-DoS attack-HOIC
2026-08-31 10:13:54.500,20173,445,17,69000.73287920482,55,10,71885,1740,1307.0,174.0,1.067017652091035,0.0009420189797747679,1,1,0,DoS-DoS attack-HOIC
2026-08-31 10:13:55.000,54545,445,6,636477.128345197,40,8,14400,2384,360.0,298.0,0.026370154169363023,7.541512155203915e-05,0,1,0,DoS-DoS attack-HOIC
2026-08-31 10:13:55.500,46764,445,17,53328.243985367975,50,10,34100,9550,682.0,955.0,0.8185156069228791,0.001125107363467875,0,1,0,DoS-DoS attack-HOIC
2026-08-31 10:13:56.000,42099,445,17,487937.9091062655,65,12,25415,6672,391.0,556.0,0.06576041623434167,0.00015780696388083363,0,1,0,DoS-DoS attack-HOIC
2026-08-31 10:13:56.500,5980,445,17,220080.5300381365,40,7,22840,9499,571.0,1357.0,0.14694166718394738,0.00021355819158432623,0,0,0,DoS-DoS attack-HOIC
2026-08-31 10:13:57.000,11219,445,6,777744.7350806756,75,8,85800,1520,1144.0,190.0,0.11227334118799218,0.00010671881949843507,0,0,0,DoS-DoS attack-HOIC
2026-08-31 10:13:57.500,18100,445,6,133084.53853426472,50,6,67800,7926,1356.0,1321.0,0.5690067443470384,0.0004207851686796364,0,0,0,DoS-DoS attack-HOIC
2026-08-31 10:13:58.000,53338,445,6,509718.2805889042,50,12,16650,10884,333.0,907.0,0.05401807439130562,0.0001216358179799865,1,1,0,DoS-DoS attack-HOIC
2026-08-31 10:13:58.500,2129,445,6,134386.02273236812,50,6,24850,7272,497.0,1212.0,0.23902783447636658,0.00041671000344550553,1,1,0,DoS-DoS attack-HOIC
2026-08-31 10:13:59.000,64835,445,6,625288.175888835,55,8,43230,8104,786.0,1013.0,0.08209654680613264,0.00010075354441084575,0,0,0,DoS-DoS attack-HOIC
2026-08-31 10:13:59.500,53184,445,6,1034460.6749735142,75,10,57900,1810,772.0,181.0,0.05772089886447503,8.216842075833828e-05,1,0,0,DoS-DoS attack-HOIC
2026-08-31 10:14:00.000,52337,445,6,67796.35734592118,60,8,67380,2320,1123.0,290.0,1.028078833706138,0.0010030037402011104,0,0,0,DoS-DoS attack-HOIC
2026-08-31 10:14:00.500,64256,445,1,1007185.4133244185,65,7,37830,6979,582.0,997.0,0.0444893258051206,7.148634109149241e-05,0,1,0,DoS-DoS attack-HOIC
2026-08-31 10:14:01.000,16441,445,6,450178.2474214858,80,11,33520,10406,419.0,946.0,0.09757468347398383,0.00020214215262333307,1,0,0,DoS-DoS attack-HOIC
2026-08-31 10:14:01.500,25753,445,17,67973.14785977163,40,2,14520,1366,363.0,683.0,0.23370993543561736,0.0006178910542802423,0,0,0,DoS-DoS attack-HOIC
2026-08-31 10:14:02.000,47980,445,6,278907.82801250875,75,11,84375,12210,1125.0,1110.0,0.3462972003503798,0.0003083455943483218,1,1,0,DoS-DoS attack-HOIC
2026-08-31 10:14:02.500,31123,445,17,87689.0354323509,40,9,39360,12915,984.0,1435.0,0.5961406661197337,0.0005587927812504438,0,0,0,DoS-DoS attack-HOIC
2026-08-31 10:14:03.000,53875,445,17,602566.5533858866,40,11,48360,1463,1209.0,133.0,0.08268464241702818,8.463795362118775e-05,0,0,0,DoS-DoS attack-HOIC
2026-08-31 10:14:03.500,33622,445,6,711205.6675187441,50,6,44100,4800,882.0,800.0,0.06875648245312058,7.873953000766365e-05,1,1,0,DoS-DoS attack-HOIC
2026-08-31 10:14:04.000,30985,445,6,55910.96187404582,55,10,22055,3950,401.0,395.0,0.46511451643296664,0.001162562721328315,1,1,0,DoS-DoS attack-HOIC
2026-08-31 10:14:04.500,13626,445,6,352751.452248032,70,12,6440,6852,92.0,571.0,0.03768092211928618,0.0002324582917379978,1,0,0,DoS-DoS attack-HOIC
2026-08-31 10:14:05.000,53962,445,6,842687.3903771268,65,7,28665,5117,441.0,731.0,0.040088412838930346,8.544093672378737e-05,0,1,0,DoS-DoS attack-HOIC
2026-08-31 10:14:05.500,10280,445,6,1375711.4851591203,90,5,64800,6675,720.0,1335.0,0.05195493442523187,6.905517692056003e-05,1,0,0,DoS-DoS attack-HOIC
2026-08-31 10:14:06.000,21608,445,6,360277.55154531164,75,10,77400,14920,1032.0,1492.0,0.2562468841077004,0.00023592921522047806,0,0,0,DoS-DoS attack-HOIC
2026-08-31 10:14:06.500,48004,445,6,1500666.198622234,65,4,59020,2748,908.0,687.0,0.041160386004760935,4.597957897824933e-05,0,0,0,DoS-DoS attack-HOIC
2026-08-31 10:14:07.000,35705,445,6,383600.31451424106,40,2,29840,1482,746.0,741.0,0.08165269634579679,0.00010948896132186531,1,0,0,DoS-DoS attack-HOIC
2026-08-31 10:14:07.500,26816,445,6,250594.8449274814,30,11,34380,8393,1146.0,763.0,0.17068587348902187,0.00016361070799452684,0,1,0,DoS-DoS attack-HOIC
2026-08-31 10:14:08.000,22928,445,6,942606.0119679295,60,8,25080,7648,418.0,956.0,0.03472076305913303,7.214042679115882e-05,1,1,0,DoS-DoS attack-HOIC
2026-08-31 10:14:08.500,44385,445,6,339605.0871559142,65,11,44525,1133,685.0,103.0,0.13444439357792587,0.00022378934495427674,1,1,0,DoS-DoS attack-HOIC
2026-08-31 10:14:09.000,65527,445,1,319237.1866186152,55,7,53460,6755,972.0,965.0,0.18862150940470215,0.00019421296326648733,0,0,0,DoS-DoS attack-HOIC
2026-08-31 10:14:09.500,35564,445,6,336978.73269451514,85,11,10200,13497,120.0,1227.0,0.07032194527474547,0.0002848844472454558,0,0,0,DoS-DoS attack-HOIC
2026-08-31 10:14:10.000,27560,8080,1,937956.5637224464,2,2,16170,8712,8085.0,4356.0,0.02652788088713416,4.264589805824959e-06,1,0,0,Bot-C2
2026-08-31 10:14:10.500,20188,8080,6,891721.6969812546,2,2,4977,9192,2488.5,4596.0,0.015889486650159372,4.485704467544462e-06,1,1,0,Bot-C2
2026-08-31 10:14:11.000,64067,8080,6,258354.77712548166,2,2,17836,6440,8918.0,3220.0,0.09396381312999538,1.5482585785136823e-05,0,0,0,Bot-C2
2026-08-31 10:14:11.500,14020,8080,6,202707.44958722076,2,2,10560,9620,5280.0,4810.0,0.0995523353487877,1.9732871228699248e-05,1,0,0,Bot-C2
2026-08-31 10:14:12.000,57599,8080,6,338566.07823883876,2,2,10426,6228,5213.0,3114.0,0.049189806864702104,1.181453269237471e-05,0,0,0,Bot-C2
2026-08-31 10:14:12.500,63114,8080,6,425219.321770099,2,2,5330,7552,2665.0,3776.0,0.030294954486244842,9.406910258110492e-06,0,1,0,Bot-C2
2026-08-31 10:14:13.000,3895,8080,6,136125.67743746913,2,2,9093,5400,4546.5,2700.0,0.10646778970553036,2.9384610420349235e-05,1,0,0,Bot-C2
2026-08-31 10:14:13.500,47026,8080,6,789830.5492988002,2,2,9800,7106,4900.0,3553.0,0.02140459116806111,5.0643774205752065e-06,0,0,0,Bot-C2
2026-08-31 10:14:14.000,50836,8080,6,333235.8439125339,2,2,15400,7850,7700.0,3925.0,0.0697704056272075,1.2003510645541075e-05,1,1,0,Bot-C2
2026-08-31 10:14:14.500,23650,8080,6,203267.0009007404,2,2,7800,8811,3900.0,4405.5,0.08172010176553107,1.9678550783343827e-05,1,1,0,Bot-C2
2026-08-31 10:14:15.000,61003,8080,6,56484.13119340875,2,2,5096,15004,2548.0,7502.0,0.35585215832773553,7.081634991596728e-05,0,0,0,Bot-C2
2026-08-31 10:14:15.500,11545,8080,6,136459.2366140808,2,2,8952,1143,4476.0,571.5,0.07397813625331794,2.931278306223593e-05,0,0,0,Bot-C2
2026-08-31 10:14:16.000,62322,8080,6,1490729.035782253,2,2,9472,10836,4736.0,5418.0,0.01362286472753061,2.683250881924485e-06,0,1,0,Bot-C2
2026-08-31 10:14:16.500,44434,8080,6,181993.43898886206,2,2,3530,19620,1765.0,9810.0,0.12720238777478537,2.1978814302338726e-05,1,1,0,Bot-C2
2026-08-31 10:14:17.000,2156,8080,6,92478.08579302947,2,2,12740,14112,6370.0,7056.0,0.29036068130986725,4.3253490437936425e-05,1,1,0,Bot-C2
2026-08-31 10:14:17.500,34491,8080,1,308716.41334387736,2,2,1420,5291,710.0,2645.5,0.02173839714931928,1.2956875070373582e-05,1,0,0,Bot-C2
2026-08-31 10:14:18.000,15558,8080,6,183425.95080194485,2,2,5258,16065,2629.0,8032.5,0.11624854556082491,2.180716513826852e-05,1,1,0,Bot-C2
2026-08-31 10:14:18.500,24878,8080,6,17896.10872461834,2,2,5992,4186,2996.0,2093.0,0.5687269870187822,0.00022351227628955873,1,0,0,Bot-C2
2026-08-31 10:14:19.000,44022,8080,1,195149.26511490266,2,2,6288,12793,3144.0,6396.5,0.09777643788608409,2.0497130734465507e-05,1,1,0,Bot-C2
2026-08-31 10:14:19.500,64838,8080,6,392750.35411896236,2,2,693,11264,346.5,5632.0,0.030444275541184704,1.018458661576807e-05,0,0,0,Bot-C2
2026-08-31 10:14:20.000,40089,8080,6,401160.11291850155,2,2,3408,4752,1704.0,2376.0,0.020341005341810617,9.971081049907164e-06,0,0,0,Bot-C2
2026-08-31 10:14:20.500,46631,8080,6,220462.40986930334,2,2,19201,4700,9600.5,2350.0,0.10841303972448225,1.8143682644990962e-05,0,1,0,Bot-C2
2026-08-31 10:14:21.000,8836,8080,6,296472.4535213181,2,2,18018,5200,9009.0,2600.0,0.0783141898124014,1.349197860494468e-05,1,1,0,Bot-C2
2026-08-31 10:14:21.500,62868,8080,6,1683657.7294936737,2,2,12672,2226,6336.0,1113.0,0.008848591812298922,2.375779785823311e-06,0,0,0,Bot-C2
2026-08-31 10:14:22.000,5581,8080,6,236884.1350954555,2,2,14916,8430,7458.0,4215.0,0.09855451058217506,1.688589232967961e-05,1,1,0,Bot-C2
2026-08-31 10:14:22.500,3203,8080,6,149355.88039591536,2,2,2134,6874,1067.0,3437.0,0.06031232232382349,2.6781670658891425e-05,0,0,0,Bot-C2
2026-08-31 10:14:23.000,44822,8080,6,139504.59150513838,2,2,10950,10376,5475.0,5188.0,0.15286952041062968,2.867289138340611e-05,0,0,0,Bot-C2
2026-08-31 10:14:23.500,10089,8080,1,306027.5389584907,2,2,10376,4160,5188.0,2080.0,0.04749899322458251,1.3070719104177906e-05,0,1,0,Bot-C2
2026-08-31 10:14:24.000,9299,8080,17,712559.4856973817,2,2,4752,7788,2376.0,3894.0,0.01759853072133497,5.613566418288666e-06,0,0,0,Bot-C2
2026-08-31 10:14:24.500,51598,8080,6,115328.4682355045,2,2,19544,1485,9772.0,742.5,0.1823400615642852,3.4683543975326494e-05,1,1,0,Bot-C2
2026-08-31 10:14:25.000,48881,8080,6,617725.0744884366,2,2,20520,3645,10260.0,1822.5,0.03911934450713504,6.475372564806132e-06,1,0,0,Bot-C2
2026-08-31 10:14:25.500,61043,8080,6,10688.342646065477,2,2,23632,3096,11816.0,1548.0,2.5006683318514544,0.00037423949893017875,0,0,0,Bot-C2
2026-08-31 10:14:26.000,36972,8080,6,271444.58623667486,2,2,3627,5792,1813.5,2896.0,0.03469953160694278,1.4735972653972938e-05,0,1,0,Bot-C2
2026-08-31 10:14:26.500,21724,8080,6,747753.5105010256,2,2,10792,4932,5396.0,2466.0,0.02102831986606655,5.34935636379205e-06,1,0,0,Bot-C2
2026-08-31 10:14:27.000,62343,8080,6,206798.76018768098,2,2,5005,14196,2502.5,7098.0,0.09284871912019964,1.9342475729430684e-05,1,0,0,Bot-C2
2026-08-31 10:14:27.500,40488,8080,17,414755.11950762774,2,2,20132,2324,10066.0,1162.0,0.05414279159740567,9.644245029819322e-06,0,0,0,Bot-C2
2026-08-31 10:14:28.000,43375,8080,6,114693.52121871297,2,2,770,6589,385.0,3294.5,0.06416229897873002,3.4875553188601725e-05,0,1,0,Bot-C2
2026-08-31 10:14:28.500,28818,8080,6,677388.9151840154,2,2,4382,1962,2191.0,981.0,0.009365373211315354,5.905027245469958e-06,0,1,0,Bot-C2
2026-08-31 10:14:29.000,29807,8080,6,26847.616402905347,2,2,9890,11570,4945.0,5785.0,0.7993260805709522,0.0001489890178137842,0,0,0,Bot-C2
2026-08-31 10:14:29.500,18022,8080,6,957108.1314024368,2,2,4186,5454,2093.0,2727.0,0.010072007209649266,4.179256103588907e-06,0,0,0,Bot-C2
2026-08-31 10:14:30.000,14893,8080,17,110445.7859756723,2,2,3600,3935,1800.0,1967.5,0.06822351738234254,3.621686390568948e-05,0,0,0,Bot-C2
2026-08-31 10:14:30.500,61339,8080,6,1037318.6769794065,2,2,13158,5940,6579.0,2970.0,0.018410928506009186,3.85609561336458e-06,1,1,0,Bot-C2
2026-08-31 10:14:31.000,45549,8080,6,217340.8233689405,2,2,6986,3069,3493.0,1534.5,0.046263743017430255,1.840427370161323e-05,1,0,0,Bot-C2
2026-08-31 10:14:31.500,29176,8080,6,641298.047170358,2,2,11640,13329,5820.0,6664.5,0.03893509439141914,6.237349415902781e-06,1,0,0,Bot-C2
2026-08-31 10:14:32.000,21978,8080,6,192261.93066188233,2,2,14924,6875,7462.0,3437.5,0.11338178038585583,2.0804950756613757e-05,1,1,0,Bot-C2
2026-08-31 10:14:32.500,32579,8080,6,1181760.6351034767,2,2,9008,11840,4504.0,5920.0,0.017641474407377008,3.3847802009549135e-06,0,1,0,Bot-C2
2026-08-31 10:14:33.000,64377,8080,6,67702.07286243115,2,2,1529,8295,764.5,4147.5,0.1451063399271548,5.9082385963825246e-05,1,0,0,Bot-C2
2026-08-31 10:14:33.500,17678,8080,6,98323.71549431606,2,2,14292,576,7146.0,288.0,0.15121479008131408,4.068194513890613e-05,1,1,0,Bot-C2
2026-08-31 10:14:34.000,46050,8080,6,339651.8478077383,2,2,4342,10630,2171.0,5315.0,0.04408043146591145,1.1776765018945084e-05,1,0,0,Bot-C2
2026-08-31 10:14:34.500,36260,8080,6,42745.41536937936,2,2,18375,10818,9187.5,5409.0,0.6829504343542505,9.357728693238112e-05,0,1,0,Bot-C2
2026-08-31 10:14:35.000,48000,443,6,109065.6821067724,8,14,154880,353360,19360.0,25240.0,4.659944266023543,0.00020171331231803467,0,1,1,Data-Exfiltration
2026-08-31 10:14:35.500,16066,443,6,1439120.259820358,10,8,248200,121600,24820.0,15200.0,0.2569625418542795,1.2507641301722639e-05,0,1,1,Data-Exfiltration
2026-08-31 10:14:36.000,26990,443,6,1875157.5017142093,12,9,88080,256320,7340.0,28480.0,0.18366457200705744,1.1199059268723016e-05,1,1,1,Data-Exfiltration
2026-08-31 10:14:36.500,49431,443,6,236010.29443531157,15,9,417300,80820,27820.0,8980.0,2.110585901224002,0.00010169047946152744,1,0,1,Data-Exfiltration
2026-08-31 10:14:37.000,45338,443,1,1283835.665928019,15,7,240900,95900,16060.0,13700.0,0.26233887166074416,1.7136149574039108e-05,0,0,1,Data-Exfiltration
2026-08-31 10:14:37.500,46119,443,17,393536.30303038424,7,13,154700,339560,22100.0,26120.0,1.255945121660808,5.082123261687403e-05,0,1,1,Data-Exfiltration
2026-08-31 10:14:38.000,15294,443,1,157179.01028996246,17,10,95540,230600,5620.0,23060.0,2.0749589870657044,0.00017177866146677505,1,0,1,Data-Exfiltration
2026-08-31 10:14:38.500,31932,443,6,606000.3392941046,11,10,309100,20200,28100.0,2020.0,0.5433990356806547,3.465344594380124e-05,0,0,1,Data-Exfiltration
2026-08-31 10:14:39.000,16547,443,6,537792.4429459355,12,8,276960,204000,23080.0,25500.0,0.894322719293785,3.718906850024056e-05,0,0,1,Data-Exfiltration
2026-08-31 10:14:39.500,63457,443,6,2260659.022884858,9,11,196380,63140,21820.0,5740.0,0.11479838284841161,8.846977716431228e-06,1,1,1,Data-Exfiltration
2026-08-31 10:14:40.000,48092,443,6,153974.55922512934,13,11,129480,117920,9960.0,10720.0,1.6067589427043194,0.00015586990551699138,1,1,1,Data-Exfiltration
2026-08-31 10:14:40.500,21015,443,17,557461.5488044749,14,9,197680,17100,14120.0,1900.0,0.3852821785767318,4.125845100691327e-05,1,0,1,Data-Exfiltration
2026-08-31 10:14:41.000,11799,443,6,26712.917544506567,18,7,521280,69720,28960.0,9960.0,22.12412772936875,0.0009358768075029083,0,0,1,Data-Exfiltration
2026-08-31 10:14:41.500,13289,443,6,60319.4516504489,6,11,31080,210760,5180.0,19160.0,4.009320266393818,0.0002818328007306273,1,0,1,Data-Exfiltration
2026-08-31 10:14:42.000,20483,443,6,1963.0359475714429,11,8,197560,216320,17960.0,27040.0,210.8366881430073,0.009678885364639844,1,0,1,Data-Exfiltration
2026-08-31 10:14:42.500,62274,443,6,3762601.7180160936,5,16,30300,464640,6060.0,29040.0,0.1315419587539155,5.581244461616005e-06,0,1,1,Data-Exfiltration
2026-08-31 10:14:43.000,17697,443,6,810435.756691717,12,6,38400,178080,3200.0,29680.0,0.26711555877176835,2.2210273733794484e-05,0,0,1,Data-Exfiltration
2026-08-31 10:14:43.500,58296,443,6,772581.7788744434,16,11,354880,131120,22180.0,11920.0,0.6290596196842121,3.49477566491229e-05,0,0,1,Data-Exfiltration
2026-08-31 10:14:44.000,28080,443,6,356395.5070262075,10,6,268600,120360,26860.0,20060.0,1.0913717830917664,4.4893944183124906e-05,1,0,1,Data-Exfiltration
2026-08-31 10:14:44.500,7638,443,6,178385.39062651907,10,8,235600,183040,23560.0,22880.0,2.3468289555899093,0.00010090512421321031,1,0,1,Data-Exfiltration
2026-08-31 10:14:45.000,37044,443,6,82003.71512553224,10,4,246200,38640,24620.0,9660.0,3.4735011642976006,0.00017072397240614523,0,0,1,Data-Exfiltration
2026-08-31 10:14:45.500,8439,443,6,167508.9645121938,11,7,104280,116340,9480.0,16620.0,1.317063839713303,0.00010745693552189037,1,1,1,Data-Exfiltration
2026-08-31 10:14:46.000,24179,443,17,235779.3964864207,4,9,104720,243000,26180.0,27000.0,1.4747683859021101,5.513628499001332e-05,1,1,1,Data-Exfiltration
2026-08-31 10:14:46.500,50454,443,1,705929.375608539,14,6,146440,161640,10460.0,26940.0,0.43641759450803236,2.83314460210356e-05,1,1,1,Data-Exfiltration
2026-08-31 10:14:47.000,44908,443,6,387896.90907087014,15,5,431400,53000,28760.0,10600.0,1.2487854083390248,5.1560091178324725e-05,1,1,1,Data-Exfiltration
2026-08-31 10:14:47.500,17988,443,6,40325.0771168098,15,9,95700,261180,6380.0,29020.0,8.850076067498236,0.0005951631518156178,0,1,1,Data-Exfiltration
2026-08-31 10:14:48.000,38750,443,6,9096.75587768132,12,9,260400,114120,21700.0,12680.0,41.17072114765319,0.0023085152838318835,1,0,1,Data-Exfiltration
2026-08-31 10:14:48.500,58621,443,6,53977.59475397189,5,6,75300,53640,15060.0,8940.0,2.3887689061325648,0.00020378825785216545,1,1,1,Data-Exfiltration
2026-08-31 10:14:49.000,38068,443,6,264239.1884919933,7,8,14980,58560,2140.0,7320.0,0.2783084538554176,5.676675017448007e-05,1,1,1,Data-Exfiltration
2026-08-31 10:14:49.500,58173,443,17,1352973.0859301144,11,9,172040,176580,15640.0,19620.0,0.2576695749699715,1.4782260052204204e-05,0,1,1,Data-Exfiltration
2026-08-31 10:14:50.000,38568,443,6,507230.9117561081,14,11,313880,217360,22420.0,19760.0,1.0473336456374387,4.928721696584588e-05,1,0,1,Data-Exfiltration
2026-08-31 10:14:50.500,51000,443,17,809304.6705408583,12,8,318480,198240,26540.0,24780.0,0.6384740120779129,2.4712572072995546e-05,1,0,1,Data-Exfiltration
2026-08-31 10:14:51.000,33276,443,6,314030.58700794604,11,8,326920,67520,29720.0,8440.0,1.2560559904231836,6.050366042500885e-05,1,0,1,Data-Exfiltration
2026-08-31 10:14:51.500,4856,443,6,224446.87599057745,15,3,318300,63180,21220.0,21060.0,1.6996449529509983,8.019715097283729e-05,0,0,1,Data-Exfiltration
2026-08-31 10:14:52.000,26299,443,6,57369.047750858015,15,9,99000,237780,6600.0,26420.0,5.870412934233494,0.00041834405374904646,1,1,1,Data-Exfiltration
2026-08-31 10:14:52.500,15925,443,17,1043466.8577712702,6,9,24960,69480,4160.0,7720.0,0.09050598904579331,1.4375157091136168e-05,0,1,1,Data-Exfiltration
2026-08-31 10:14:53.000,39237,443,6,764297.8292289252,12,9,142800,55980,11900.0,6220.0,0.26008185866227274,2.7476199979413057e-05,1,1,1,Data-Exfiltration
2026-08-31 10:14:53.500,35172,443,6,92032.39623199939,13,8,101920,211840,7840.0,26480.0,3.4092342784921885,0.00022818051965940833,0,0,1,Data-Exfiltration
2026-08-31 10:14:54.000,62264,443,6,358986.9790481824,9,5,234540,43500,26060.0,8700.0,0.7745127712694476,3.8998628966236036e-05,0,1,1,Data-Exfiltration
2026-08-31 10:14:54.500,43657,443,6,334105.1602867792,13,8,83720,30880,6440.0,3860.0,0.34300577667882476,6.28544616950726e-05,1,1,1,Data-Exfiltration
2026-08-31 10:14:55.000,61095,443,6,490536.7116581393,15,10,338700,226000,22580.0,22600.0,1.15118804886113,5.096458512755135e-05,1,0,1,Data-Exfiltration
2026-08-31 10:14:55.500,23942,443,6,1461119.1176855813,15,14,417000,246400,27800.0,17600.0,0.45403553479355463,1.9847799983438476e-05,0,0,1,Data-Exfiltration
2026-08-31 10:14:56.000,47718,443,6,433478.26472028496,8,7,79200,54180,9900.0,7740.0,0.3076970885333559,3.4603811126108406e-05,0,1,1,Data-Exfiltration
2026-08-31 10:14:56.500,64421,443,6,388500.6100803716,10,9,199600,202680,19960.0,22520.0,1.0354681293973336,4.890597210537273e-05,1,1,1,Data-Exfiltration
2026-08-31 10:14:57.000,20564,443,6,25816.640790778314,16,11,334080,86900,20880.0,7900.0,16.306536673326935,0.0010458370710718496,1,1,1,Data-Exfiltration
2026-08-31 10:14:57.500,12604,443,6,32486.62835363941,12,4,123840,107520,10320.0,26880.0,7.12169934689034,0.0004925103282773402,1,1,1,Data-Exfiltration
2026-08-31 10:14:58.000,54483,443,6,103725.40901671199,9,8,58320,176640,6480.0,22080.0,2.2652116024868283,0.00016389426814043278,1,1,1,Data-Exfiltration
2026-08-31 10:14:58.500,39426,443,6,16504.82219839466,9,8,12600,64960,1400.0,8120.0,4.699232686102583,0.001030002007010623,1,1,1,Data-Exfiltration
2026-08-31 10:14:59.000,58751,443,6,680026.6361068422,8,15,77920,316200,9740.0,21080.0,0.5795655332716737,3.3822204570304716e-05,1,0,1,Data-Exfiltration
2026-08-31 10:14:59.500,39602,443,6,642465.4587500687,10,8,50600,50560,5060.0,6320.0,0.1574559357560398,2.8017070419224162e-05,1,0,1,Data-Exfiltration
2026-08-31 10:15:00.000,25941,8080,1,73123.79922200576,11,14,11968,3640,1088.0,260.0,0.2134462399919791,0.00034188595590719357,0,1,0,BENIGN
2026-08-31 10:15:00.500,23342,8080,6,904185.0346675423,9,5,12924,500,1436.0,100.0,0.014846518671686902,1.5483556421604336e-05,0,0,0,BENIGN
2026-08-31 10:15:01.000,11203,445,6,84082.73523907365,11,6,4796,6996,436.0,1166.0,0.14024282113407951,0.00020218181472857462,1,1,0,BENIGN
2026-08-31 10:15:01.500,13275,8080,6,179177.88286239884,16,10,6016,12480,376.0,1248.0,0.10322702614569841,0.00014510719505775077,1,1,0,BENIGN
2026-08-31 10:15:02.000,46923,80,6,143159.4337931888,7,14,6825,16940,975.0,1210.0,0.16600373002781915,0.00014668959943548086,1,0,0,BENIGN
2026-08-31 10:15:02.500,20517,8080,6,232852.12129259337,12,11,12084,1254,1007.0,114.0,0.057280989863378366,9.877513621665185e-05,0,0,0,BENIGN
2026-08-31 10:15:03.000,21490,80,6,146959.92073208734,8,9,7152,4608,894.0,512.0,0.0800218177896179,0.00011567779782512791,0,1,0,BENIGN
2026-08-31 10:15:03.500,31230,8080,6,335644.8295112079,13,8,12246,8512,942.0,1064.0,0.06184513561436642,6.25661358465023e-05,1,0,0,BENIGN
2026-08-31 10:15:04.000,46499,445,6,261624.47177544967,17,6,12087,2730,711.0,455.0,0.05663461028275281,8.791226540482653e-05,1,1,0,BENIGN
2026-08-31 10:15:04.500,61166,445,6,2155113.176255523,11,9,14773,12852,1343.0,1428.0,0.012818352327959796,9.280255079065916e-06,0,0,0,BENIGN
2026-08-31 10:15:05.000,20648,80,6,28775.548473995306,13,8,10504,448,808.0,56.0,0.3806009121282745,0.0007297862632116293,0,1,0,BENIGN
2026-08-31 10:15:05.500,27588,53,6,76681.29811598557,15,14,9930,15708,662.0,1122.0,0.3343448875614673,0.0003781886940979231,0,0,0,BENIGN
2026-08-31 10:15:06.000,23436,445,6,27136.17627255768,9,11,5382,12958,598.0,1178.0,0.675850562328061,0.0007370235139891614,1,1,0,BENIGN
2026-08-31 10:15:06.500,29014,53,6,491537.4796716641,3,6,1761,1452,587.0,242.0,0.006536632775349795,1.8309895729271134e-05,1,0,0,BENIGN
2026-08-31 10:15:07.000,52025,22,6,28025.60155457589,15,11,14430,13827,962.0,1257.0,1.0082566804102644,0.0009277231726887807,0,0,0,BENIGN
2026-08-31 10:15:07.500,58673,80,1,905286.8889069898,13,14,16393,7154,1261.0,511.0,0.026010539076921437,2.982479955310141e-05,1,0,0,BENIGN
2026-08-31 10:15:08.000,61981,445,6,358657.0621181925,15,8,8895,9352,593.0,1169.0,0.050875897693820095,6.41281113036588e-05,1,1,0,BENIGN
2026-08-31 10:15:08.500,36541,443,6,374338.0051214097,15,9,7770,8262,518.0,918.0,0.042827604411612,6.41131802569042e-05,1,0,0,BENIGN
2026-08-31 10:15:09.000,14180,22,6,412305.50769902614,8,5,7064,5020,883.0,1004.0,0.02930836424462214,3.153001780702481e-05,0,0,0,BENIGN
2026-08-31 10:15:09.500,24088,53,6,93655.21405558403,11,10,1199,8570,109.0,857.0,0.10430812739543846,0.0002242267044021095,0,1,0,BENIGN
2026-08-31 10:15:10.000,26735,445,6,110130.29496847831,12,7,6528,8323,544.0,1189.0,0.13484936186634372,0.0001725229193630416,0,1,0,BENIGN
2026-08-31 10:15:10.500,31130,80,6,191962.38022691655,13,11,1937,4983,149.0,453.0,0.03604872992020343,0.00012502449683307547,1,0,0,BENIGN
2026-08-31 10:15:11.000,17613,8080,6,450081.2664333628,11,8,15895,4320,1445.0,540.0,0.04491411108874448,4.221459859936409e-05,1,0,0,BENIGN
2026-08-31 10:15:11.500,24760,443,6,117935.7140518704,19,9,8284,1440,436.0,160.0,0.08245169902391637,0.00023741747970687562,0,0,0,BENIGN
2026-08-31 10:15:12.000,21999,53,6,61836.77185453798,13,7,19136,4522,1472.0,646.0,0.3825878888345938,0.00032343214881612464,1,0,0,BENIGN
2026-08-31 10:15:12.500,37242,22,6,1755230.8606412732,16,9,6240,11439,390.0,1271.0,0.010072179333401338,1.424314063776421e-05,0,1,0,BENIGN
2026-08-31 10:15:13.000,8238,80,6,11113.507428000827,11,14,11374,5446,1034.0,389.0,1.5134735900285408,0.0022495148484371888,1,0,0,BENIGN
2026-08-31 10:15:13.500,31605,443,1,811508.3575917926,7,5,5796,4295,828.0,859.0,0.012434868853133435,1.4787278390407416e-05,1,1,0,BENIGN
2026-08-31 10:15:14.000,21219,80,6,775667.4089693121,15,9,6900,11304,460.0,1256.0,0.023468821545505364,3.094109630257794e-05,1,1,0,BENIGN
2026-08-31 10:15:14.500,45606,445,6,176351.50258873604,9,3,8649,2079,961.0,693.0,0.06083305127493079,6.804591865204787e-05,1,0,0,BENIGN
2026-08-31 10:15:15.000,61967,8080,1,72875.22306612642,10,8,1500,6584,150.0,823.0,0.11092933453603766,0.0002469975286552051,1,1,0,BENIGN
2026-08-31 10:15:15.500,28151,22,6,78694.66989282824,12,8,2976,11648,248.0,1456.0,0.18583215379208828,0.0002541468186434468,0,0,0,BENIGN
2026-08-31 10:15:16.000,6165,80,6,597723.9841693193,12,9,14892,4824,1241.0,536.0,0.03298512444179441,3.513327314250774e-05,0,1,0,BENIGN
2026-08-31 10:15:16.500,29908,53,6,514738.94111949345,10,9,9700,3879,970.0,431.0,0.026380362772250244,3.691191491809078e-05,1,1,0,BENIGN
2026-08-31 10:15:17.000,25909,445,17,763343.3018244214,10,5,4640,5860,464.0,1172.0,0.013755278882734706,1.965039840390672e-05,0,1,0,BENIGN
2026-08-31 10:15:17.500,3732,445,6,1386143.7629948005,12,11,4404,10648,367.0,968.0,0.010858902519152244,1.6592795504949616e-05,1,0,0,BENIGN
2026-08-31 10:15:18.000,19399,22,6,588709.8451314485,14,11,700,5599,50.0,509.0,0.010699668184564757,4.2465741326261134e-05,1,1,0,BENIGN
2026-08-31 10:15:18.500,16112,445,6,84713.44764783591,4,6,5260,2334,1315.0,389.0,0.08964338260287488,0.00011804501264534485,1,1,0,BENIGN
2026-08-31 10:15:19.000,58639,53,17,139488.44752435997,11,6,9845,4884,895.0,814.0,0.1055929739010955,0.00012187389207133026,0,1,0,BENIGN
2026-08-31 10:15:19.500,45626,80,6,923193.5715261264,9,5,11682,940,1298.0,188.0,0.013672105600776573,1.5164750309845668e-05,1,1,0,BENIGN
2026-08-31 10:15:20.000,46070,22,6,117422.16702772107,10,7,2930,2065,293.0,295.0,0.042538816358204244,0.0001447767523702647,1,1,0,BENIGN
2026-08-31 10:15:20.500,11038,445,6,37643.273098238045,9,8,1512,11616,168.0,1452.0,0.3487475693798529,0.00045160791281668945,0,1,0,BENIGN
2026-08-31 10:15:21.000,65449,445,6,607483.2639664824,10,8,1390,10096,139.0,1262.0,0.018907516768140398,2.963044591907776e-05,1,0,0,BENIGN
2026-08-31 10:15:21.500,4297,53,6,257522.55287813046,7,9,2303,11241,329.0,1249.0,0.05259345190587485,6.213048069211441e-05,0,1,0,BENIGN
2026-08-31 10:15:22.000,48159,8080,17,1263114.7132512624,10,8,12890,3064,1289.0,383.0,0.01263068178408597,1.425048715767503e-05,0,1,0,BENIGN
2026-08-31 10:15:22.500,38330,8080,6,525275.582368631,13,7,15444,5012,1188.0,716.0,0.03894336741747655,3.8075251679191e-05,0,0,0,BENIGN
2026-08-31 10:15:23.000,31905,445,6,47385.60032525739,16,10,10960,1470,685.0,147.0,0.2623159759939018,0.0005486898934707518,0,1,0,BENIGN
2026-08-31 10:15:23.500,32510,80,6,1476878.517772499,10,9,7040,5706,704.0,634.0,0.008630364546935006,1.2864971472757344e-05,0,1,0,BENIGN
2026-08-31 10:15:24.000,13565,22,17,149578.67357159796,11,11,15510,12573,1410.0,1143.0,0.18774735279812602,0.00014707979067616608,0,0,0,BENIGN
2026-08-31 10:15:24.500,9736,445,6,205650.4192586014,9,8,6633,10528,737.0,1316.0,0.08344743502606675,8.266455308217089e-05,0,0,0,BENIGN
2026-08-31 10:15:25.000,10192,1350,6,257300.04713260342,14,7,3108,448,222.0,64.0,0.013820440530386526,8.16167747857472e-05,1,0,0,Reconnaissance-PortScan
2026-08-31 10:15:25.500,53898,1351,17,26291.429287657877,13,13,5070,4186,390.0,322.0,0.3520538916012662,0.0009889154258462534,1,0,0,Reconnaissance-PortScan
2026-08-31 10:15:26.000,4575,1352,17,343101.0986717417,14,10,20174,9260,1441.0,926.0,0.08578812517095079,6.995022776730376e-05,1,0,0,Reconnaissance-PortScan
2026-08-31 10:15:26.500,13321,1353,17,65805.75614469337,9,7,6723,6839,747.0,977.0,0.20609139370907048,0.00024313982446137205,1,0,0,Reconnaissance-PortScan
2026-08-31 10:15:27.000,44757,1354,17,256222.07200538638,12,8,8604,5272,717.0,659.0,0.05415614623226813,7.80572877374865e-05,1,0,0,Reconnaissance-PortScan
2026-08-31 10:15:27.500,28152,1355,6,215937.74713247764,17,9,14297,2493,841.0,277.0,0.07775389074945664,0.00012040507203608533,1,0,0,Reconnaissance-PortScan
2026-08-31 10:15:28.000,3856,1356,6,741050.5156158739,14,7,5306,6839,379.0,977.0,0.016388896227597413,2.833814909671022e-05,1,0,0,Reconnaissance-PortScan
2026-08-31 10:15:28.500,29507,1357,6,812708.7331620939,13,7,15652,2485,1204.0,355.0,0.022316728318162945,2.4609062489014662e-05,1,0,0,Reconnaissance-PortScan
2026-08-31 10:15:29.000,23087,1358,17,83271.08381471463,10,14,1500,12306,150.0,879.0,0.1657958485212176,0.0002882152951259758,1,0,0,Reconnaissance-PortScan
2026-08-31 10:15:29.500,23987,1359,6,228288.04169992005,15,6,4500,3012,300.0,502.0,0.03290579718382845,9.19890496353032e-05,1,0,0,Reconnaissance-PortScan
2026-08-31 10:15:30.000,14446,1360,6,233686.0761356089,10,7,12510,4417,1251.0,631.0,0.0724347820768442,7.274716697030492e-05,1,0,0,Reconnaissance-PortScan
2026-08-31 10:15:30.500,33944,1361,6,82089.82677202443,14,7,5740,6153,410.0,879.0,0.1448778791016314,0.0002558173262536164,1,0,0,Reconnaissance-PortScan
2026-08-31 10:15:31.000,55930,1362,6,800867.5900249565,9,9,12789,9315,1421.0,1035.0,0.027600068069972963,2.2475625464147364e-05,1,0,0,Reconnaissance-PortScan
2026-08-31 10:15:31.500,12180,1363,6,614181.1256774968,12,9,16032,13005,1336.0,1445.0,0.047277584389290396,3.41918680364741e-05,1,0,0,Reconnaissance-PortScan
2026-08-31 10:15:32.000,12132,1364,1,105596.24176961988,9,11,5787,2079,643.0,189.0,0.0744912874495704,0.00018940068001416322,1,0,0,Reconnaissance-PortScan
2026-08-31 10:15:32.500,32869,1365,17,228422.81519771487,8,16,3904,6256,488.0,391.0,0.04447891945802816,0.00010506831368038149,1,0,0,Reconnaissance-PortScan
2026-08-31 10:15:33.000,3824,1366,6,55915.7172928912,11,7,16280,3367,1480.0,481.0,0.35136811164513354,0.0003219130660972364,1,0,0,Reconnaissance-PortScan
2026-08-31 10:15:33.500,64320,1367,6,494708.4737564512,10,6,9000,2604,900.0,434.0,0.02345623860382504,3.234228004663914e-05,1,0,0,Reconnaissance-PortScan
2026-08-31 10:15:34.000,39102,1368,6,64696.796595930195,15,12,21765,17136,1451.0,1428.0,0.6012817023530077,0.0004173313273060129,1,0,0,Reconnaissance-PortScan
2026-08-31 10:15:34.500,43736,1369,6,2132003.3646448613,17,7,23817,315,1401.0,45.0,0.011318931480160492,1.1257017881810535e-05,1,0,0,Reconnaissance-PortScan
2026-08-31 10:15:35.000,3634,1370,17,758616.444064644,13,11,17862,6303,1374.0,573.0,0.03185404190582281,3.1636540688588764e-05,1,0,0,Reconnaissance-PortScan
2026-08-31 10:15:35.500,13091,1371,6,247343.7315961957,8,7,11136,1813,1392.0,259.0,0.0523522464705778,6.064435068798108e-05,1,0,0,Reconnaissance-PortScan
2026-08-31 10:15:36.000,34896,1372,6,432043.5955250423,9,7,9990,6370,1110.0,910.0,0.037866549045217975,3.7033299799724186e-05,1,0,0,Reconnaissance-PortScan
2026-08-31 10:15:36.500,11752,1373,17,1211483.4675295006,5,8,3475,408,695.0,51.0,0.003205161361290631,1.0730645814261705e-05,1,0,0,Reconnaissance-PortScan
2026-08-31 10:15:37.000,30590,1374,6,403829.47676294553,11,9,2068,7506,188.0,834.0,0.023708026656466718,4.952585472418366e-05,1,0,0,Reconnaissance-PortScan
2026-08-31 10:15:37.500,30807,1375,6,95882.09103286864,17,9,6613,13032,389.0,1448.0,0.20488706270722412,0.0002711663848504875,1,0,0,Reconnaissance-PortScan
2026-08-31 10:15:38.000,57537,1376,6,237973.31141513784,17,8,6154,5944,362.0,743.0,0.05083763354617106,0.00010505379721063618,1,0,0,Reconnaissance-PortScan
2026-08-31 10:15:38.500,21607,1377,6,926216.303392993,12,11,10848,5467,904.0,497.0,0.01761467590244026,2.4832212427589705e-05,1,0,0,Reconnaissance-PortScan
2026-08-31 10:15:39.000,21262,1378,6,516711.54337000335,14,7,16562,1848,1183.0,264.0,0.035629163381126164,4.0641631233223765e-05,1,0,0,Reconnaissance-PortScan
2026-08-31 10:15:39.500,8287,1379,6,525946.9693747765,6,10,6264,3750,1044.0,375.0,0.019039942395169273,3.0421317987088913e-05,1,0,0,Reconnaissance-PortScan
2026-08-31 10:15:40.000,61862,1380,6,1008032.4189271843,9,11,3933,2266,437.0,206.0,0.006149603805933043,1.9840631733934644e-05,1,0,0,Reconnaissance-PortScan
2026-08-31 10:15:40.500,2938,1381,17,1122031.0211425007,12,14,8220,19306,685.0,1379.0,0.02453229855599403,2.317226485707494e-05,1,0,0,Reconnaissance-PortScan
2026-08-31 10:15:41.000,24773,1382,6,1261569.5735973555,8,8,10080,9432,1260.0,1179.0,0.015466447834666004,1.268261405056663e-05,1,0,0,Reconnaissance-PortScan
2026-08-31 10:15:41.500,20480,1383,6,49826.85593766578,7,10,3164,5370,452.0,537.0,0.171273098366139,0.0003411814708488825,1,0,0,Reconnaissance-PortScan
2026-08-31 10:15:42.000,26606,1384,6,392769.41387285094,15,9,1140,1683,76.0,187.0,0.00718742320613081,6.110455435605365e-05,1,0,0,Reconnaissance-PortScan
2026-08-31 10:15:42.500,1430,1385,6,674517.6338393351,8,11,1808,825,226.0,75.0,0.0039035302679546035,2.8168277664693303e-05,1,0,0,Reconnaissance-PortScan
2026-08-31 10:15:43.000,14713,1386,6,707196.4160438392,12,7,5508,10290,459.0,1470.0,0.022338914114063173,2.6866651991847088e-05,1,0,0,Reconnaissance-PortScan
2026-08-31 10:15:43.500,33958,1387,6,466611.89766658354,14,13,10696,18824,764.0,1448.0,0.06326456772103313,5.786393389118883e-05,1,0,0,Reconnaissance-PortScan
2026-08-31 10:15:44.000,34300,1388,6,91233.18474960866,7,12,8211,12348,1173.0,1029.0,0.22534563551816303,0.00020825755507782956,1,0,0,Reconnaissance-PortScan
2026-08-31 10:15:44.500,51837,1389,1,798311.571580673,13,7,2938,10318,226.0,1474.0,0.016605045538281255,2.5052874982319333e-05,1,0,0,Reconnaissance-PortScan
2026-08-31 10:15:45.000,64824,1390,6,636681.6872903974,15,9,7650,3123,510.0,347.0,0.0169205432084575,3.769544574426622e-05,1,0,0,Reconnaissance-PortScan
2026-08-31 10:15:45.500,37456,1391,6,45036.632557337514,10,9,11410,6129,1141.0,681.0,0.3894385303736059,0.0004218787888191181,1,0,0,Reconnaissance-PortScan
2026-08-31 10:15:46.000,20897,1392,17,311633.188063829,10,6,14370,1674,1437.0,279.0,0.05148360512937094,5.1342413492267204e-05,1,0,0,Reconnaissance-PortScan
2026-08-31 10:15:46.500,14074,1393,6,95566.57224086265,5,8,4245,7648,849.0,956.0,0.12444728025591234,0.0001360308284980123,1,0,0,Reconnaissance-PortScan
2026-08-31 10:15:47.000,1704,1394,6,205850.0368707837,10,11,3690,10384,369.0,944.0,0.06837016020624198,0.00010201601281306534,1,0,0,Reconnaissance-PortScan
2026-08-31 10:15:47.500,19932,1395,6,9123.276329167064,9,6,10692,8580,1188.0,1430.0,2.112399020214211,0.001644146186343564,1,0,0,Reconnaissance-PortScan
2026-08-31 10:15:48.000,19528,1396,6,255687.77781770157,14,11,19306,9845,1379.0,895.0,0.11401014255614428,9.77754987445922e-05,1,0,0,Reconnaissance-PortScan
2026-08-31 10:15:48.500,22668,1397,6,399117.1125363298,6,7,5982,2401,997.0,343.0,0.021003860111427557,3.257189328981967e-05,1,0,0,Reconnaissance-PortScan
2026-08-31 10:15:49.000,63045,1398,6,483243.09458835365,8,9,2872,5904,359.0,656.0,0.018160631984393178,3.517898173822744e-05,1,0,0,Reconnaissance-PortScan
2026-08-31 10:15:49.500,38149,1399,6,544564.2191347342,11,7,5654,8610,514.0,1230.0,0.026193421268849316,3.30539528070168e-05,1,0,0,Reconnaissance-PortScan
2026-08-31 10:15:50.000,2387,22,6,904833.36502684,11,11,9515,6523,865.0,593.0,0.017724810578074804,2.4313869105726754e-05,1,1,1,SSH-Bruteforce
2026-08-31 10:15:50.500,43315,22,6,121330.7129664187,7,6,3871,4830,553.0,805.0,0.07171308720234,0.00010714517108727963,1,1,0,SSH-Bruteforce
2026-08-31 10:15:51.000,36084,22,6,64190.523477482595,8,11,2984,15004,373.0,1364.0,0.2802282801682982,0.0002959938471868838,1,1,1,SSH-Bruteforce
2026-08-31 10:15:51.500,2562,22,6,953710.3339422807,11,13,12474,12181,1134.0,937.0,0.02585166493669725,2.5164873594838126e-05,1,0,0,SSH-Bruteforce
2026-08-31 10:15:52.000,37200,22,6,85164.56605443072,10,8,5040,8088,504.0,1011.0,0.15414861610482572,0.0002113555065422656,1,1,1,SSH-Bruteforce
2026-08-31 10:15:52.500,57918,22,6,1839664.231913008,11,11,15829,13948,1439.0,1268.0,0.01618610585741181,1.1958703995132478e-05,1,0,0,SSH-Bruteforce
2026-08-31 10:15:53.000,42544,22,1,924286.2882599038,16,10,12208,2340,763.0,234.0,0.015739712018482083,2.8129812515846452e-05,1,1,1,SSH-Bruteforce
2026-08-31 10:15:53.500,26699,22,6,347450.9655067964,9,9,423,11106,47.0,1234.0,0.03318166056281305,5.1805871292448166e-05,1,0,0,SSH-Bruteforce
2026-08-31 10:15:54.000,19311,22,6,1992873.1198560125,12,6,2436,8790,203.0,1465.0,0.005633073118450592,9.032185652245738e-06,1,0,1,SSH-Bruteforce
2026-08-31 10:15:54.500,1198,22,6,51225.00492822375,13,11,10660,12122,820.0,1102.0,0.4447437345779585,0.0004685211847015628,1,1,0,SSH-Bruteforce
2026-08-31 10:15:55.000,27756,22,6,180532.1107804936,17,10,23086,6850,1358.0,685.0,0.1658209161180226,0.0001495578813197024,1,0,1,SSH-Bruteforce
2026-08-31 10:15:55.500,36022,22,17,508365.5952222431,7,12,2779,3492,397.0,291.0,0.01233561055038577,3.737467715792212e-05,1,0,0,SSH-Bruteforce
2026-08-31 10:15:56.000,38079,22,1,215396.7415150488,12,13,1440,17498,120.0,1346.0,0.0879214785976587,0.00011606489412511709,1,1,1,SSH-Bruteforce
2026-08-31 10:15:56.500,54336,22,6,1318138.4631263246,7,12,5691,2952,813.0,246.0,0.006556974279800014,1.4414267189193598e-05,1,0,0,SSH-Bruteforce
2026-08-31 10:15:57.000,13136,22,6,33939.29350439305,9,4,12042,2156,1338.0,539.0,0.4183351664046537,0.0003830368476729467,1,0,1,SSH-Bruteforce
2026-08-31 10:15:57.500,40898,22,6,398600.7548931429,9,10,8640,12060,960.0,1206.0,0.05193166281140122,4.766674364331513e-05,1,0,0,SSH-Bruteforce
2026-08-31 10:15:58.000,10713,22,17,446856.6008999014,20,7,18760,406,938.0,58.0,0.04289071697939266,6.042206816464582e-05,1,0,1,SSH-Bruteforce
2026-08-31 10:15:58.500,45838,22,6,528823.6504251445,15,12,14415,10296,961.0,858.0,0.04672824292118264,5.105671801513218e-05,1,1,0,SSH-Bruteforce
2026-08-31 10:15:59.000,20579,22,6,147632.86009847018,18,7,19980,5082,1110.0,726.0,0.1697589546228815,0.00016933899391796496,1,1,1,SSH-Bruteforce
2026-08-31 10:15:59.500,51743,22,6,226723.86088903883,10,8,14550,472,1455.0,59.0,0.06625681099656894,7.939173198896557e-05,1,1,0,SSH-Bruteforce
2026-08-31 10:16:00.000,65375,22,6,927926.7395156432,12,10,10368,4870,864.0,487.0,0.01642155501175629,2.370876822802457e-05,1,0,1,SSH-Bruteforce
2026-08-31 10:16:00.500,34943,22,6,108420.95482182884,11,10,11627,12890,1057.0,1289.0,0.22612787387851532,0.0001936894951033496,1,1,0,SSH-Bruteforce
2026-08-31 10:16:01.000,8643,22,6,876850.0434639376,3,9,3426,10476,1142.0,1164.0,0.015854478315268747,1.368535029371493e-05,1,0,1,SSH-Bruteforce
2026-08-31 10:16:01.500,7057,22,6,413516.944325329,11,7,7909,5446,719.0,778.0,0.03229613727550223,4.352905061467916e-05,1,1,0,SSH-Bruteforce
2026-08-31 10:16:02.000,42352,22,6,718136.3889985875,13,7,14118,2331,1086.0,333.0,0.02290511976799898,2.7849862931483953e-05,1,0,1,SSH-Bruteforce
2026-08-31 10:16:02.500,5970,22,6,625195.782210051,10,8,12910,832,1291.0,104.0,0.021980314632326185,2.8790981180459272e-05,1,1,0,SSH-Bruteforce
2026-08-31 10:16:03.000,25642,22,6,116288.639276708,11,7,5247,3766,477.0,538.0,0.07750542146923377,0.000154787261338756,1,0,1,SSH-Bruteforce
2026-08-31 10:16:03.500,35699,22,6,420606.3985039436,18,9,24498,1035,1361.0,115.0,0.06070521059644211,6.419303200187745e-05,1,0,0,SSH-Bruteforce
2026-08-31 10:16:04.000,37282,22,6,1011429.1127409912,13,9,12805,8460,985.0,940.0,0.021024706261579932,2.1751400787903058e-05,1,0,1,SSH-Bruteforce
2026-08-31 10:16:04.500,19943,22,6,282919.2617299937,6,11,7938,7414,1323.0,674.0,0.054262830694463915,6.008781408323909e-05,1,0,0,SSH-Bruteforce
2026-08-31 10:16:05.000,5197,22,6,1699461.5382776298,12,12,9780,14256,815.0,1188.0,0.014143303310187632,1.4122120129992643e-05,1,1,1,SSH-Bruteforce
2026-08-31 10:16:05.500,44857,22,6,300936.29376171925,10,6,7150,396,715.0,66.0,0.02507507454625648,5.3167398984906394e-05,1,0,0,SSH-Bruteforce
2026-08-31 10:16:06.000,27424,22,6,77033.62970968471,12,8,588,10712,49.0,1339.0,0.14668918031149797,0.000259626867807961,1,0,1,SSH-Bruteforce
2026-08-31 10:16:06.500,51469,22,6,246684.9985075385,8,8,1576,5752,197.0,719.0,0.02970590041566311,6.486004457568365e-05,1,0,0,SSH-Bruteforce
2026-08-31 10:16:07.000,5793,22,6,1515186.7706575033,18,7,16326,854,907.0,122.0,0.011338536167677526,1.649961607636427e-05,1,1,1,SSH-Bruteforce
2026-08-31 10:16:07.500,38588,22,17,192626.02468690337,10,11,8230,5775,823.0,525.0,0.07270564827383443,0.0001090195368618724,1,1,0,SSH-Bruteforce
2026-08-31 10:16:08.000,46838,22,6,1012848.6341931131,15,10,18315,450,1221.0,45.0,0.01852695394585183,2.4682858973956605e-05,1,1,1,SSH-Bruteforce
2026-08-31 10:16:08.500,15235,22,17,1065370.2882814675,15,14,5385,14112,359.0,1008.0,0.018300679317110772,2.722058266380532e-05,1,0,0,SSH-Bruteforce
2026-08-31 10:16:09.000,24279,22,6,215534.95889210465,15,6,18975,2442,1265.0,407.0,0.09936671113166166,9.743199018372764e-05,1,0,1,SSH-Bruteforce
2026-08-31 10:16:09.500,28986,22,6,43464.41277161916,7,7,1120,3570,160.0,510.0,0.10790436819115092,0.0003221025916153759,1,1,0,SSH-Bruteforce
2026-08-31 10:16:10.000,20380,22,6,644688.934533649,9,8,1602,5824,178.0,728.0,0.011518733457487659,2.6369306326055773e-05,1,0,1,SSH-Bruteforce
2026-08-31 10:16:10.500,21330,22,6,186628.9122323049,15,19,10695,7771,713.0,409.0,0.09894501220703221,0.00018217970405280489,1,1,0,SSH-Bruteforce
2026-08-31 10:16:11.000,6021,22,6,763752.9896761742,10,8,14020,11224,1402.0,1403.0,0.03305257110728005,2.3567829184401876e-05,1,0,1,SSH-Bruteforce
2026-08-31 10:16:11.500,57208,22,6,292285.284478043,10,10,13230,3170,1323.0,317.0,0.05610956442342174,6.84262980773436e-05,1,0,0,SSH-Bruteforce
2026-08-31 10:16:12.000,18400,22,6,332053.2293976353,10,10,14960,3790,1496.0,379.0,0.0564668503102619,6.0231306997612695e-05,1,1,1,SSH-Bruteforce
2026-08-31 10:16:12.500,41904,22,6,752334.9513208136,18,6,1494,5124,83.0,854.0,0.008796613779930532,3.190068460536911e-05,1,0,0,SSH-Bruteforce
2026-08-31 10:16:13.000,39079,22,6,240927.4543765256,10,5,12220,3265,1222.0,653.0,0.06427245927380718,6.225940517320681e-05,1,0,1,SSH-Bruteforce
2026-08-31 10:16:13.500,11602,22,6,292709.34617233934,9,10,7695,11430,855.0,1143.0,0.06533785220539674,6.491080741974055e-05,1,0,0,SSH-Bruteforce
2026-08-31 10:16:14.000,19648,22,6,235955.09781014582,14,9,19852,7488,1418.0,832.0,0.11586950336135401,9.747617327399936e-05,1,1,1,SSH-Bruteforce
2026-08-31 10:16:14.500,51652,22,6,228911.47020281412,14,2,1918,1284,137.0,642.0,0.01398794039033155,6.989601694106958e-05,1,0,0,SSH-Bruteforce
2026-08-31 10:16:15.000,40218,445,6,373217.62833953317,70,8,19460,848,278.0,106.0,0.05441329256018086,0.00020899334349488416,1,0,0,DoS-DoS attack-HOIC
2026-08-31 10:16:15.500,45391,445,6,827216.1865201734,70,6,35980,1524,514.0,254.0,0.04533760413624596,9.187441111227317e-05,0,0,0,DoS-DoS attack-HOIC
2026-08-31 10:16:16.000,1413,445,6,224526.9570513162,40,8,22520,3640,563.0,455.0,0.1165116222229652,0.00021378279306966092,0,0,0,DoS-DoS attack-HOIC
2026-08-31 10:16:16.500,34791,445,6,371436.347581243,85,10,50660,12080,596.0,1208.0,0.16891184830689723,0.00025576387614209816,0,1,0,DoS-DoS attack-HOIC
2026-08-31 10:16:17.000,46604,445,1,555434.5367167047,70,8,101850,4728,1455.0,591.0,0.1918821984460799,0.00014043059054208402,1,1,0,DoS-DoS attack-HOIC
2026-08-31 10:16:17.500,49391,445,17,156971.57886712882,80,5,3840,6745,48.0,1349.0,0.06743258923505842,0.0005414992994785041,1,1,0,DoS-DoS attack-HOIC
2026-08-31 10:16:18.000,2879,445,6,162534.71168622177,65,8,94380,4880,1452.0,610.0,0.6107003172683351,0.000449134829343023,0,0,0,DoS-DoS attack-HOIC
2026-08-31 10:16:18.500,41917,445,6,1354623.9116586559,40,3,50920,1737,1273.0,579.0,0.03887204378013373,3.174312783762368e-05,1,1,0,DoS-DoS attack-HOIC
2026-08-31 10:16:19.000,14818,445,6,642834.7525049535,50,8,55850,8880,1117.0,1110.0,0.10069461824638092,9.022536471945147e-05,0,1,0,DoS-DoS attack-HOIC
2026-08-31 10:16:19.500,59026,445,6,430412.25614634063,60,9,39300,11700,655.0,1300.0,0.11849104961703281,0.00016031142007010322,1,0,0,DoS-DoS attack-HOIC
2026-08-31 10:16:20.000,36555,445,6,521664.5597630094,45,7,8595,1092,191.0,156.0,0.018569404071104773,9.968091377076991e-05,0,0,0,DoS-DoS attack-HOIC
2026-08-31 10:16:20.500,53839,445,6,14868.62227897426,60,8,26940,1520,449.0,190.0,1.9140979874849835,0.004573389428987312,1,0,0,DoS-DoS attack-HOIC
2026-08-31 10:16:21.000,6010,445,17,481302.1250320643,70,4,3430,4584,49.0,1146.0,0.016650664069475282,0.00015374958087611317,1,1,0,DoS-DoS attack-HOIC
2026-08-31 10:16:21.500,33322,445,6,356174.04515091,45,9,44820,10080,996.0,1120.0,0.15413812641849756,0.00015161127188704677,1,0,0,DoS-DoS attack-HOIC
2026-08-31 10:16:22.000,2505,445,6,394553.4333813251,35,8,20685,8184,591.0,1023.0,0.0731687968138075,0.00010898397114530198,1,1,0,DoS-DoS attack-HOIC
2026-08-31 10:16:22.500,57432,445,6,222693.61852603592,75,8,44625,11584,595.0,1448.0,0.25240507729638584,0.0003727093777793596,1,0,0,DoS-DoS attack-HOIC
2026-08-31 10:16:23.000,4755,445,6,42492.478172638555,75,11,68925,14113,919.0,1283.0,1.9541811527934703,0.002023887607363357,1,1,0,DoS-DoS attack-HOIC
2026-08-31 10:16:23.500,57438,445,6,107426.0314606855,40,7,12280,9436,307.0,1348.0,0.20214839646129792,0.0004375103441555076,0,0,0,DoS-DoS attack-HOIC
2026-08-31 10:16:24.000,17859,445,6,1505369.2855948014,55,7,57915,7301,1053.0,1043.0,0.04332226027436094,4.118590740018367e-05,0,0,0,DoS-DoS attack-HOIC
2026-08-31 10:16:24.500,60843,445,6,262715.51793654327,30,10,21180,4730,706.0,473.0,0.09862378972707697,0.00015225594708927358,0,1,0,DoS-DoS attack-HOIC
2026-08-31 10:16:25.000,28822,445,6,314319.7885415952,25,5,12250,1795,490.0,359.0,0.044683791830989125,9.544419757420247e-05,1,0,0,DoS-DoS attack-HOIC
2026-08-31 10:16:25.500,27137,445,17,27074.890317307065,50,6,31650,1686,633.0,281.0,1.2312515248262386,0.0020683370947405014,0,1,0,DoS-DoS attack-HOIC
2026-08-31 10:16:26.000,20501,445,6,19145.01255176631,85,7,107100,3528,1260.0,504.0,5.778423996489324,0.004805429074709999,1,0,0,DoS-DoS attack-HOIC
2026-08-31 10:16:26.500,18290,445,6,631474.8713046646,70,14,30590,3388,437.0,242.0,0.05380736675912592,0.00013302192029450164,0,1,0,DoS-DoS attack-HOIC
2026-08-31 10:16:27.000,21816,445,6,386197.65479522984,65,7,62400,4116,960.0,588.0,0.17223305002601805,0.00018643303268196072,0,1,0,DoS-DoS attack-HOIC
2026-08-31 10:16:27.500,21476,445,17,355356.2601263522,85,10,94775,7970,1115.0,797.0,0.2891323765073849,0.0002673373474933239,0,0,0,DoS-DoS attack-HOIC
2026-08-31 10:16:28.000,63303,445,6,139278.27212950535,75,3,107325,3594,1431.0,1198.0,0.7963840898952291,0.0005600299228430464,1,0,0,DoS-DoS attack-HOIC
2026-08-31 10:16:28.500,44550,445,6,682757.3441341477,30,6,43110,5382,1437.0,897.0,0.07102376915591564,5.2727371310998995e-05,1,0,0,DoS-DoS attack-HOIC
2026-08-31 10:16:29.000,53453,445,17,92103.61424301902,40,9,44880,7425,1122.0,825.0,0.5678930237885373,0.0005320095242450689,0,1,0,DoS-DoS attack-HOIC
2026-08-31 10:16:29.500,50103,445,17,105320.23558962539,70,5,23310,2900,333.0,580.0,0.2488600585706744,0.0007121138646623647,1,1,0,DoS-DoS attack-HOIC
2026-08-31 10:16:30.000,42358,445,6,308752.9228416583,45,10,37215,5260,827.0,526.0,0.13756954786921094,0.00017813596545748328,0,1,0,DoS-DoS attack-HOIC
2026-08-31 10:16:30.500,62914,445,17,168632.17861131675,40,7,39640,4277,991.0,611.0,0.26043072181745786,0.00027871311622880706,1,1,0,DoS-DoS attack-HOIC
2026-08-31 10:16:31.000,12913,445,6,142152.54459727675,55,10,49940,8790,908.0,879.0,0.41314772213366086,0.0004572552688351431,0,1,0,DoS-DoS attack-HOIC
2026-08-31 10:16:31.500,25359,445,6,518153.56747308996,80,5,11920,3500,149.0,700.0,0.029759517192754315,0.00016404403121816582,1,1,0,DoS-DoS attack-HOIC
2026-08-31 10:16:32.000,12278,445,6,526301.2003987745,35,6,5110,2664,146.0,444.0,0.01477100944090948,7.790215938735383e-05,0,1,0,DoS-DoS attack-HOIC
2026-08-31 10:16:32.500,22098,445,6,870106.7523119544,50,4,52600,5984,1052.0,1496.0,0.06732966942695662,6.206135035258188e-05,1,0,0,DoS-DoS attack-HOIC
2026-08-31 10:16:33.000,12466,445,6,270392.10627423384,40,10,13440,6960,336.0,696.0,0.07544598945708754,0.00018491664082619493,1,1,0,DoS-DoS attack-HOIC
2026-08-31 10:16:33.500,47313,445,6,37946.75472956475,60,10,52680,13130,878.0,1313.0,1.7342721519050994,0.001844690026338808,0,0,0,DoS-DoS attack-HOIC
2026-08-31 10:16:34.000,54771,445,6,159872.92240250067,65,8,75270,9144,1158.0,1143.0,0.5280068614883815,0.0004566126577185283,1,1,0,DoS-DoS attack-HOIC
2026-08-31 10:16:34.500,38351,445,6,1956148.1012919683,35,10,35840,9880,1024.0,988.0,0.023372463449761186,2.3004393159213768e-05,1,1,0,DoS-DoS attack-HOIC
2026-08-31 10:16:35.000,17223,445,6,453490.32181863283,25,17,22100,918,884.0,54.0,0.05075742279831532,9.261498642493889e-05,1,1,0,DoS-DoS attack-HOIC
2026-08-31 10:16:35.500,8315,445,6,618484.0812922564,65,12,7670,12168,118.0,1014.0,0.03207519902247099,0.0001244979496285042,1,0,0,DoS-DoS attack-HOIC
2026-08-31 10:16:36.000,41952,445,6,3692.5159847128007,60,9,78780,9927,1313.0,1103.0,24.023457211022727,0.01868644579977418,1,1,0,DoS-DoS attack-HOIC
2026-08-31 10:16:36.500,1136,445,6,365119.04315184563,45,11,34605,12584,769.0,1144.0,0.1292427795366527,0.0001533746350643699,1,1,0,DoS-DoS attack-HOIC
2026-08-31 10:16:37.000,22539,445,6,19125.493661235043,60,8,22680,2768,378.0,346.0,1.3305800329888517,0.003555463778813342,1,1,0,DoS-DoS attack-HOIC
2026-08-31 10:16:37.500,20605,445,6,421090.7331810655,55,12,5280,8928,96.0,744.0,0.03374094673689546,0.0001591106018702137,1,0,0,DoS-DoS attack-HOIC
2026-08-31 10:16:38.000,49716,445,1,1267705.4938643575,35,7,33565,3052,959.0,436.0,0.02888446896928027,3.3130723344615105e-05,1,0,0,DoS-DoS attack-HOIC
2026-08-31 10:16:38.500,60746,445,6,1727601.8686488483,45,9,8370,6453,186.0,717.0,0.008580101856168526,3.125720166181613e-05,0,1,0,DoS-DoS attack-HOIC
2026-08-31 10:16:39.000,27524,445,6,388865.4900386941,70,6,54950,6054,785.0,1009.0,0.15687686760879968,0.0001954403307696016,1,1,0,DoS-DoS attack-HOIC
2026-08-31 10:16:39.500,33050,445,6,306433.60921109084,85,13,91800,11752,1080.0,904.0,0.3379263791044786,0.00031980826205422303,1,1,0,DoS-DoS attack-HOIC
